0,"285;30;18;15;28;2;14;7;21;2;4;2;6;2;8;4;40;6;5;7;3;2;2;3;18;3;1;0;14;1;3;7;30;4;2;1;5;1;0;0;2;0;0;0;0;0;1;2;26;4;1;0;3;3;0;1;8;5;1;2;5;6;4;4;32;3;8;3;5;2;6;2;9;3;0;0;5;3;1;0;6;2;2;3;1;0;0;1;5;2;2;2;2;2;1;7;21;4;2;2;6;1;1;1;8;1;0;1;1;3;4;4;20;7;3;6;5;3;2;15;11;2;2;8;11;15;11;39;285;30;18;15;28;2;14;7;21;2;4;2;6;2;8;4;40;6;5;7;3;2;2;3;18;3;1;0;14;1;3;7;30;4;2;1;5;1;0;0;2;0;0;0;0;0;1;2;26;4;1;0;3;3;0;1;8;5;1;2;5;6;4;4;32;3;8;3;5;2;6;2;9;3;0;0;5;3;1;0;6;2;2;3;1;0;0;1;5;2;2;2;2;2;1;7;21;4;2;2;6;1;1;1;8;1;0;1;1;3;4;4;20;7;3;6;5;3;2;15;11;2;2;8;11;15;11;39;287;30;18;15;27;2;14;7;21;2;4;2;6;2;8;4;39;6;5;7;3;2;2;3;18;3;1;0;14;1;3;7;30;4;2;2;5;1;0;0;2;0;0;0;0;0;1;2;26;4;1;0;3;3;0;1;8;5;1;2;5;6;4;3;32;3;8;3;5;2;6;2;9;3;0;0;5;3;1;0;6;2;2;3;1;0;0;1;5;2;2;2;2;2;1;7;22;4;4;2;6;1;1;1;8;1;0;2;1;3;3;4;19;7;3;6;5;3;2;15;11;2;2;8;11;15;10;38"
1,"280;17;17;8;25;4;7;4;23;1;5;2;13;1;3;6;43;4;6;3;4;1;4;1;25;7;1;0;16;1;9;10;34;4;2;2;3;0;1;1;5;0;1;0;3;1;3;1;23;10;2;3;1;0;1;3;29;4;2;5;10;4;2;4;35;1;1;1;3;0;2;5;5;1;2;0;3;1;2;2;4;2;2;4;1;0;1;1;2;3;1;1;5;3;4;10;12;3;0;2;5;1;3;1;2;1;0;1;3;1;2;3;18;3;1;3;8;2;2;10;23;8;5;3;24;12;11;28;279;15;17;7;24;3;8;3;23;1;5;2;12;3;3;5;44;4;7;3;3;1;2;2;24;7;1;2;15;1;11;6;35;5;2;2;3;0;2;1;5;0;1;0;3;0;3;2;26;9;1;3;1;0;0;3;24;4;2;4;12;3;2;4;35;2;1;2;4;0;2;4;5;1;2;0;3;1;2;2;4;2;1;3;2;0;1;1;2;3;1;1;4;3;4;11;11;3;0;2;5;1;2;1;2;1;0;1;3;1;1;3;19;4;1;4;6;3;2;13;26;7;5;2;25;13;10;33;265;17;15;9;27;3;9;9;23;1;4;2;14;1;5;10;41;4;6;2;1;1;1;2;25;7;1;0;24;0;11;7;34;3;2;2;3;0;1;2;5;0;1;0;2;0;2;2;25;5;1;4;2;0;1;4;25;4;2;4;13;5;3;3;34;4;0;1;2;0;2;2;4;1;2;0;5;1;2;2;5;1;1;3;2;0;1;1;3;3;1;1;3;3;5;14;12;4;0;2;6;1;2;1;2;1;0;1;4;1;1;3;17;6;2;5;8;2;3;9;26;6;6;4;20;12;11;30"
2,"261;29;26;9;23;3;11;15;23;3;1;1;9;1;4;6;38;2;0;6;6;1;0;2;13;2;1;3;10;5;9;8;37;2;2;1;4;0;1;2;5;0;1;0;3;0;0;3;14;2;3;3;0;1;0;1;6;1;0;1;7;4;5;2;50;12;3;2;6;1;4;8;4;2;1;2;3;1;2;2;9;5;0;0;1;1;0;2;3;5;3;2;2;10;1;13;18;11;1;4;3;0;1;8;1;1;0;0;7;3;1;4;27;13;2;7;1;1;4;6;10;8;2;7;18;14;8;31;264;32;25;10;24;4;8;7;23;3;1;1;11;2;6;8;32;4;1;4;6;1;0;3;15;3;2;4;14;2;7;8;36;2;4;0;3;0;1;3;4;0;0;0;3;0;0;2;15;1;2;2;3;0;1;1;8;1;0;0;8;3;6;5;48;14;3;3;4;2;5;7;4;0;1;2;1;0;0;2;10;1;0;0;2;0;0;2;3;4;3;2;0;9;1;10;21;7;1;2;2;0;1;6;1;2;0;0;6;3;1;5;37;12;3;8;1;1;4;7;13;8;2;9;21;13;8;27;260;33;22;15;24;4;11;12;25;3;1;2;13;2;6;6;37;3;0;3;5;1;0;1;13;2;1;3;13;6;8;10;35;0;2;1;3;1;2;3;4;1;0;0;2;0;1;1;13;1;3;2;0;0;0;1;7;1;0;0;6;4;3;2;48;12;2;1;4;3;5;7;3;0;2;2;2;0;0;3;8;1;0;0;0;2;0;2;1;4;2;2;3;7;1;12;19;10;1;2;3;0;1;4;1;2;0;1;6;3;1;4;42;17;2;7;3;0;4;9;14;5;1;7;20;10;10;32"
3,"324;25;15;13;17;4;5;9;20;5;2;2;5;3;2;3;24;6;5;4;4;1;1;1;9;4;2;3;7;1;3;4;27;6;2;0;3;0;3;2;2;1;0;4;1;0;1;1;18;4;3;2;1;0;3;1;7;1;0;0;3;2;0;3;40;13;5;4;6;3;3;11;3;0;1;2;2;0;3;1;6;2;2;0;3;0;0;3;5;4;0;2;4;8;1;10;25;4;1;8;5;1;0;3;4;4;1;0;5;3;0;2;24;8;3;10;2;2;3;19;6;7;5;7;12;16;4;49;325;26;16;12;17;4;4;9;22;5;2;1;5;3;2;2;25;6;5;4;4;1;1;1;7;4;2;3;7;1;3;4;27;6;2;0;3;0;3;2;2;1;0;5;1;0;1;1;18;4;2;2;1;0;3;1;7;1;0;0;3;2;0;3;40;13;5;4;6;3;3;10;3;0;1;2;2;0;3;1;6;2;2;0;2;0;0;3;5;4;0;2;4;8;1;10;24;4;1;8;5;1;0;3;4;4;1;1;5;3;0;2;26;7;4;10;3;2;3;19;6;7;5;6;12;16;4;49;321;27;17;13;19;4;5;11;20;5;2;2;5;3;2;3;23;6;5;4;4;1;1;2;8;4;2;3;7;1;3;4;28;6;2;0;3;0;3;2;2;1;0;4;1;0;1;1;17;3;2;2;1;0;3;2;7;1;0;0;3;2;0;4;40;13;5;4;6;3;3;11;3;0;1;2;2;0;3;1;6;2;1;0;2;0;0;3;5;4;0;2;4;8;1;10;23;4;1;8;4;1;0;3;5;4;1;0;5;3;0;2;24;7;3;10;2;2;3;19;6;7;5;7;12;16;4;50"
4,"263;32;18;13;22;4;14;15;32;0;0;1;13;2;0;5;35;3;5;6;5;0;3;1;14;2;3;3;7;1;6;10;27;5;0;2;2;0;1;1;2;1;1;0;1;0;1;1;19;4;5;2;2;0;1;2;12;1;0;1;7;1;5;3;47;15;2;3;10;1;5;3;5;1;1;0;2;3;1;6;5;3;1;0;1;3;2;2;3;1;0;1;2;5;2;11;23;3;4;5;2;1;2;4;4;1;0;0;2;2;1;3;20;19;2;10;4;4;4;11;9;9;1;1;17;14;7;40;266;34;16;13;23;4;13;11;31;1;1;1;13;3;0;4;34;2;5;6;5;0;2;4;16;3;3;1;4;3;6;8;28;5;2;2;1;0;1;1;2;0;0;0;1;0;1;1;17;3;6;3;2;0;1;3;12;1;0;1;2;4;6;1;45;13;1;4;7;1;5;6;4;1;1;0;2;3;1;2;4;3;1;2;1;4;2;2;4;2;0;3;2;7;2;10;20;4;4;6;3;3;2;4;5;1;0;1;4;2;1;3;28;19;1;9;4;0;1;12;10;9;1;1;15;13;6;44;234;32;15;14;22;2;15;25;33;1;0;1;12;2;0;7;32;3;6;5;6;1;4;4;12;2;4;2;21;1;8;10;23;7;1;2;1;0;1;1;2;0;0;0;0;1;3;1;21;5;5;3;3;0;2;5;12;1;1;1;12;1;6;3;44;16;1;6;8;3;4;5;3;2;0;0;2;3;1;2;4;2;1;0;2;3;2;2;3;1;0;3;3;5;1;12;24;2;3;5;3;1;2;4;3;1;0;2;3;1;1;1;23;13;1;7;1;0;2;12;11;9;1;2;11;17;11;43"
5,"290;44;25;19;14;6;9;13;19;7;4;2;4;5;9;9;15;5;6;1;2;1;2;8;9;4;3;1;5;2;3;3;24;9;5;1;5;2;1;0;2;0;0;2;3;1;0;2;9;5;1;4;0;1;3;2;5;1;1;3;3;2;3;5;30;25;6;18;10;1;5;10;2;2;0;1;2;2;9;9;3;4;2;4;3;1;1;1;1;1;1;3;6;6;1;13;12;10;1;7;7;1;2;11;2;1;2;1;3;2;1;4;8;8;0;6;4;6;3;9;9;7;0;0;5;10;5;40;281;45;25;21;15;4;10;13;20;8;3;3;5;5;9;6;18;5;6;2;3;1;2;7;9;3;3;1;5;2;3;2;24;6;5;1;5;2;1;1;2;0;0;2;3;1;0;2;13;5;1;5;0;1;3;1;5;2;1;2;3;2;3;8;25;25;6;15;7;3;6;7;3;1;0;2;1;3;10;11;1;4;2;4;3;1;0;4;2;1;1;3;8;8;2;12;12;9;1;7;9;1;1;12;2;1;2;2;3;2;1;3;9;6;0;5;3;6;3;11;11;6;0;0;4;11;6;39;279;42;27;21;16;4;8;18;16;7;4;2;4;5;10;11;16;5;6;1;3;1;2;7;8;3;3;1;5;2;3;2;23;8;5;1;5;2;1;0;2;0;0;2;3;1;0;2;12;4;1;4;0;1;5;2;6;1;0;2;3;2;3;6;23;35;6;18;6;5;5;9;5;3;0;2;1;2;9;6;3;5;2;4;3;1;1;1;1;1;1;3;6;6;1;14;13;10;1;7;8;0;2;12;2;1;2;1;2;2;1;3;6;8;0;7;3;6;3;8;9;8;0;0;5;10;5;42"
6,"347;55;23;23;25;4;17;14;26;8;0;4;7;2;5;8;26;8;1;1;2;1;1;5;6;0;0;2;4;2;0;10;22;1;2;2;1;1;0;3;2;1;0;1;0;0;0;1;12;3;1;0;0;2;2;5;7;1;1;1;3;2;2;8;46;11;2;8;7;1;3;12;3;1;0;1;2;2;2;6;3;2;1;1;0;1;2;5;3;2;0;1;2;2;2;7;12;10;0;3;3;0;3;7;1;3;0;0;2;1;0;5;12;3;1;2;4;1;1;18;8;5;2;6;7;7;3;29;337;48;21;22;25;5;17;20;24;8;2;5;8;2;4;14;28;7;0;1;2;2;0;3;5;0;0;2;5;2;1;9;25;0;2;2;1;1;0;2;3;1;0;0;0;0;1;0;11;3;1;1;0;2;5;3;8;1;1;2;3;2;2;8;47;17;1;8;7;2;2;12;4;0;0;1;2;1;3;8;2;2;1;2;0;1;1;5;4;3;0;1;1;1;2;8;10;8;0;4;2;0;2;8;1;2;0;0;2;1;0;2;12;6;1;2;4;2;2;14;9;6;2;5;8;8;3;29;312;43;20;24;20;4;16;25;24;7;0;5;9;2;5;10;27;5;1;2;2;1;0;4;7;0;0;4;12;4;1;12;23;0;2;2;1;1;0;4;1;0;0;0;0;0;0;1;14;2;1;0;1;2;3;4;8;1;1;2;2;2;3;7;46;19;1;6;7;1;5;15;3;0;0;0;1;0;2;9;2;2;0;0;1;1;2;4;3;1;0;0;2;3;2;8;12;8;0;2;3;0;2;10;0;2;0;0;3;1;0;2;16;8;2;3;4;2;3;21;9;6;2;4;8;8;2;39"
7,"298;59;29;28;27;8;7;20;19;4;5;3;9;4;7;10;15;6;2;4;4;3;3;4;8;3;1;1;5;3;6;8;9;5;4;3;4;0;2;4;2;0;0;1;5;1;3;2;7;1;2;2;0;1;1;6;1;1;0;2;2;5;2;6;19;16;4;12;5;4;6;13;6;6;4;1;4;3;0;7;3;2;0;0;1;2;1;3;1;4;0;5;0;5;2;14;14;6;3;7;1;2;0;4;2;1;0;2;1;2;2;4;10;9;2;6;6;2;3;18;3;5;1;5;2;10;5;36;300;59;30;28;27;9;8;22;21;4;5;4;10;5;5;12;13;5;1;4;3;3;4;3;8;3;0;1;5;3;6;8;11;6;5;3;4;0;2;3;1;0;0;0;5;1;4;3;5;1;2;2;0;1;1;7;1;1;0;2;2;4;2;5;21;16;4;11;6;5;7;16;7;5;4;1;3;4;0;8;3;2;0;0;1;2;1;3;1;6;0;5;0;5;2;13;11;7;2;8;0;2;0;5;1;1;0;1;0;3;2;4;6;6;2;6;3;2;2;18;2;5;1;4;4;10;4;37;279;55;30;36;25;6;11;23;20;5;5;5;10;6;5;16;14;5;1;3;3;3;3;3;8;3;2;1;9;5;8;5;10;6;4;3;3;0;2;3;2;0;0;0;6;1;3;2;8;0;2;2;0;1;1;6;0;0;0;2;3;4;3;7;20;15;4;12;6;5;6;15;7;5;4;1;3;3;0;9;3;2;0;0;1;2;0;5;1;5;0;5;2;5;2;12;13;8;2;6;0;3;1;4;2;1;0;2;0;2;2;5;13;7;1;6;4;1;2;19;3;4;0;3;2;10;5;36"
8,"296;46;22;14;30;2;13;12;20;4;2;4;11;4;13;7;33;8;1;7;4;0;0;2;17;2;0;5;7;0;5;7;18;5;1;2;4;0;1;0;1;0;0;1;2;0;1;1;18;4;2;1;3;3;2;2;12;2;2;0;2;3;4;3;34;9;4;7;4;2;4;7;3;0;1;0;4;3;4;5;8;2;0;4;2;0;0;3;2;4;0;1;2;7;5;1;19;4;2;6;6;2;0;7;3;3;0;0;3;0;2;8;19;5;2;4;4;3;3;12;8;4;2;1;6;8;8;40;303;43;21;14;31;2;14;12;21;3;2;4;9;4;13;7;34;8;1;8;4;0;0;2;18;2;0;4;6;0;5;8;20;5;1;2;4;0;0;0;2;0;0;0;2;0;1;1;17;4;2;1;3;3;2;2;11;2;2;0;2;3;3;2;34;9;5;7;4;2;3;7;3;0;1;0;4;3;4;5;9;2;0;4;2;0;0;2;2;2;0;1;1;7;5;2;17;4;2;6;6;3;0;7;2;4;0;0;3;0;2;8;20;6;2;4;3;3;2;11;8;6;2;1;9;4;9;40;289;41;22;17;32;2;14;19;24;3;2;4;8;4;10;9;31;8;1;6;4;1;0;3;16;3;0;3;8;1;5;8;22;4;1;2;4;0;1;0;2;0;0;0;1;0;1;2;13;4;2;1;2;3;2;3;6;2;2;0;4;3;4;2;34;9;5;6;4;2;2;6;3;0;1;0;3;3;4;5;8;0;0;4;2;0;0;4;2;2;0;2;2;8;5;1;16;5;2;5;6;3;0;6;2;4;0;0;3;0;2;8;23;7;2;8;3;3;2;13;11;6;2;1;8;5;10;40"
9,"310;20;15;10;17;1;11;5;24;2;2;0;4;1;6;0;39;3;3;4;4;0;2;5;17;4;2;3;6;1;3;5;25;7;1;4;2;1;1;0;3;0;0;0;3;0;0;0;29;3;2;4;3;1;1;0;14;2;2;5;9;2;3;6;41;7;1;3;7;3;2;0;4;1;0;1;3;2;4;1;15;3;4;0;4;0;1;2;5;4;0;1;6;6;5;6;25;4;2;1;4;3;2;2;6;2;0;0;2;2;2;3;32;7;3;4;1;3;2;11;19;8;3;5;13;9;8;32;303;22;15;8;16;1;11;7;25;2;1;0;4;0;5;0;40;4;4;4;5;0;2;6;20;3;2;4;5;1;2;4;24;6;2;3;2;1;1;0;3;0;0;0;3;0;0;0;30;4;2;4;3;1;0;0;12;3;1;5;9;1;2;6;39;8;2;3;9;3;1;0;4;1;0;1;2;3;3;2;13;4;4;0;3;0;1;2;4;4;0;1;8;8;4;5;22;4;2;2;4;2;2;2;7;2;0;0;2;2;2;3;34;6;2;5;2;3;2;12;19;8;3;7;13;10;8;36;283;20;17;6;16;2;10;21;22;3;2;1;7;0;5;4;41;4;2;3;3;0;1;9;18;3;0;3;4;1;3;3;22;3;0;2;1;1;0;2;2;0;0;0;3;0;0;0;31;4;1;3;2;1;0;1;18;3;1;4;6;2;5;7;37;10;2;1;6;3;2;1;4;1;0;0;1;1;3;3;13;3;3;0;3;0;2;1;7;3;0;2;6;5;5;5;26;1;2;4;6;0;0;2;5;2;0;0;3;1;1;5;43;10;5;7;4;4;3;10;27;6;4;4;11;13;10;30"
10,"243;12;11;6;11;2;7;7;24;2;3;0;5;1;1;2;49;3;1;4;3;1;1;2;15;2;4;0;6;4;5;5;39;1;1;0;2;0;2;3;7;0;0;0;2;0;0;0;39;6;2;2;1;0;3;2;18;3;2;0;10;1;3;2;41;4;1;5;6;1;5;4;6;0;2;0;2;3;2;3;10;4;1;1;1;0;0;2;7;1;0;0;2;1;4;3;31;9;0;2;5;1;1;2;8;2;2;0;4;0;1;4;55;13;7;6;12;5;4;8;34;9;3;10;22;10;14;25;258;12;11;6;11;1;7;3;27;2;3;1;3;1;1;2;52;3;1;3;5;1;1;1;20;1;4;0;5;3;5;5;38;1;0;0;2;0;0;2;6;0;0;0;3;0;0;0;43;6;4;1;2;1;2;1;16;2;2;0;12;0;4;2;39;5;1;4;6;1;6;2;6;0;2;0;1;3;2;4;10;3;1;1;1;0;0;1;7;0;1;0;2;1;3;3;28;8;0;3;5;1;2;2;8;3;2;0;4;1;2;4;43;13;7;6;11;5;6;10;34;8;3;10;22;12;13;23;258;13;11;5;11;2;5;3;27;3;3;0;3;1;1;2;53;3;1;3;5;1;1;1;20;2;4;1;5;2;5;5;38;1;0;0;2;0;0;2;6;0;0;0;3;0;0;0;44;6;4;1;2;0;2;0;17;2;2;0;11;0;4;2;40;3;2;4;6;1;7;2;6;0;2;0;1;3;2;4;11;3;1;1;1;0;0;1;7;0;0;0;1;1;3;3;27;8;0;3;5;2;2;2;8;3;2;0;5;0;1;4;44;14;7;6;14;5;5;7;32;9;3;10;25;11;13;22"
11,"334;47;24;30;18;11;12;31;18;3;1;4;4;2;1;9;17;3;0;3;3;0;3;3;6;2;2;1;4;3;1;5;15;3;3;3;2;1;1;1;2;0;0;0;2;0;0;2;9;3;1;2;1;1;2;2;3;1;0;0;4;0;0;3;32;16;3;7;3;4;3;14;2;5;1;1;1;5;3;4;2;5;0;1;2;1;3;2;2;1;0;2;1;1;3;13;21;4;2;9;1;2;2;12;3;3;0;0;2;5;0;2;41;9;1;11;3;1;3;14;5;4;0;3;7;9;2;28;342;48;23;31;18;11;12;30;17;3;2;4;4;2;1;10;16;3;0;3;3;0;3;3;4;2;3;1;6;4;2;6;16;3;3;3;1;2;1;1;2;0;0;0;2;0;0;2;9;4;1;2;1;1;2;2;4;1;0;0;4;0;0;2;32;18;3;8;4;4;4;14;2;5;1;1;2;6;3;4;2;6;0;1;2;1;3;2;0;1;0;1;2;1;3;14;19;5;3;10;2;2;1;14;3;2;0;1;1;5;0;2;29;7;1;9;4;0;2;12;4;4;0;3;8;6;2;27;327;49;22;31;20;12;12;38;19;2;2;3;6;3;2;11;15;5;0;3;3;0;3;3;4;2;3;2;4;4;3;5;15;3;3;2;3;1;1;1;1;0;0;0;3;0;0;1;9;4;1;2;1;0;2;2;4;1;0;0;4;1;0;3;31;18;4;7;4;4;3;14;3;4;1;1;2;5;2;6;3;6;0;1;2;1;3;2;1;2;0;0;2;1;3;13;20;5;3;10;2;2;0;12;2;3;0;1;1;4;0;3;29;6;1;8;4;0;3;13;4;4;0;3;7;7;3;29"
12,"326;27;20;12;20;6;16;20;27;1;5;1;6;5;6;6;38;6;3;2;5;0;4;5;11;1;1;3;7;2;2;7;18;2;0;3;2;1;1;2;5;0;0;1;1;0;0;3;21;6;0;3;3;0;1;3;9;4;0;2;4;2;2;6;40;4;2;3;4;1;4;5;6;0;0;0;3;4;4;2;5;3;6;0;0;0;2;2;1;2;3;2;1;0;4;11;21;6;2;1;7;2;2;1;3;1;0;0;5;2;1;4;20;6;2;5;4;3;5;14;11;4;1;4;8;8;9;32;343;29;19;13;21;6;18;15;27;0;6;1;5;5;3;6;39;6;3;2;4;0;4;5;13;1;2;2;5;2;2;7;18;2;0;2;3;0;1;2;5;0;0;1;1;0;0;3;20;7;0;3;3;0;1;3;9;6;0;2;5;3;2;6;39;3;2;3;4;0;4;5;5;0;0;0;4;4;4;1;5;3;7;0;0;0;2;2;1;1;2;3;2;0;5;10;21;4;1;1;6;2;2;1;2;1;0;0;6;4;2;3;17;4;2;4;4;3;5;13;10;5;1;5;8;6;8;30;343;31;20;13;22;6;18;15;27;0;6;1;6;6;3;6;40;6;3;2;4;0;4;5;13;1;2;2;5;2;2;7;18;2;0;2;3;0;1;2;5;0;0;1;1;0;0;3;21;5;0;3;3;0;1;3;9;6;0;2;5;3;2;6;39;3;2;3;4;0;4;5;5;0;0;0;4;4;4;1;5;3;6;0;0;0;2;2;1;1;2;3;2;0;5;10;21;4;1;1;6;1;2;1;3;1;0;0;4;3;2;3;15;4;2;4;4;3;5;13;11;5;1;5;8;5;8;30"
13,"223;34;25;33;29;9;27;69;26;2;1;2;20;4;7;37;21;7;5;2;1;1;1;7;15;3;0;1;2;4;7;16;18;6;1;4;2;2;1;3;2;0;0;0;2;0;1;1;12;3;0;2;2;0;0;3;10;1;1;2;9;2;4;5;16;9;2;6;8;1;3;12;6;0;0;1;3;5;3;10;5;0;0;1;1;0;2;2;3;1;0;0;1;6;0;12;11;4;2;3;5;0;0;10;0;0;0;1;0;2;1;1;16;5;2;5;4;3;2;11;15;7;0;4;7;9;11;24;199;39;25;46;35;12;30;76;20;2;3;3;24;6;7;38;19;5;4;2;1;1;3;5;17;1;0;2;10;2;7;14;15;5;1;2;3;1;1;4;2;0;0;0;1;0;0;2;12;4;1;1;0;0;0;3;4;1;1;2;11;2;5;9;20;10;1;5;5;2;3;13;6;3;0;1;2;1;0;12;3;1;0;1;1;0;2;5;1;2;0;1;2;4;1;12;7;7;1;2;4;0;0;10;0;0;0;1;0;0;1;0;14;4;1;6;6;2;1;5;15;7;1;2;7;13;10;26;190;35;23;40;38;8;29;85;27;2;1;3;27;8;12;44;25;3;4;2;1;1;2;7;13;1;3;2;8;4;9;19;13;4;1;2;2;1;2;5;2;0;0;0;1;0;0;2;16;3;0;1;2;0;1;4;8;1;1;2;10;2;5;9;17;8;1;7;5;2;3;10;6;0;0;3;2;1;1;9;2;1;0;1;0;0;2;2;2;1;0;0;2;4;0;11;7;5;2;1;4;1;0;9;0;0;0;1;0;0;1;0;15;6;1;4;4;2;0;4;25;5;0;2;7;9;8;22"
14,"254;47;25;34;24;8;17;84;22;2;2;7;13;2;9;30;11;9;0;2;3;2;0;10;8;2;0;2;3;1;1;7;20;4;1;6;2;1;1;2;1;0;0;0;0;0;0;2;12;0;5;2;1;0;1;3;4;1;0;4;2;0;0;9;36;11;5;6;0;5;3;12;1;1;0;0;3;2;0;7;4;1;1;0;1;0;0;4;4;1;0;1;3;1;2;7;14;7;1;3;1;1;2;4;4;1;1;1;2;0;4;6;9;9;5;5;6;4;5;13;10;3;0;8;7;4;2;35;240;48;27;33;23;10;13;100;23;3;2;5;12;2;8;30;17;7;0;3;1;2;0;9;7;3;1;2;2;0;2;3;22;5;2;7;3;1;1;2;2;0;0;0;0;0;0;1;9;2;4;1;2;0;1;3;5;1;0;3;3;0;0;6;39;10;4;7;2;1;2;18;1;0;0;0;2;2;1;6;6;1;2;1;0;0;0;3;4;0;0;1;3;1;2;6;19;5;2;3;2;1;2;4;3;2;1;0;1;0;3;7;14;8;3;5;5;3;5;8;12;6;0;8;6;3;3;31;252;44;24;34;22;13;17;101;17;4;2;5;7;3;7;33;16;5;1;3;2;3;0;8;6;2;0;2;2;0;2;4;24;4;2;5;2;1;1;2;3;0;0;0;0;0;0;3;13;2;5;2;1;0;1;2;3;1;1;4;4;0;0;7;38;13;5;7;1;0;2;11;2;0;0;0;2;2;2;6;5;2;2;1;0;0;0;3;4;2;0;1;2;1;2;7;15;8;2;4;2;1;2;1;6;1;1;1;2;0;3;7;9;7;3;1;4;3;4;9;13;5;0;9;7;4;2;31"
15,"275;22;20;12;21;3;9;12;22;2;2;1;12;6;2;6;26;7;6;2;4;1;2;5;11;3;2;4;19;1;3;5;37;3;0;3;5;1;1;5;3;1;0;0;1;1;2;1;18;4;3;0;3;1;1;2;10;4;2;1;10;0;3;7;26;19;6;3;3;3;3;5;5;0;0;2;3;0;1;5;11;4;1;3;3;0;0;3;5;3;0;0;6;2;1;12;22;3;3;5;2;1;3;3;0;1;1;0;6;0;0;3;18;7;4;3;4;5;2;13;24;7;1;8;14;10;7;45;266;24;21;12;22;3;8;12;23;2;2;1;16;7;2;7;23;8;3;2;8;3;2;4;13;5;3;3;21;2;1;8;32;3;1;0;5;1;1;5;3;1;0;0;1;0;2;1;13;5;1;0;4;1;0;1;8;6;2;1;12;0;5;10;30;13;7;8;3;2;1;7;7;1;0;2;4;0;1;4;8;5;1;3;2;0;2;2;3;2;0;0;8;1;2;10;21;4;4;3;2;1;3;2;0;2;1;0;6;0;0;2;21;11;0;5;4;4;3;11;19;6;0;6;11;12;7;52;260;25;21;13;26;4;12;10;24;1;1;1;13;6;6;3;35;7;5;2;4;1;3;3;13;4;3;4;21;3;2;10;34;3;0;1;5;1;2;5;4;1;0;0;2;0;2;1;17;1;3;0;3;1;2;3;14;4;1;3;13;1;8;8;21;16;6;4;4;1;1;8;5;0;0;2;5;0;1;6;10;3;1;3;2;0;0;3;5;1;0;0;6;1;2;12;16;6;3;3;0;2;2;3;1;2;2;0;6;1;0;3;21;2;1;4;3;3;3;10;24;6;0;8;14;10;5;42"
16,"247;29;23;23;18;4;10;28;23;6;0;0;7;3;4;4;31;5;1;3;4;0;1;8;13;2;2;1;8;1;0;3;25;5;1;2;3;0;1;2;1;0;0;1;0;0;0;0;22;0;0;5;3;0;4;4;20;0;0;0;5;1;3;4;53;12;2;4;4;1;1;11;2;0;0;0;2;2;3;6;11;1;0;1;1;0;1;2;7;5;2;1;3;6;1;4;26;9;5;6;3;2;1;4;4;1;0;1;1;3;1;5;32;13;3;10;5;3;2;10;17;6;2;8;13;12;6;37;272;23;21;16;16;3;11;10;21;7;0;1;10;4;6;2;32;5;2;2;4;0;1;6;10;2;3;2;6;0;2;6;32;3;2;2;3;0;1;1;4;0;0;1;0;0;0;0;19;2;1;4;4;0;2;3;15;1;0;0;4;0;2;4;48;16;3;5;7;1;1;6;4;0;0;0;0;1;0;6;16;3;0;0;0;1;1;2;7;4;2;0;5;6;1;3;21;9;3;6;2;2;1;3;3;0;0;0;1;2;1;7;33;14;7;10;4;4;3;8;25;6;2;6;11;17;7;41;262;25;25;20;15;6;12;19;16;6;0;1;6;5;4;4;29;5;1;2;3;0;0;8;8;2;1;1;5;3;2;5;29;4;0;2;3;1;2;2;3;0;0;1;0;1;0;0;21;1;1;5;3;0;3;4;14;1;0;0;5;1;1;3;55;12;3;9;3;1;2;10;2;0;0;0;2;1;2;5;14;4;0;2;1;0;2;2;3;6;3;1;4;6;1;4;30;10;4;5;2;3;1;3;6;1;0;1;0;2;1;7;28;12;5;12;3;4;2;9;20;6;4;6;9;12;6;38"
17,"267;33;18;19;17;7;11;54;14;4;4;3;3;1;6;18;24;5;2;3;1;0;1;4;10;2;2;0;4;3;1;8;17;2;2;1;5;0;1;4;3;0;1;0;3;1;0;2;21;1;0;1;2;0;1;5;6;1;0;1;5;2;2;6;33;9;2;5;5;0;2;9;6;4;1;1;2;4;2;6;2;3;1;1;0;0;2;5;6;2;0;2;3;2;1;9;33;9;3;3;6;2;3;8;3;1;0;1;1;0;1;4;38;9;5;5;6;4;2;10;16;6;2;3;6;16;10;33;253;36;20;18;16;7;11;53;20;4;4;4;10;3;3;18;27;5;2;1;3;1;1;4;17;1;0;1;5;3;2;11;20;2;1;3;6;0;1;3;2;0;0;0;2;2;0;2;14;2;1;0;4;0;3;4;6;1;1;2;5;0;2;6;33;11;4;4;3;1;4;10;6;3;0;1;4;0;2;9;4;2;1;1;0;0;2;5;6;0;0;3;3;2;1;6;31;11;1;2;8;3;1;9;1;1;1;0;2;0;1;4;29;10;5;5;4;3;4;10;16;6;2;2;8;12;11;31;253;36;19;22;19;6;13;52;19;3;5;4;6;1;10;17;23;5;2;5;3;0;0;5;9;3;1;1;3;1;1;8;23;2;2;1;5;0;0;3;2;0;0;0;2;2;0;1;20;5;1;0;2;0;1;4;5;2;0;2;3;1;2;8;37;6;3;5;4;1;4;10;7;3;0;1;4;0;4;5;3;4;1;3;0;0;2;3;4;1;0;2;1;2;0;6;34;7;2;1;8;1;2;8;3;1;0;0;2;0;1;5;39;9;4;4;9;3;3;14;17;6;4;2;4;14;6;31"
18,"260;48;32;37;16;6;16;58;19;4;2;3;6;5;4;26;20;4;2;3;3;0;2;6;6;2;1;1;14;2;2;7;16;4;4;4;2;1;0;4;0;0;0;0;0;1;0;2;7;4;2;1;0;0;1;1;7;1;0;2;2;1;2;5;35;21;6;14;3;8;2;17;6;0;1;0;0;1;0;7;4;2;0;2;0;0;0;3;2;4;0;4;2;3;0;5;17;9;1;6;3;1;0;8;3;2;0;0;1;0;0;6;18;11;2;9;3;0;1;19;11;2;1;3;7;7;3;27;237;43;29;39;22;10;22;79;11;4;2;5;8;4;4;39;20;5;3;3;3;1;1;5;5;1;0;1;11;2;3;9;17;3;5;3;3;1;0;5;0;2;0;0;0;1;0;3;5;3;1;1;0;0;0;2;10;1;0;0;1;3;1;5;44;11;5;12;3;7;2;15;7;1;1;1;0;2;0;7;4;2;0;2;0;0;0;3;3;2;0;4;1;2;2;4;17;9;0;5;3;1;0;7;4;2;0;0;0;0;0;7;12;12;3;9;3;1;4;15;10;4;2;5;6;5;4;20;263;51;29;40;15;12;16;67;17;4;3;3;3;7;5;26;18;6;3;4;5;0;1;6;5;1;0;1;7;1;2;6;19;5;2;2;2;1;0;6;1;1;0;1;0;1;1;3;5;3;2;2;0;0;1;0;8;2;0;3;0;2;2;4;47;7;9;15;4;7;2;11;5;2;1;1;1;2;0;6;5;2;0;2;0;0;0;2;4;3;0;4;0;3;0;6;15;12;1;4;3;3;0;8;3;3;0;0;1;0;0;7;9;10;3;8;1;0;2;19;8;2;1;5;6;6;2;25"
19,"327;20;10;19;13;3;15;27;20;6;2;0;5;5;3;9;25;6;2;6;2;1;0;3;12;2;0;2;19;2;1;8;18;3;1;1;1;0;2;0;0;0;0;0;2;0;0;0;27;3;2;3;3;2;1;4;4;1;2;1;4;0;2;9;33;22;4;4;3;2;6;10;2;1;0;0;3;1;0;5;4;5;0;0;2;1;2;5;4;3;0;2;2;0;2;4;22;3;2;6;7;1;2;6;0;1;0;1;3;2;1;4;30;9;4;5;1;5;5;17;9;9;1;5;18;3;7;32;356;20;8;18;10;5;11;11;20;5;2;1;6;5;4;13;27;7;2;6;2;0;1;2;12;2;0;1;8;3;1;5;19;6;0;5;2;0;3;0;1;0;0;0;2;0;0;0;19;3;2;2;3;2;2;3;8;1;2;0;1;0;1;5;42;16;4;3;4;2;7;13;2;0;0;0;2;0;1;5;6;2;0;2;3;1;1;2;5;3;0;3;2;0;1;4;24;7;3;4;4;1;2;7;2;1;0;0;4;2;1;3;30;13;2;5;4;5;6;18;9;6;1;5;12;3;7;31;338;21;11;20;13;5;13;17;18;5;1;1;7;5;4;10;25;7;4;6;4;0;0;3;12;2;0;0;6;2;2;4;21;5;1;2;2;0;2;0;0;0;0;0;2;0;0;0;20;5;3;2;2;2;1;2;8;2;1;0;4;0;2;9;50;19;4;4;4;2;7;13;2;1;0;1;3;1;0;3;7;4;0;1;3;2;1;4;5;3;0;2;1;0;1;4;28;8;3;3;4;0;3;5;2;1;0;0;3;2;0;4;25;10;1;4;3;4;5;14;10;9;1;6;11;2;6;31"
20,"296;13;13;5;16;2;7;24;29;4;3;1;4;2;4;9;38;3;1;2;1;0;2;4;11;1;0;0;13;4;4;8;23;1;0;4;2;1;0;1;2;1;0;0;1;0;0;1;25;1;1;1;5;1;0;5;9;4;2;1;8;0;2;4;30;4;4;2;3;3;0;4;6;2;1;2;1;1;1;1;7;1;2;1;2;1;3;2;6;2;0;0;3;0;1;1;26;3;2;2;3;1;0;3;0;1;0;0;0;1;0;3;70;16;3;3;0;1;2;17;61;4;0;5;11;5;12;42;276;19;13;8;25;3;12;25;32;5;3;1;6;1;6;12;40;2;2;2;1;0;4;7;15;1;0;0;14;2;5;8;18;2;0;1;2;0;0;2;3;1;0;0;1;0;0;2;23;1;1;0;4;1;0;4;8;4;2;0;6;2;1;8;26;3;3;2;3;5;0;3;7;1;0;1;0;2;1;0;7;2;1;2;0;2;1;1;8;0;0;0;2;0;1;2;19;2;3;3;2;1;0;2;1;1;0;0;1;1;2;2;71;14;5;2;7;0;2;12;57;5;0;7;16;3;12;38;290;14;12;11;16;2;12;29;31;4;2;2;6;2;6;12;37;3;1;5;3;1;3;4;11;1;0;1;13;1;4;8;16;3;0;2;1;0;1;2;3;1;0;0;0;0;0;1;24;3;2;1;5;1;1;4;5;4;3;0;5;1;1;3;26;5;2;3;4;4;1;2;6;0;0;1;1;1;1;4;5;3;1;2;2;1;1;1;6;2;0;0;3;0;1;2;21;2;2;0;3;1;0;3;0;1;0;0;0;1;1;3;69;14;5;2;3;1;2;17;62;5;0;6;15;5;12;37"
21,"271;8;10;2;13;0;1;7;26;1;3;3;8;1;2;6;48;2;2;0;3;0;3;4;21;1;2;1;12;2;8;7;37;1;1;4;7;0;3;1;8;0;0;1;5;0;2;1;33;2;0;2;2;1;3;2;16;3;1;1;13;4;6;8;20;12;5;3;4;2;1;4;7;2;2;0;2;1;2;2;10;2;0;0;1;0;3;3;7;2;6;0;4;2;4;8;20;2;3;1;4;2;0;1;2;1;0;1;2;0;2;1;42;11;4;2;6;5;4;9;27;8;1;10;27;20;13;26;269;6;10;3;17;2;5;3;27;2;2;2;6;2;0;2;46;5;2;0;2;0;2;3;24;3;5;1;14;2;9;3;44;1;2;1;4;0;2;2;5;0;1;0;4;0;0;0;37;3;2;2;2;0;1;2;16;3;2;3;16;2;2;6;28;9;3;3;4;2;2;2;8;2;2;0;2;2;2;0;11;3;0;0;1;0;3;3;6;3;6;0;6;2;3;7;23;0;5;2;6;2;0;2;1;0;0;0;1;2;3;3;40;9;3;2;8;6;3;7;25;8;1;7;25;18;13;30;260;8;10;5;15;2;6;5;22;4;0;4;6;2;3;6;40;3;4;0;1;1;1;4;22;2;4;1;14;3;9;4;35;2;2;2;4;0;3;5;5;0;0;0;7;0;0;1;33;3;0;1;2;0;1;3;14;3;3;3;20;5;3;4;23;10;5;3;3;2;3;2;5;2;1;0;1;1;2;2;10;4;0;0;2;0;4;3;6;4;6;0;9;3;1;6;26;1;3;3;4;2;0;2;2;0;0;0;0;0;2;2;51;9;5;3;9;3;3;8;27;10;1;8;26;19;10;27"
22,"259;38;22;22;22;7;11;29;14;4;2;2;9;2;6;21;22;5;0;0;2;3;2;2;5;3;1;2;16;2;8;10;21;3;4;1;2;2;1;3;4;1;1;1;0;0;1;2;14;3;4;2;3;0;0;3;13;1;1;1;6;1;2;2;33;18;10;15;0;1;6;10;5;2;0;0;1;2;2;4;6;7;1;4;1;2;1;2;6;2;0;1;3;2;2;3;19;7;3;4;3;2;0;4;4;2;0;2;1;0;1;7;33;9;5;11;5;5;3;9;9;13;1;6;9;7;8;24;269;39;27;25;21;6;10;25;16;5;1;4;8;3;4;13;20;5;2;1;4;4;1;2;9;5;0;2;6;2;7;7;22;3;2;4;3;1;3;2;4;1;1;1;0;0;1;1;12;5;4;1;3;0;2;6;12;1;0;1;4;3;1;2;36;17;8;14;0;5;7;7;6;6;0;0;1;4;3;4;3;7;3;3;1;2;3;4;5;2;0;0;2;5;1;7;22;10;5;7;4;4;0;2;3;2;0;2;2;0;0;8;20;9;1;8;4;3;3;5;12;9;2;7;8;7;5;25;240;39;23;27;20;6;11;49;17;3;1;2;10;2;5;21;24;5;2;1;2;3;0;3;4;6;0;3;10;4;6;10;17;2;4;1;2;2;1;6;5;0;1;1;0;1;1;1;18;3;4;3;2;0;0;4;10;1;0;1;4;3;3;0;23;15;11;12;0;1;6;13;4;2;0;0;2;2;2;3;3;7;1;3;0;2;2;3;9;3;0;2;3;1;1;3;22;7;2;5;5;3;1;1;2;3;0;2;1;0;0;8;36;8;1;9;5;4;2;10;11;12;2;8;16;6;8;25"
23,"293;37;22;14;19;5;8;11;15;0;1;1;4;0;3;9;29;4;3;1;1;1;3;0;9;2;0;2;15;3;3;5;34;5;2;1;1;1;0;0;4;0;0;0;1;1;1;0;11;3;3;3;1;1;1;0;10;0;0;1;29;1;11;5;65;17;4;7;6;4;2;5;7;3;0;3;3;2;1;1;7;7;1;2;1;1;2;3;7;3;0;1;1;0;4;3;32;17;3;3;2;1;1;2;1;1;0;1;2;1;1;3;20;14;1;7;3;4;2;9;7;9;2;3;9;7;4;25;289;38;24;13;16;3;7;11;12;2;0;1;4;1;3;5;28;3;3;0;2;0;2;0;10;1;0;1;8;5;4;7;31;4;2;4;1;1;0;0;4;0;0;0;2;1;1;0;9;2;2;2;2;1;1;0;7;0;0;0;33;1;8;3;61;22;4;7;8;4;1;8;6;2;0;3;4;2;1;3;9;7;1;2;1;1;1;4;3;5;0;1;2;0;3;4;25;21;2;4;2;0;2;4;2;2;0;2;1;1;1;4;31;16;3;8;3;6;4;6;9;10;1;4;8;8;5;24;275;33;22;21;20;5;11;11;15;0;0;1;5;0;2;8;25;3;3;1;2;0;2;0;10;2;0;2;19;6;4;5;34;4;2;1;1;1;0;0;2;1;0;1;2;0;1;0;13;1;2;2;2;1;2;1;10;0;0;0;31;3;10;3;57;26;2;8;4;3;2;7;6;3;0;2;3;2;1;2;8;6;1;2;1;1;2;2;5;3;0;1;3;3;5;4;30;18;4;2;2;0;1;4;2;1;0;1;1;1;0;2;27;15;0;10;1;3;2;8;7;8;1;3;9;13;3;26"
24,"292;23;17;16;25;2;15;13;23;1;3;2;16;3;4;8;40;10;10;2;2;1;1;1;17;6;1;2;7;5;4;12;34;5;1;2;6;1;1;1;9;1;0;0;2;1;2;0;15;5;1;6;5;1;1;1;5;3;0;1;5;7;5;5;21;3;8;1;7;1;2;4;10;0;1;1;3;1;1;2;7;1;2;2;2;0;1;3;6;5;1;3;4;7;5;10;15;6;3;2;1;1;4;3;2;0;1;0;4;1;0;5;6;6;1;5;4;2;3;6;8;6;3;4;15;14;11;41;291;25;21;18;26;1;16;10;22;1;3;2;16;2;4;9;39;9;8;2;2;3;2;1;14;6;1;2;10;7;6;9;34;4;2;3;6;1;1;1;9;1;0;1;2;1;2;0;14;6;2;6;5;1;1;1;5;3;0;1;7;6;5;6;20;2;9;2;7;3;1;3;10;0;1;1;3;1;1;2;6;2;2;0;2;0;2;3;5;4;1;3;5;8;4;14;14;6;3;3;1;1;4;3;2;0;1;0;4;2;0;4;6;4;1;3;3;2;3;6;7;5;3;4;13;16;8;40;269;29;21;18;24;4;16;10;21;1;2;3;18;4;4;8;35;9;8;3;3;1;1;1;12;7;1;2;10;5;8;10;33;5;2;2;6;1;2;1;9;1;0;0;2;2;2;1;12;3;1;6;4;1;1;1;5;3;0;1;7;6;6;5;26;8;8;2;7;4;2;4;8;2;1;1;3;2;1;2;9;2;2;0;2;1;0;4;5;5;1;3;5;8;5;13;14;9;2;4;1;1;4;4;2;0;1;0;4;1;0;4;9;7;2;4;3;3;3;5;5;5;3;3;14;14;10;38"
25,"180;27;34;26;64;15;51;92;25;4;7;5;40;4;40;75;10;1;3;1;10;4;2;5;15;2;1;0;16;3;24;30;2;3;3;0;1;1;1;3;1;0;0;0;2;2;1;3;4;0;2;1;1;2;3;2;4;1;1;1;3;0;6;11;5;2;0;2;3;2;4;9;1;0;0;0;1;2;1;14;0;1;0;0;0;0;0;0;2;0;1;0;0;1;3;7;4;1;0;1;0;0;1;5;0;0;0;0;1;1;0;4;4;2;0;2;0;0;2;11;2;1;0;0;4;3;2;31;183;22;33;22;67;20;64;98;19;5;7;6;43;6;44;91;11;2;2;1;9;5;4;5;9;3;2;1;11;5;20;31;4;3;2;0;1;1;1;2;1;0;0;0;2;2;2;2;3;0;0;1;1;1;3;1;3;1;1;0;5;1;4;12;3;3;0;1;3;0;4;8;0;1;0;0;3;1;2;7;1;0;0;0;0;0;0;1;1;1;0;0;0;1;3;8;2;1;0;1;0;1;1;4;0;0;0;0;1;1;0;4;2;1;0;3;0;0;0;6;1;1;0;0;3;3;3;22;175;24;32;28;68;17;71;106;19;7;5;6;41;5;43;102;9;1;2;1;8;4;3;4;10;3;3;0;9;4;18;38;3;3;2;0;1;1;0;3;1;0;0;0;1;0;2;3;3;0;0;1;0;1;3;1;3;2;1;0;4;0;4;11;2;3;0;2;1;1;4;6;0;0;0;0;1;1;3;10;0;0;0;0;1;0;0;2;1;0;1;0;0;0;2;6;1;0;0;2;0;1;1;3;0;0;0;0;1;1;1;4;2;1;0;3;0;0;1;3;1;1;0;0;5;5;2;18"
26,"223;45;33;38;32;15;19;56;20;5;2;8;13;6;13;30;15;5;5;5;1;2;1;3;11;6;2;2;8;2;3;13;22;10;3;3;3;1;1;1;2;1;0;0;1;2;1;2;5;3;1;2;3;1;1;6;3;0;2;3;4;5;2;7;22;7;3;12;9;4;4;15;2;2;0;1;4;4;2;13;4;3;2;3;1;1;2;3;2;1;1;1;0;1;2;14;7;6;3;1;2;2;1;7;1;1;0;1;1;0;0;8;4;5;1;2;1;2;1;15;2;4;2;2;10;4;4;36;222;43;32;40;31;18;21;48;17;6;3;7;14;6;9;27;15;5;5;4;2;2;1;4;11;4;3;2;8;3;5;11;25;11;2;2;3;1;1;3;2;1;0;0;0;2;1;2;9;2;1;0;3;1;1;6;1;1;2;2;2;4;1;8;22;11;3;13;7;3;2;14;3;2;0;1;4;4;3;13;4;2;2;3;1;0;0;5;2;2;1;1;0;2;4;15;8;6;1;1;3;3;1;5;2;0;0;0;1;0;1;6;6;4;2;3;1;3;3;14;2;5;2;4;9;5;5;40;222;47;34;45;34;20;20;63;15;6;4;8;17;6;10;37;14;6;4;4;1;2;2;3;11;5;1;2;9;2;4;15;20;9;2;4;3;1;0;1;2;1;0;0;0;2;3;2;6;2;1;2;4;1;2;5;2;0;1;3;4;4;1;8;23;9;3;10;6;2;4;17;2;3;0;1;4;4;2;14;4;0;2;3;0;1;1;3;1;2;1;1;0;1;2;13;6;3;1;1;3;2;1;5;2;0;0;1;0;1;0;6;2;3;1;2;0;1;0;15;2;2;2;2;5;6;6;35"
27,"231;45;45;37;35;18;32;102;22;8;5;7;12;8;17;55;15;2;3;3;2;1;1;5;4;1;2;1;6;2;9;12;15;2;2;1;2;4;1;5;2;1;1;1;1;0;0;3;2;6;0;0;2;1;1;2;2;0;1;1;5;3;2;5;8;8;2;3;6;3;4;11;2;1;0;2;4;3;5;15;2;0;0;2;0;1;0;2;1;0;0;2;1;3;1;12;5;2;1;1;0;2;2;6;1;1;0;1;2;0;1;6;2;2;3;5;2;4;2;3;1;4;0;0;4;2;8;25;228;46;42;35;37;17;36;103;19;7;4;8;12;8;18;53;15;2;2;4;1;1;3;4;3;0;2;1;5;2;11;15;18;2;2;2;2;4;0;3;3;1;0;1;2;0;0;2;5;5;0;0;1;1;0;1;1;1;1;1;3;5;2;8;8;10;2;3;4;7;3;13;4;1;0;1;3;3;4;13;3;0;0;3;0;1;2;2;1;0;0;2;1;2;1;18;7;1;1;0;0;1;2;6;0;1;0;1;2;1;1;5;3;3;1;4;1;2;0;2;2;5;0;1;6;3;5;21;223;45;42;40;34;20;40;126;18;8;4;9;12;8;19;65;13;2;2;4;1;1;2;5;2;0;2;1;3;2;9;14;15;2;2;2;2;4;1;5;2;1;0;2;2;0;1;3;1;5;0;0;1;1;0;2;0;0;1;1;3;3;3;6;5;7;2;2;5;6;3;11;2;0;0;1;3;3;4;18;1;0;0;2;0;2;1;2;1;0;0;1;2;2;1;16;4;1;1;0;0;2;2;4;0;1;0;1;2;1;1;4;2;2;1;3;1;2;0;2;1;5;0;0;4;3;4;20"
28,"234;40;33;30;40;11;27;94;16;1;3;4;15;6;9;57;18;5;2;6;1;1;3;4;5;6;0;2;6;0;3;13;13;6;1;3;3;0;1;3;4;0;0;0;3;0;0;4;6;4;1;0;4;1;1;2;5;1;0;3;1;3;1;6;20;12;2;6;3;4;4;11;3;2;2;1;2;4;2;10;5;2;0;2;0;1;0;4;3;0;0;1;4;0;1;8;18;4;5;2;0;2;1;8;3;1;2;0;1;0;0;4;9;2;0;3;3;0;2;9;7;2;0;5;5;4;3;25;247;40;34;27;42;12;31;95;14;2;4;4;15;6;9;62;17;5;3;5;2;0;2;3;5;6;0;2;4;0;4;13;13;6;1;3;3;0;0;3;4;0;0;0;3;0;0;4;5;4;1;1;3;1;2;2;3;1;0;3;1;3;1;4;23;6;2;6;4;1;4;8;3;1;2;0;2;3;3;6;4;2;0;2;0;1;0;6;2;0;0;1;2;0;1;8;19;1;5;2;1;3;2;3;2;1;2;0;1;0;0;5;10;2;0;3;3;0;1;11;7;4;0;5;4;4;3;27;238;38;30;27;40;11;31;102;14;1;4;4;16;5;10;61;19;4;2;5;1;0;3;5;5;6;0;2;7;1;4;17;13;5;1;3;3;0;0;4;4;0;0;0;3;0;0;4;5;4;1;1;3;1;1;2;5;1;0;3;1;3;0;4;21;6;2;6;3;1;4;9;3;1;2;0;2;3;3;6;4;1;0;2;0;1;0;4;3;0;0;1;2;0;1;7;19;2;5;3;1;3;2;2;3;0;2;0;1;0;0;4;14;5;1;3;4;0;1;8;9;3;0;5;6;4;3;25"
29,"292;27;15;34;24;7;21;155;18;3;0;4;11;5;7;59;19;4;2;0;1;4;3;5;6;1;1;1;12;0;4;10;17;1;1;2;0;0;1;3;1;0;0;0;0;1;1;2;10;1;0;2;1;0;1;1;8;1;0;0;3;1;0;3;17;9;0;7;5;2;1;5;2;1;0;1;0;0;1;11;8;1;0;0;0;0;0;3;1;1;0;1;0;0;2;6;19;0;2;2;1;1;3;2;1;0;0;1;1;0;4;5;20;7;2;5;1;3;3;7;7;2;0;1;4;4;2;12;330;31;20;33;26;9;22;146;12;4;1;3;9;4;8;59;18;5;1;1;1;2;3;3;6;1;2;1;2;0;2;6;18;0;0;1;0;0;1;3;1;0;0;0;0;1;2;2;10;1;0;2;1;0;1;1;6;1;0;1;3;2;0;2;18;2;1;4;4;3;2;6;1;2;0;1;0;2;1;13;7;2;0;0;0;1;0;3;1;2;0;1;1;1;1;5;17;0;2;2;1;1;2;2;1;0;0;1;1;0;3;4;13;5;2;5;1;3;3;8;7;2;0;1;0;4;2;15;316;33;16;36;26;11;27;142;13;3;0;4;10;4;9;65;22;4;2;0;1;2;2;3;4;1;1;1;5;0;0;9;19;1;0;2;0;0;1;3;1;0;0;0;0;1;1;2;10;1;0;2;1;0;1;1;7;1;0;1;2;1;0;1;15;6;1;6;4;2;1;8;2;2;0;1;0;1;1;10;7;1;0;0;0;0;0;3;1;1;0;1;1;0;2;6;18;1;2;2;1;1;3;2;1;0;0;1;0;1;3;6;13;4;2;5;1;3;3;7;7;2;0;1;2;4;1;12"
30,"227;45;24;54;16;14;12;154;18;0;3;1;7;3;3;43;17;2;1;3;1;2;3;4;11;2;1;2;1;4;1;11;17;3;0;4;1;1;1;3;1;0;0;0;5;0;1;0;6;3;1;0;0;1;2;3;8;2;1;0;4;1;0;12;15;8;5;15;2;2;1;15;2;0;1;0;1;3;1;6;3;0;2;2;0;0;0;5;3;1;2;0;4;5;1;6;13;2;1;1;5;3;1;8;1;1;1;1;1;1;0;2;20;8;1;2;4;2;2;4;9;3;1;4;10;5;4;21;215;45;27;54;19;14;13;152;16;1;3;1;9;4;3;44;20;4;1;2;1;1;2;6;10;3;1;2;2;2;2;11;16;3;0;3;3;1;1;2;2;0;0;0;4;0;0;0;8;3;0;0;1;1;1;4;7;4;1;0;4;1;0;10;14;8;5;15;2;3;0;15;2;0;1;0;2;2;1;6;6;0;3;3;1;0;0;2;2;0;2;0;3;7;1;6;13;0;2;1;5;3;0;7;0;1;1;1;0;0;0;2;17;10;2;4;3;2;4;6;12;3;1;4;8;6;2;22;223;46;23;56;19;15;17;153;15;0;3;1;10;5;3;47;18;2;1;2;2;1;2;6;8;3;1;2;3;2;3;12;16;3;0;3;2;1;1;2;1;0;0;0;3;0;0;1;9;3;0;0;1;1;1;4;8;4;1;0;5;1;0;9;15;5;5;13;2;3;0;16;2;0;1;0;2;2;1;6;5;0;3;3;0;0;0;2;3;0;2;0;3;7;1;5;11;0;2;1;6;3;0;7;0;1;1;1;0;0;0;2;22;8;2;1;3;0;2;4;11;2;1;4;11;3;3;21"
31,"231;39;20;38;31;7;24;62;15;1;3;3;15;6;12;36;24;3;3;8;2;0;2;4;7;3;3;0;3;2;7;9;19;7;1;1;3;3;0;1;0;2;0;0;3;1;2;1;15;3;0;1;2;3;0;1;2;0;1;2;2;4;2;4;30;12;4;8;3;4;7;9;4;2;0;1;2;1;2;8;5;3;0;3;0;1;0;1;5;2;2;0;4;0;4;7;25;7;4;5;2;3;2;2;2;0;1;1;3;1;1;9;31;6;3;1;2;1;1;4;15;4;1;2;10;4;8;20;217;42;25;37;33;9;26;65;12;2;3;2;13;7;13;43;23;3;3;8;2;0;2;3;7;2;1;0;5;2;8;10;17;5;1;1;3;2;0;1;0;2;0;0;2;0;2;1;17;3;0;1;3;2;0;1;2;0;1;1;2;5;2;5;29;9;3;7;3;3;6;10;4;2;0;1;1;1;2;6;6;3;0;2;0;1;0;2;3;2;3;0;4;1;3;10;24;7;2;5;2;3;2;1;3;0;1;1;2;1;1;7;44;6;3;0;1;1;0;3;18;5;1;2;10;5;7;19;234;41;20;38;28;10;23;57;17;1;3;2;13;6;14;33;22;2;4;8;2;0;2;4;7;2;3;0;3;2;5;8;17;5;2;2;2;2;0;1;0;3;0;0;2;0;2;1;16;5;0;1;2;2;0;2;2;0;1;1;2;4;2;4;31;10;4;6;4;3;6;14;3;3;0;1;1;1;2;9;4;3;0;4;0;1;0;1;2;3;2;0;4;0;3;6;30;8;2;6;1;4;2;2;3;0;1;1;2;1;1;8;32;5;4;2;4;2;1;6;15;5;1;1;9;5;8;24"
32,"232;26;18;20;36;9;29;73;15;7;1;4;13;5;23;38;29;1;7;1;7;1;5;5;9;1;4;0;11;5;11;18;16;5;2;1;0;0;1;3;5;0;0;0;1;2;2;7;18;1;1;3;0;0;2;0;6;2;0;0;3;2;1;7;11;3;0;2;8;2;2;6;1;0;0;1;6;2;1;3;4;2;1;2;0;0;0;1;2;1;0;0;2;0;2;8;11;1;0;1;1;0;2;5;2;1;0;0;1;1;0;3;66;1;1;6;3;3;2;7;36;5;2;0;3;5;4;23;230;27;20;22;34;10;29;65;13;8;1;4;14;6;20;44;30;2;6;1;5;1;6;5;8;1;4;0;12;4;10;18;15;5;2;1;0;0;0;3;4;0;0;0;1;2;2;8;17;1;2;2;0;0;0;1;7;2;0;0;3;2;1;7;11;3;0;3;8;3;2;6;1;0;0;1;6;2;1;3;3;2;1;2;1;0;0;2;4;1;0;0;2;0;2;7;6;3;0;1;1;0;2;5;2;1;0;0;1;1;0;3;69;1;1;7;3;4;3;7;40;3;1;0;4;5;2;23;227;27;18;19;39;9;33;66;18;6;1;4;13;6;23;39;28;1;6;1;9;1;5;5;9;1;3;0;11;6;11;19;16;5;3;1;0;0;0;3;4;0;0;0;1;2;3;9;17;1;1;2;0;0;0;1;6;2;0;0;4;3;2;7;13;2;0;3;7;2;2;4;0;0;0;2;6;2;2;2;3;2;1;2;0;0;0;1;2;1;0;0;2;0;3;8;7;2;0;1;1;0;2;6;1;1;0;0;1;1;0;4;69;1;1;5;3;4;2;7;37;3;1;1;3;4;4;23"
33,"254;19;11;19;29;5;19;64;22;4;4;6;6;1;9;21;32;4;2;1;3;0;3;5;12;1;2;2;2;3;3;9;25;3;1;2;2;0;0;0;1;1;0;0;4;0;0;2;22;6;0;0;2;0;1;6;11;1;1;3;10;3;2;8;31;5;6;3;4;1;3;3;5;0;1;1;3;2;3;4;8;1;0;2;1;0;0;0;6;0;1;1;1;0;1;4;24;1;2;2;2;2;0;1;2;2;1;0;2;2;2;5;51;8;1;7;3;2;2;10;34;3;3;5;10;6;6;28;254;16;11;25;24;5;19;70;20;3;3;6;5;2;8;23;31;4;2;1;3;0;2;4;13;0;1;2;2;3;3;9;28;2;1;1;2;0;0;0;1;1;0;0;4;0;0;2;23;6;0;0;2;0;1;5;11;1;1;3;8;3;3;6;30;5;5;4;4;2;2;3;6;0;0;0;3;2;3;4;9;1;0;2;1;0;0;0;4;2;1;1;1;0;2;5;21;2;2;2;3;1;0;1;3;2;1;0;3;2;1;4;55;9;2;4;3;2;2;8;38;4;5;4;12;6;5;26;248;17;11;20;24;4;18;73;20;3;3;7;5;3;9;23;29;4;1;2;2;0;1;6;13;0;1;2;9;2;3;9;24;3;1;3;2;0;0;0;2;1;0;0;4;0;0;2;21;4;1;0;2;0;1;6;13;1;0;3;8;3;2;7;29;5;5;5;3;1;2;5;6;1;0;0;3;1;3;4;6;2;0;2;1;0;0;1;4;3;2;1;1;0;2;3;19;2;3;2;4;1;0;1;3;2;1;1;2;1;1;4;62;8;2;5;4;2;2;8;33;4;4;3;13;10;5;25"
34,"172;17;9;25;14;9;20;80;19;0;0;4;8;9;5;37;21;2;1;0;0;1;2;2;8;1;1;0;6;1;2;8;18;2;1;1;1;1;0;2;0;0;0;0;1;0;1;0;38;2;1;1;3;0;2;0;17;2;2;2;6;0;1;4;25;5;1;3;3;0;1;5;3;0;0;1;0;0;1;3;14;0;0;0;0;1;0;2;9;0;0;1;4;1;1;7;54;2;0;1;1;0;2;2;2;1;0;1;2;0;1;1;110;7;3;2;12;0;0;5;67;10;4;1;15;10;8;16;173;17;8;27;15;7;20;74;24;1;0;6;6;6;4;36;21;2;1;0;0;2;1;2;9;1;1;0;5;1;1;10;17;1;1;1;0;1;0;2;0;0;0;0;1;1;1;2;36;2;1;1;3;0;4;2;20;2;2;0;4;2;2;1;24;5;1;2;1;0;1;5;5;0;0;0;0;0;0;5;14;0;1;0;0;1;0;2;9;0;0;1;3;1;1;3;48;2;0;0;1;0;2;4;2;1;0;1;2;0;1;1;122;6;3;2;11;1;0;3;77;10;3;1;16;7;9;12;159;14;10;24;10;8;20;91;19;2;0;3;6;8;6;38;21;1;1;0;0;1;2;3;7;1;1;0;5;4;2;13;21;1;1;2;1;0;0;2;1;0;0;0;2;0;1;0;34;3;1;2;2;0;1;2;19;2;2;2;7;0;1;2;25;5;1;2;2;0;1;7;3;1;1;0;0;0;0;5;14;0;0;0;1;1;0;1;6;3;0;1;5;2;2;3;41;7;0;2;1;1;1;2;2;1;0;1;1;0;1;1;111;9;3;2;10;1;1;6;78;6;3;1;15;11;7;14"
35,"188;16;8;22;12;4;15;96;12;3;0;3;7;4;3;37;14;3;1;2;1;0;0;0;1;2;0;0;2;0;1;8;37;1;2;0;2;1;1;1;7;0;0;0;0;0;0;0;26;4;2;0;0;0;0;0;13;4;0;1;2;1;1;4;59;4;4;3;0;0;1;4;3;1;0;1;1;0;1;2;19;5;1;1;3;0;0;0;5;3;0;0;0;1;1;2;63;8;4;0;3;1;1;2;6;0;0;0;1;1;0;2;89;12;4;7;3;2;2;2;55;10;4;11;4;6;4;17;173;18;9;21;8;5;15;106;9;3;0;3;8;2;2;42;17;3;1;1;1;0;0;0;0;2;0;0;2;1;1;5;35;2;2;0;2;1;1;0;9;0;0;0;0;0;0;0;22;5;2;0;0;0;0;1;9;5;0;0;2;1;1;4;58;9;5;3;1;0;1;2;4;1;0;1;0;1;1;2;19;6;0;2;3;0;0;1;5;3;0;1;0;1;1;2;59;11;4;0;2;1;2;3;6;0;0;0;1;1;0;2;93;10;5;7;3;2;2;2;54;14;4;10;4;6;2;19;160;20;10;28;11;5;16;96;10;4;0;2;7;3;3;45;15;2;2;2;1;0;0;0;1;1;0;0;6;0;1;5;38;1;2;0;2;2;1;0;5;0;0;0;1;0;0;0;19;1;2;1;1;0;0;0;9;2;0;0;2;2;2;3;52;9;5;8;0;1;1;6;3;1;0;2;0;0;1;2;19;4;0;0;3;0;0;1;6;1;0;0;0;1;2;3;64;7;3;3;2;0;2;2;4;1;0;0;2;0;0;1;101;21;3;6;3;1;1;3;56;13;2;9;5;5;2;19"
36,"176;34;12;28;18;6;15;102;15;2;1;3;10;1;12;26;16;0;0;1;2;0;2;3;10;1;1;2;21;0;6;13;16;2;4;0;1;1;0;0;4;0;0;0;0;1;1;4;16;2;1;0;2;1;1;1;10;0;1;2;48;1;14;4;19;16;3;6;3;2;3;6;2;3;0;0;1;2;3;1;11;3;2;1;0;0;0;1;4;3;0;1;2;15;1;4;34;5;3;1;2;1;0;4;4;1;0;0;1;1;0;2;63;9;2;5;2;1;1;2;29;9;1;2;12;10;6;16;176;34;13;29;16;7;19;102;14;2;0;2;9;1;9;30;15;0;1;1;2;0;2;3;8;1;1;2;22;1;6;13;19;2;4;0;1;1;0;1;1;0;0;0;1;1;1;4;15;2;0;1;2;1;1;2;8;0;0;1;47;0;13;4;18;17;3;5;3;3;3;6;2;1;0;0;2;1;3;2;12;1;2;2;0;0;0;2;3;4;0;2;1;15;1;5;33;4;3;2;2;1;1;4;6;0;0;0;1;1;0;2;62;8;2;5;4;1;1;2;29;8;2;3;9;13;7;15;179;35;14;27;18;6;15;97;13;2;0;3;11;1;11;27;15;0;1;1;2;0;2;4;9;1;1;2;21;0;7;12;20;2;4;0;1;1;0;1;3;0;0;0;0;1;1;4;16;2;0;1;2;1;2;2;8;0;0;2;47;0;12;3;20;17;3;7;4;2;3;7;2;1;0;0;1;1;3;1;12;1;2;1;1;1;0;2;5;3;0;1;1;15;1;5;34;5;3;1;2;1;0;5;6;0;0;0;1;1;0;2;60;7;2;5;2;1;1;2;30;8;2;3;10;12;7;15"
37,"155;18;12;10;6;3;8;4;17;8;6;1;9;0;11;22;25;4;3;1;0;1;1;4;19;3;3;1;12;1;12;11;17;4;2;0;1;0;0;0;5;0;0;0;0;0;0;2;25;5;1;1;3;0;3;0;16;2;1;0;22;1;8;7;27;16;2;4;2;0;1;3;1;1;2;2;1;0;3;4;11;6;0;1;0;1;0;0;7;4;2;2;0;2;3;4;36;13;4;6;3;2;3;9;4;6;0;2;3;1;2;2;64;18;2;11;7;4;8;8;39;11;1;3;36;14;28;45;158;26;12;10;6;2;9;5;16;7;5;2;9;1;8;21;23;2;4;1;2;1;3;3;17;4;3;2;6;0;11;12;21;3;2;0;1;0;0;0;4;0;0;0;0;0;0;1;24;7;1;1;2;0;2;2;15;2;3;3;18;2;8;7;31;11;2;6;3;0;1;1;3;1;2;1;2;0;3;3;11;6;0;0;0;0;0;0;7;2;1;4;2;1;4;3;35;13;4;5;3;2;4;8;4;5;0;2;2;1;2;4;63;16;2;12;8;4;5;11;42;10;1;2;41;12;28;42;164;24;12;10;4;2;8;4;14;7;5;2;9;1;8;20;24;3;4;1;1;1;2;2;17;5;3;2;5;0;10;13;21;3;2;0;1;0;0;1;5;0;0;0;0;0;0;1;23;8;1;1;3;0;2;1;17;2;2;3;16;2;9;6;33;10;2;6;3;0;1;2;1;1;2;1;1;0;3;3;11;5;0;0;0;0;0;0;8;3;2;3;3;1;5;3;36;14;4;6;4;2;4;8;4;5;0;2;3;1;2;4;65;18;2;12;8;2;5;10;38;10;1;2;41;13;26;42"
38,"109;14;11;5;8;3;4;11;4;1;1;0;4;1;4;1;20;1;9;1;1;0;0;1;6;1;9;0;6;0;63;4;28;17;2;0;0;1;0;1;1;1;0;0;1;0;1;0;17;1;1;1;0;2;0;1;1;0;3;0;2;1;5;1;40;34;3;7;2;4;0;1;6;3;1;0;2;2;0;5;5;6;2;1;2;1;1;0;6;1;2;3;3;3;11;9;46;202;3;17;4;7;0;2;1;2;1;0;3;8;2;1;29;18;0;8;3;2;1;3;17;11;0;5;16;14;11;29;126;16;10;8;5;4;2;10;5;0;1;0;7;0;2;1;21;1;6;0;1;0;1;0;5;0;10;0;8;0;63;2;29;17;2;0;2;0;0;0;1;1;0;0;2;0;1;0;13;1;2;0;0;1;0;0;6;0;2;0;1;0;4;3;39;24;3;6;2;1;0;1;7;1;0;0;2;1;0;7;7;6;2;1;2;1;0;0;6;3;1;1;2;3;14;9;40;203;3;13;3;6;2;3;2;2;1;1;4;9;0;0;30;19;4;4;4;3;3;1;23;12;2;9;14;16;7;26;108;13;8;7;6;2;1;12;3;1;2;0;7;0;3;1;21;0;9;1;1;0;1;0;6;0;9;1;8;1;68;3;30;15;3;1;2;0;0;0;2;1;0;0;0;0;1;0;13;1;1;0;1;2;0;0;3;0;2;1;3;1;4;4;46;22;2;4;1;4;0;1;6;1;0;0;1;1;1;7;8;8;1;1;2;1;0;0;6;2;1;0;3;2;13;11;50;193;4;14;3;6;0;2;3;1;1;1;4;7;0;1;42;19;5;6;3;2;0;3;18;12;1;4;18;15;9;27"
39,"126;11;7;23;10;2;11;111;23;4;1;2;5;3;4;15;8;1;0;3;1;0;2;1;12;2;0;1;5;1;4;2;9;1;0;1;0;0;0;1;2;1;0;0;0;0;0;4;20;3;0;1;1;0;4;4;14;3;2;2;4;0;2;7;16;14;2;9;4;1;4;13;5;0;1;3;0;1;1;4;5;3;0;0;1;0;0;2;3;0;1;2;0;1;1;9;39;16;3;5;3;1;0;13;4;3;0;0;1;0;0;1;80;18;3;4;2;1;4;22;93;11;1;7;23;9;8;56;128;9;11;26;11;2;11;96;27;6;1;1;4;2;4;16;8;2;0;3;1;0;2;3;11;0;0;3;10;0;4;5;11;1;0;1;0;0;0;2;2;1;0;0;0;0;0;2;19;3;0;0;3;0;1;6;14;3;0;2;3;0;2;10;16;12;2;7;3;1;3;9;6;0;1;3;0;0;0;4;6;2;0;0;0;0;1;4;3;0;0;1;0;1;1;8;45;12;3;5;5;1;0;12;3;2;0;0;1;2;0;3;77;19;1;5;3;0;5;23;91;11;4;7;22;12;10;53;125;12;10;23;8;2;9;106;23;4;1;1;6;2;3;14;12;0;0;4;1;0;1;4;13;2;0;2;7;0;6;2;11;2;2;0;1;0;0;1;1;1;0;0;0;0;0;3;17;1;0;1;4;0;1;5;14;2;0;3;3;1;1;13;21;8;2;8;3;1;3;11;8;1;1;2;0;0;0;5;5;2;0;1;1;0;1;5;3;0;0;1;0;1;0;10;44;12;3;6;2;1;1;12;3;3;0;0;1;0;0;4;73;18;3;7;1;1;6;21;88;13;4;6;23;13;11;49"
40,"120;11;9;5;9;2;7;82;8;2;1;2;10;3;4;30;7;0;3;2;0;0;0;3;8;1;2;1;5;1;5;5;21;8;1;2;1;0;1;3;2;1;0;0;2;0;0;0;14;0;3;1;0;0;0;3;12;1;2;1;10;1;1;2;26;19;4;19;0;1;1;4;6;1;0;1;2;1;0;2;1;5;0;2;0;0;0;2;1;1;0;2;5;1;1;3;34;22;6;12;1;2;0;5;3;0;0;1;2;0;0;3;81;27;3;15;6;5;3;11;95;28;4;7;27;16;6;47;105;8;12;5;6;1;7;91;8;3;0;1;8;1;3;42;8;0;1;1;1;0;0;4;10;0;2;1;1;1;4;4;21;3;1;2;3;0;0;2;2;1;0;0;2;0;0;0;16;2;3;0;0;0;0;3;10;0;2;0;14;0;1;2;27;18;4;16;1;1;0;3;5;1;0;0;2;0;1;2;5;3;0;3;0;1;0;0;1;2;0;1;5;1;1;4;40;26;4;12;0;3;0;2;4;1;0;1;1;0;0;3;95;25;3;15;7;3;2;10;93;33;4;5;28;16;6;45;107;13;10;7;11;3;10;89;10;1;1;2;8;0;6;37;7;1;1;3;0;1;0;3;9;1;2;0;1;2;4;6;20;2;1;1;2;0;0;1;2;1;0;0;3;0;0;2;20;2;3;0;0;0;0;3;9;1;1;0;13;1;1;3;23;21;5;15;0;0;1;5;5;0;0;0;3;0;1;1;2;4;0;3;1;0;0;0;1;1;0;1;5;1;0;3;38;26;5;13;1;3;0;5;4;0;0;1;1;0;0;3;89;25;2;14;7;2;1;10;87;31;4;8;28;16;7;43"
41,"153;16;27;12;8;3;10;10;23;1;5;2;11;1;7;4;24;2;7;2;1;2;1;0;14;2;8;0;14;2;28;8;41;10;3;2;5;3;2;1;6;0;0;0;1;1;0;2;16;3;3;6;1;2;0;1;4;3;0;1;10;3;4;5;39;12;2;1;4;4;4;6;4;0;1;2;5;6;3;7;7;3;3;0;0;1;1;1;10;2;4;3;2;10;8;11;20;26;4;3;4;9;1;1;2;2;0;1;3;5;1;5;32;20;3;7;1;1;5;9;17;9;3;7;20;25;8;57;160;10;22;14;10;4;12;8;17;1;4;0;11;0;11;4;26;1;7;5;1;1;2;0;15;2;6;0;13;4;27;9;42;11;5;0;2;0;2;1;7;0;0;0;0;1;0;2;17;2;2;4;1;2;1;3;11;3;0;0;16;3;5;8;32;14;4;3;2;3;1;4;3;0;0;4;5;7;3;2;8;3;4;0;1;0;1;2;8;1;4;4;8;9;11;10;27;22;4;5;7;11;1;2;2;2;0;1;3;5;1;6;30;14;2;6;1;3;4;8;20;11;2;6;17;23;8;51;163;12;29;8;12;1;5;9;20;2;5;0;16;3;8;6;28;1;9;3;1;1;1;1;14;2;4;1;20;4;27;8;39;8;6;1;6;4;2;1;7;0;0;0;2;1;0;2;24;3;3;4;3;2;1;3;10;3;0;0;11;4;7;8;26;10;3;3;3;4;3;6;2;1;2;1;3;5;1;4;7;2;2;1;0;1;2;1;7;1;4;3;7;8;13;12;19;20;3;3;6;8;3;1;3;1;0;1;4;5;1;3;26;13;1;5;3;1;5;7;20;16;2;8;18;21;11;49"
42,"127;12;11;15;8;1;8;28;28;1;1;0;9;1;9;8;11;1;1;0;2;1;6;2;15;3;0;0;21;3;13;9;31;4;3;2;4;0;2;1;1;0;0;0;3;1;2;0;21;0;0;1;3;0;1;2;24;1;0;3;28;4;10;9;26;15;4;21;3;2;1;7;1;3;1;1;1;1;2;2;13;3;0;3;1;0;0;3;1;2;1;2;5;6;1;10;35;22;3;11;0;0;0;5;1;1;0;0;1;1;1;2;65;24;4;10;6;1;0;14;32;16;2;9;27;17;13;43;123;12;13;14;6;1;6;43;34;3;2;0;5;2;11;9;18;2;0;2;1;1;5;0;16;3;1;1;27;2;26;11;26;1;3;1;3;0;1;1;1;0;0;0;2;1;2;2;22;1;2;2;7;1;0;1;23;1;0;2;35;4;13;10;21;9;5;21;3;3;2;7;1;3;0;0;3;1;3;4;7;4;1;3;0;0;1;2;3;0;0;1;4;4;1;12;31;20;1;10;2;0;0;5;2;1;1;0;2;0;0;2;58;16;1;13;5;0;3;14;41;8;3;9;20;15;13;31;127;13;12;17;10;1;5;51;28;2;1;1;11;1;19;17;13;1;2;1;6;0;4;5;15;2;2;1;32;4;27;12;28;2;3;2;3;0;2;2;1;1;0;0;6;1;1;0;18;1;0;1;2;1;2;0;16;2;1;1;40;4;13;11;14;10;7;21;2;1;1;9;2;1;0;0;2;1;2;6;9;2;0;4;0;0;1;2;4;2;1;1;2;6;0;13;26;17;3;9;2;0;0;3;1;1;0;0;2;2;1;4;53;9;1;9;4;1;1;15;26;8;1;6;22;16;9;38"
43,"105;19;25;23;8;3;15;28;12;2;2;3;9;2;6;15;19;1;2;1;3;1;0;6;6;0;2;1;23;1;15;8;20;3;1;2;1;0;0;0;4;0;0;0;1;1;1;2;13;0;1;0;2;1;3;6;30;4;0;4;18;1;10;4;30;15;3;17;6;5;2;7;2;0;0;1;1;0;0;5;10;3;1;1;1;0;0;1;4;1;0;1;5;8;1;15;40;17;2;8;2;2;3;6;3;0;1;0;3;1;1;3;49;20;8;14;4;1;4;16;51;15;1;11;31;19;4;39;112;20;23;25;13;2;15;24;16;2;3;1;11;2;7;19;19;1;3;1;3;1;0;6;9;2;3;0;24;1;12;7;19;2;4;2;0;0;0;0;8;0;0;0;2;0;0;1;19;1;0;2;2;0;4;3;32;3;1;4;17;3;4;5;29;13;0;16;6;3;3;7;1;1;0;1;3;1;1;1;6;2;3;0;0;0;2;2;2;0;0;0;8;9;1;12;41;13;1;9;3;4;1;5;4;1;1;0;1;0;2;2;49;24;3;12;2;1;8;14;57;12;1;11;19;18;7;40;125;21;22;29;13;5;22;35;21;1;2;3;12;2;9;23;16;2;2;3;1;0;3;7;8;2;1;1;28;4;13;10;15;1;4;1;3;0;2;1;4;0;0;0;2;0;2;2;10;0;0;1;3;0;3;3;23;3;0;4;18;3;7;6;24;26;1;16;5;4;7;14;1;0;0;1;2;1;1;5;3;2;0;4;0;0;0;2;2;1;0;0;6;7;4;12;28;19;2;9;2;4;0;5;1;1;0;0;4;0;3;4;31;15;3;14;2;2;4;21;39;8;0;8;15;12;7;43"
44,"60;12;18;23;7;1;13;23;8;0;1;1;10;1;18;23;9;4;3;5;1;0;0;3;15;3;4;5;12;5;24;25;27;5;5;1;4;0;1;3;3;0;0;0;3;0;2;0;14;4;1;5;3;0;1;4;11;5;3;2;23;5;14;5;28;17;5;26;2;4;5;11;1;1;0;2;1;2;5;9;1;2;0;4;1;0;0;3;1;1;0;1;6;8;3;21;42;28;2;19;4;4;0;7;3;1;0;1;4;3;3;3;23;16;2;11;1;3;2;9;18;14;1;10;26;24;11;67;61;12;20;21;8;0;13;22;10;0;1;0;9;1;18;24;9;4;4;7;2;0;0;3;12;4;2;4;12;5;20;23;29;4;4;2;3;0;2;4;3;0;0;0;2;0;3;0;13;7;1;4;3;0;1;4;14;5;3;3;22;6;13;7;24;18;7;24;2;3;4;14;1;1;0;1;1;1;4;11;2;1;0;3;1;0;1;3;1;1;0;3;7;9;7;20;38;26;2;20;5;3;0;6;4;0;0;1;6;2;0;6;24;16;2;11;1;2;1;11;20;13;0;7;25;25;15;64;61;13;20;25;7;0;14;21;8;0;1;0;8;1;18;24;9;4;4;5;1;0;0;3;14;3;3;5;14;5;21;23;28;4;4;2;3;0;2;4;3;0;0;0;2;0;2;0;14;6;2;4;2;0;0;4;13;5;2;3;20;6;15;9;25;18;8;23;2;3;5;13;1;1;0;0;1;2;4;10;2;1;0;3;1;0;1;3;1;1;0;3;4;9;6;21;40;27;2;21;5;4;0;5;4;1;0;1;5;3;3;3;23;15;2;10;2;3;1;11;20;13;0;9;25;24;12;64"
45,"160;19;20;11;12;2;1;27;14;0;4;0;6;1;3;15;7;3;1;2;0;2;0;4;8;0;1;0;12;2;7;3;31;3;2;0;2;1;0;1;4;0;0;0;2;0;2;0;29;3;1;0;1;0;0;5;11;1;2;2;14;3;2;3;37;17;2;9;5;0;3;6;6;2;2;0;1;0;2;2;11;1;0;1;0;1;0;0;7;1;0;3;2;7;0;9;36;14;0;6;0;1;1;5;2;0;0;0;1;1;0;3;114;14;3;10;1;4;1;17;73;17;2;7;13;30;2;37;155;20;17;14;12;4;3;38;15;0;2;1;7;0;3;22;10;2;0;2;0;2;0;2;6;0;1;1;9;0;3;2;34;3;2;0;3;0;0;2;4;0;0;0;1;0;3;0;26;4;1;0;1;0;0;3;12;2;2;1;13;4;2;2;40;18;2;10;4;2;1;6;3;1;2;0;0;2;1;3;9;2;1;1;0;0;0;0;7;1;0;4;2;5;1;9;38;14;1;7;0;1;2;1;1;2;0;0;1;1;0;3;111;17;3;6;3;2;0;14;77;14;2;7;10;30;4;37;142;16;13;13;11;4;5;48;17;1;3;1;9;0;3;25;9;4;1;1;1;0;0;4;11;0;1;0;14;1;4;3;37;3;2;0;3;0;0;1;4;1;0;0;3;0;2;0;23;4;1;0;1;1;1;4;13;0;1;2;14;5;3;4;36;24;2;12;4;0;3;9;2;1;1;0;1;0;0;2;8;3;1;1;0;0;0;1;5;3;2;3;1;6;0;10;34;12;0;10;0;1;1;2;1;0;0;0;2;2;0;1;105;16;4;7;2;1;0;13;76;11;3;6;10;29;1;35"
46,"172;16;18;18;10;4;12;50;26;1;1;3;7;3;4;18;10;2;0;1;2;1;0;3;9;0;0;1;22;2;5;13;23;1;5;0;0;0;0;3;4;0;0;0;2;0;1;0;21;4;1;1;0;0;0;0;13;1;0;1;24;1;7;7;20;27;0;18;3;1;0;15;1;0;0;1;2;1;1;5;9;0;0;0;0;1;0;1;4;2;0;2;4;13;1;4;24;10;2;10;0;0;3;2;1;0;1;0;2;0;0;3;97;11;1;3;8;0;3;20;48;6;0;4;16;17;5;37;184;16;17;13;12;4;11;36;24;0;1;3;8;2;4;20;11;3;1;2;1;1;1;5;8;0;0;1;23;1;5;9;25;1;4;2;0;0;1;2;1;1;0;0;1;0;1;0;22;6;2;0;1;0;0;0;14;3;0;1;28;1;5;5;27;27;0;20;3;1;0;14;2;0;0;0;1;2;1;4;8;0;0;0;0;1;1;1;3;1;0;2;3;13;1;5;23;9;1;10;1;1;3;2;1;0;1;0;2;1;0;2;94;10;2;3;4;0;4;17;49;8;0;2;21;16;4;38;187;20;14;18;12;4;10;37;24;2;1;3;8;3;3;15;12;1;2;0;1;1;1;3;7;0;0;2;19;2;7;10;22;2;5;0;0;0;0;3;1;1;0;0;1;0;1;0;18;4;1;1;0;1;2;1;18;2;0;1;24;1;5;6;31;24;2;22;2;2;1;13;0;0;0;0;1;1;1;6;4;0;1;0;0;2;0;2;4;3;0;1;2;12;2;6;27;10;2;11;0;0;3;4;1;0;0;0;1;1;0;3;84;16;0;7;6;0;1;24;45;10;1;1;16;15;4;36"
47,"105;27;11;39;14;5;19;72;25;4;4;7;14;3;24;60;5;4;3;2;3;0;1;4;5;1;4;3;5;3;13;23;7;3;0;1;2;0;0;1;3;0;0;0;0;0;0;3;12;4;0;0;0;0;3;3;6;0;0;1;6;0;4;10;10;15;1;26;1;0;4;15;3;1;1;2;3;2;2;3;0;1;0;1;0;0;1;2;1;0;0;1;1;2;4;14;25;11;1;6;5;1;3;9;2;1;0;1;2;0;8;5;70;12;1;5;4;2;3;38;26;6;0;1;10;7;11;50;95;22;12;39;16;6;26;114;17;6;4;4;8;5;26;81;8;2;0;2;0;0;1;5;4;0;3;4;6;3;13;18;7;2;0;1;1;0;0;2;3;1;0;0;1;0;0;3;12;4;0;1;0;0;1;3;4;1;0;0;2;0;3;6;11;11;1;30;5;0;2;11;1;0;1;1;2;1;4;7;1;1;0;1;0;0;2;2;2;0;0;1;1;2;3;19;25;11;1;2;5;0;1;7;2;0;0;0;5;0;4;6;67;14;1;5;2;2;3;31;22;6;0;1;9;5;13;43;92;17;11;39;13;7;19;135;21;7;3;6;8;2;23;94;7;2;1;2;0;0;3;4;3;0;4;4;7;2;11;18;8;1;0;0;1;0;0;3;1;1;0;0;2;1;0;2;10;3;0;1;0;0;1;5;6;1;0;0;3;0;4;5;15;10;1;19;2;1;1;15;2;0;0;1;2;2;4;11;1;2;0;2;1;0;1;3;0;0;0;2;1;2;3;10;25;13;3;2;4;0;2;7;2;1;0;0;2;0;6;8;58;16;1;2;2;2;4;29;23;4;0;1;8;4;12;45"
48,"104;26;43;22;8;3;9;10;18;1;2;1;13;2;16;17;5;0;3;2;2;0;2;1;8;3;2;1;65;8;46;19;17;1;5;3;3;0;2;2;0;0;1;0;1;0;1;1;10;2;1;2;2;0;1;0;5;1;0;2;39;8;13;6;21;53;6;48;0;2;0;9;2;0;0;1;2;1;0;8;1;5;0;4;0;0;0;1;2;3;0;1;6;14;3;20;12;28;2;19;1;2;0;5;1;0;0;0;1;3;1;8;15;8;0;4;2;3;3;6;6;5;0;3;7;16;10;49;108;17;36;20;5;5;13;14;15;1;2;1;10;4;21;24;13;4;3;1;3;0;0;2;10;2;2;0;66;4;46;20;17;6;5;3;4;1;2;1;0;0;0;0;2;1;3;0;12;0;1;0;1;0;0;0;5;0;0;1;42;5;15;10;23;47;3;52;3;3;0;7;0;1;0;1;1;2;2;4;4;3;1;5;0;0;0;1;2;4;0;1;5;15;4;20;11;26;7;19;0;2;1;4;2;1;0;2;2;3;2;3;13;7;1;2;3;1;0;6;10;2;1;7;7;16;8;32;95;17;42;17;10;7;8;8;14;1;1;0;14;3;30;29;9;0;5;0;4;1;1;1;13;3;2;2;82;9;55;23;16;2;4;2;2;0;2;0;0;0;0;0;2;0;3;1;5;1;0;0;3;0;1;1;8;0;0;0;48;5;27;8;12;60;3;57;0;0;1;9;0;0;1;2;1;0;2;6;2;2;1;1;0;0;0;0;1;1;0;1;6;10;4;17;9;18;0;18;0;2;1;8;1;1;0;1;1;2;1;4;14;7;0;5;1;1;3;4;6;3;2;3;6;14;14;27"
49,"90;23;7;22;5;2;8;81;16;7;2;3;6;3;7;60;7;1;1;0;1;0;1;1;15;0;0;0;0;0;3;7;10;1;0;1;1;0;1;5;1;0;0;0;0;0;0;2;5;1;1;0;1;0;0;0;8;2;0;0;0;0;2;6;20;122;2;68;2;2;0;21;1;1;0;1;1;1;1;12;1;3;1;0;0;1;0;2;2;0;1;0;1;2;0;9;19;42;0;19;0;1;0;16;1;0;0;1;0;0;1;9;82;19;1;7;3;5;9;20;13;0;1;1;3;5;6;35;82;27;8;23;6;2;6;82;12;4;3;1;8;5;7;73;4;1;0;0;1;0;1;2;16;0;0;0;2;1;3;7;7;1;0;1;0;0;0;4;2;0;0;0;0;0;0;2;8;1;0;1;1;0;0;1;3;0;0;0;0;0;2;7;21;137;4;65;1;0;0;16;1;1;0;1;0;1;2;14;1;4;0;0;0;0;0;3;1;0;0;0;2;0;0;6;26;46;0;24;0;2;0;16;2;0;0;0;0;0;1;8;73;15;1;5;5;3;6;21;9;1;0;1;3;3;9;35;89;23;6;19;5;2;9;96;11;4;2;2;7;3;8;87;6;1;1;0;1;0;1;2;14;1;0;0;2;0;4;6;8;2;0;1;0;0;0;5;2;0;0;0;0;0;0;2;7;1;0;0;2;0;0;2;7;0;0;0;0;0;1;5;18;107;3;70;0;3;0;16;1;1;0;2;1;1;1;16;5;3;0;0;0;0;0;4;1;2;0;0;1;4;0;6;18;33;0;19;1;2;0;14;1;0;0;0;0;0;1;10;73;18;1;6;4;1;5;30;11;1;0;1;1;8;10;32"
50,"93;19;8;32;8;2;13;82;21;4;1;1;15;3;20;36;14;0;0;2;0;0;2;6;19;3;1;2;16;2;9;18;8;0;0;2;2;0;0;1;1;0;0;0;0;0;0;1;25;1;0;2;0;0;1;2;32;3;1;0;8;1;5;10;19;6;3;8;1;0;1;10;2;0;0;0;1;1;2;1;8;1;0;2;0;0;1;3;2;1;0;0;1;0;0;3;39;17;0;5;2;0;1;5;3;0;0;0;0;0;1;2;113;17;1;11;8;1;1;21;75;9;0;0;18;3;8;28;79;22;5;37;7;1;13;78;20;2;1;1;16;4;20;36;14;1;0;3;1;0;2;6;21;1;1;2;14;2;11;15;3;0;0;2;1;0;0;2;1;0;0;0;0;0;0;1;24;2;0;1;0;0;1;1;34;1;1;0;11;1;4;9;28;11;4;9;1;0;2;9;2;0;0;0;2;1;1;3;9;0;0;1;0;0;1;2;2;1;0;0;1;1;0;4;38;15;0;7;3;0;1;4;3;0;0;0;0;0;1;5;134;21;0;9;9;0;2;8;80;5;0;1;15;3;11;18;89;20;5;34;7;2;14;85;19;2;1;1;17;4;21;34;17;1;0;3;1;0;2;6;17;2;2;2;16;1;13;18;5;0;0;2;2;0;0;1;1;0;0;0;0;0;0;1;20;1;0;1;1;0;1;1;32;1;0;0;8;2;8;10;26;10;4;10;2;0;1;9;4;0;0;0;1;1;2;1;8;0;0;1;0;0;1;2;1;1;0;0;0;1;1;4;34;14;1;4;3;0;1;5;2;0;0;0;0;0;1;5;136;21;0;10;8;0;2;10;71;5;0;0;14;2;11;19"
51,"74;34;25;57;11;7;22;69;17;2;1;2;8;4;26;57;6;1;0;0;0;0;0;4;5;1;0;1;35;5;32;34;8;2;5;2;0;0;0;2;0;0;0;0;1;0;0;1;7;0;0;2;1;0;0;0;2;0;0;0;27;1;19;4;7;34;4;39;0;2;1;20;2;0;0;3;1;1;3;15;1;0;0;1;0;1;0;1;0;0;0;0;1;4;3;6;6;19;0;10;3;3;0;14;0;1;0;1;0;1;0;3;72;4;1;3;2;0;2;11;25;2;0;3;17;9;9;29;38;33;14;67;11;6;23;80;11;0;2;1;7;1;30;72;7;0;1;0;1;0;1;3;8;1;1;1;47;1;39;33;3;1;0;1;2;0;1;1;1;0;0;0;1;0;1;1;9;0;1;1;0;0;1;0;5;0;0;0;35;2;19;4;10;38;2;55;2;2;0;32;0;0;0;2;1;1;2;10;1;0;0;0;0;0;0;0;0;0;0;0;0;1;1;3;5;22;1;9;2;2;0;10;0;0;0;1;1;0;0;3;80;6;0;4;0;1;0;7;28;1;0;0;24;1;8;15;35;28;12;60;9;2;18;100;9;0;2;0;8;0;30;74;4;0;1;0;1;0;1;2;9;1;1;1;41;4;52;35;3;0;1;2;1;0;1;1;1;1;0;0;1;0;0;0;7;0;0;1;0;0;1;0;4;0;1;0;41;1;23;4;8;36;1;59;0;5;1;27;1;0;0;1;1;1;1;11;2;2;0;0;0;0;0;0;0;0;0;0;0;1;2;4;5;18;0;13;1;2;0;6;0;0;0;0;0;0;0;3;73;9;0;4;0;0;0;6;38;1;0;0;30;1;3;12"
52,"86;15;13;35;13;3;12;79;23;1;1;1;6;4;10;45;16;1;2;4;0;1;0;4;18;1;2;3;13;2;16;22;8;2;1;1;2;0;0;3;5;0;0;0;4;0;1;0;15;1;0;0;1;0;1;2;10;2;2;2;29;2;10;8;20;12;3;10;3;2;1;14;2;0;0;1;1;0;4;10;2;0;0;2;1;0;0;4;3;4;0;0;2;1;1;7;32;11;3;10;2;0;0;8;3;2;0;1;2;1;2;1;54;18;5;12;3;3;1;24;48;10;0;3;26;12;9;44;70;17;14;29;17;1;10;108;19;3;0;4;14;4;25;58;12;1;0;3;2;0;2;5;13;1;3;2;27;1;19;27;7;2;2;1;2;0;0;1;1;0;0;0;3;0;1;3;12;1;0;0;3;0;1;5;11;0;1;4;28;2;12;9;16;16;1;20;0;1;2;15;2;0;0;0;2;1;2;5;1;1;0;0;1;0;0;1;1;0;0;0;4;1;2;3;22;8;2;9;0;0;0;10;2;1;0;2;1;0;1;3;63;15;1;10;2;1;1;14;60;6;1;2;19;8;4;35;66;12;14;28;17;2;13;102;19;3;2;0;11;5;26;56;10;1;0;2;2;0;3;4;19;1;0;2;30;2;23;28;8;1;1;1;0;0;0;2;2;0;1;0;3;0;1;1;15;1;0;1;1;1;2;4;17;0;0;3;26;1;14;11;21;16;0;17;1;0;2;15;3;0;0;0;2;2;2;5;0;1;0;0;0;0;0;2;1;0;0;0;1;0;2;4;21;7;2;8;0;1;1;6;3;0;0;1;1;0;1;5;68;15;0;8;1;0;1;15;66;5;2;2;23;5;4;34"
53,"96;16;13;27;11;5;10;38;26;5;2;3;18;7;10;52;14;3;1;1;4;0;4;4;10;0;1;1;14;4;15;21;18;2;1;0;0;0;3;2;3;0;1;1;1;0;3;0;15;1;1;1;0;0;3;2;10;0;0;0;14;3;9;17;25;31;0;18;0;1;0;20;1;2;0;2;0;2;3;14;4;1;0;1;2;2;0;4;6;2;0;0;3;2;1;8;38;23;1;19;1;1;0;14;1;0;0;0;0;0;1;6;34;13;2;8;4;3;2;20;39;6;1;1;14;10;12;48;93;18;15;34;14;5;15;48;24;3;3;3;14;8;11;50;9;0;1;3;2;0;3;5;11;0;1;1;14;3;13;23;18;2;2;0;0;0;3;0;1;0;0;1;0;0;2;0;13;0;1;1;1;1;3;1;12;0;1;0;15;5;9;12;25;24;0;16;1;1;1;20;1;1;0;2;1;0;4;18;6;2;0;1;0;1;0;2;5;1;0;0;2;2;1;7;40;19;1;18;3;1;1;11;1;1;0;1;0;0;0;10;44;19;3;11;4;1;3;16;42;6;1;2;11;7;8;43;101;17;16;25;10;7;10;50;19;4;2;2;20;6;10;41;11;0;0;2;1;0;3;4;10;2;1;0;20;4;17;18;16;2;1;0;0;0;0;0;1;0;0;1;0;0;1;1;15;1;1;1;1;0;2;4;10;0;0;1;17;3;13;9;26;28;0;23;1;1;0;13;2;1;0;3;0;4;4;13;4;0;0;0;1;1;0;2;3;0;0;0;1;2;1;9;34;21;1;19;1;1;2;16;0;1;0;1;1;0;0;11;52;22;3;10;2;2;4;18;42;11;1;0;13;7;9;42"
54,"122;20;9;18;12;1;8;103;19;4;2;2;13;2;15;122;10;3;0;3;1;1;0;4;16;3;0;0;18;0;4;11;8;1;3;1;0;0;1;3;1;0;0;1;1;0;0;0;10;1;1;1;4;2;0;1;13;0;1;0;11;1;8;4;31;9;0;15;0;0;0;8;1;4;0;1;0;2;1;7;4;3;0;0;0;2;1;2;3;3;0;0;2;1;0;5;24;8;1;6;1;2;3;10;5;0;0;0;0;0;2;4;54;19;4;8;6;3;4;19;31;9;0;1;12;7;11;41;91;22;8;22;14;2;14;82;27;3;0;0;10;3;15;125;20;1;0;2;5;0;0;5;11;1;0;0;20;0;10;12;8;1;2;0;1;0;0;0;1;1;0;0;0;1;0;2;21;3;2;0;3;0;0;2;17;0;0;0;11;0;6;8;20;13;2;15;1;0;1;11;0;1;0;0;0;1;0;7;5;2;0;2;0;2;0;1;1;2;0;1;2;0;1;4;18;7;2;8;2;1;4;5;6;1;0;0;1;0;0;2;91;10;3;4;7;4;0;9;60;8;0;1;10;4;14;32;100;22;8;19;12;0;13;94;19;2;1;1;10;2;10;123;15;2;1;1;1;0;0;5;13;1;1;0;16;0;9;16;10;0;2;0;2;0;0;1;1;0;0;0;1;1;0;1;20;2;1;0;2;0;0;2;12;1;0;0;12;0;7;8;16;8;2;16;0;0;3;14;1;2;0;0;0;3;0;4;8;1;0;2;1;2;0;1;4;2;1;0;3;1;0;2;23;8;1;7;1;0;1;4;5;0;0;0;0;0;1;2;100;11;2;7;7;3;1;10;58;10;0;2;11;5;12;32"
55,"134;13;4;10;9;3;17;110;45;2;2;5;23;3;9;176;10;1;1;1;1;1;1;4;9;1;2;1;11;1;8;19;8;1;0;0;0;0;0;6;3;0;0;0;1;0;0;0;6;0;0;2;1;0;4;10;14;0;1;0;4;0;7;11;10;2;0;0;2;0;1;12;5;0;0;0;0;1;1;6;0;1;0;1;0;0;0;1;0;0;0;0;1;1;1;5;15;4;1;2;1;1;2;6;1;1;0;0;0;0;1;4;26;8;3;8;3;0;3;48;23;5;0;1;7;1;5;77;111;11;3;12;6;1;15;122;25;4;2;4;12;2;15;202;9;2;1;1;1;0;1;1;7;0;1;0;5;2;14;26;7;1;0;1;0;0;1;2;3;0;0;0;0;0;1;0;10;0;2;1;0;1;3;0;17;1;0;0;8;0;4;7;11;3;0;3;0;1;3;9;0;0;0;0;0;1;1;5;5;0;0;0;1;0;0;2;1;0;0;0;1;1;1;3;21;4;0;4;3;0;1;5;2;0;0;1;1;0;1;4;88;14;1;7;5;2;8;21;28;4;1;1;12;2;10;33;111;17;10;19;9;2;23;142;24;4;2;3;17;5;10;206;10;1;1;0;0;0;3;4;9;0;1;0;10;0;8;27;8;2;0;1;0;0;0;4;3;0;0;0;0;0;0;0;12;1;0;1;0;1;3;4;18;1;0;0;7;0;6;10;8;2;0;1;1;1;1;9;0;0;0;0;0;0;0;8;2;0;0;0;1;0;0;0;1;2;0;0;3;2;0;4;14;2;0;3;0;1;2;8;4;0;0;0;1;0;1;4;32;7;0;9;6;1;9;18;29;3;0;0;10;2;7;45"
56,"155;12;8;5;10;0;6;40;39;8;2;9;5;5;5;106;18;2;0;1;0;1;1;1;7;2;1;0;6;1;2;8;12;1;1;2;0;0;1;0;0;1;0;0;0;0;1;2;18;1;0;2;0;0;2;1;6;0;0;2;2;0;0;3;19;6;0;2;2;0;1;8;3;1;0;0;2;2;0;6;5;1;1;0;0;0;0;1;6;0;0;1;3;0;0;4;29;7;0;4;1;0;3;7;0;1;0;0;2;1;0;6;141;11;2;4;8;4;9;44;37;7;4;7;15;3;10;59;156;18;7;8;13;2;8;43;32;9;3;10;11;5;14;108;12;4;2;1;0;1;1;2;10;0;0;0;3;0;3;6;11;1;1;2;1;0;2;2;1;1;0;0;0;0;0;1;23;0;0;2;0;1;1;0;5;1;0;0;0;0;1;5;12;3;1;3;4;0;0;9;1;0;0;0;1;2;0;9;7;0;0;0;2;0;1;0;5;0;2;1;3;0;0;2;19;7;0;2;2;0;1;6;1;0;0;0;2;0;0;7;145;10;1;4;9;3;13;38;36;5;3;3;11;5;13;56;144;15;8;10;12;1;10;49;35;11;1;8;14;5;11;104;15;4;1;2;0;1;0;0;10;0;0;0;4;1;4;7;12;0;0;1;1;0;2;2;1;1;0;0;0;0;0;1;19;1;1;1;0;1;2;0;6;1;0;3;1;1;0;5;17;5;0;3;3;0;1;8;2;2;0;0;2;1;0;11;8;1;0;0;2;0;1;0;4;0;0;1;0;1;2;5;19;8;0;2;0;1;4;7;2;2;0;0;2;0;0;7;137;6;1;4;9;5;6;36;37;5;3;2;12;2;13;62"
57,"191;21;17;9;20;5;15;23;17;4;3;3;7;2;12;21;28;6;2;3;1;0;0;1;22;1;0;3;5;1;7;7;29;3;0;1;2;0;1;1;1;0;0;0;0;0;1;1;24;4;1;1;3;1;0;2;11;0;0;1;5;1;2;4;52;8;2;5;6;2;2;6;4;3;1;2;6;0;1;3;10;2;2;0;2;0;0;3;6;2;0;0;2;0;2;5;39;10;2;3;1;2;4;3;4;0;0;1;1;2;1;2;83;21;2;8;6;3;4;9;28;9;2;4;25;7;12;30;196;25;19;9;21;4;14;22;18;3;4;3;9;3;13;20;31;6;1;2;1;0;0;1;24;1;0;3;5;1;9;7;26;3;0;1;3;0;1;2;1;0;0;0;0;0;1;0;26;2;0;1;2;1;2;2;12;0;0;1;9;1;1;3;54;4;2;4;6;2;2;5;3;3;1;2;3;3;1;4;10;2;1;1;2;0;0;3;5;3;0;0;2;0;4;5;36;7;1;5;2;1;2;3;4;0;0;1;1;1;2;2;75;18;3;7;6;3;3;15;22;8;1;1;23;6;16;36;196;28;19;8;19;4;12;19;20;2;3;2;12;3;11;20;28;5;1;2;2;0;1;1;21;1;0;4;4;2;9;7;26;3;0;0;2;0;1;2;1;0;0;0;1;0;1;0;25;3;0;1;2;1;0;4;10;0;0;1;6;1;1;6;51;4;2;5;8;1;2;9;3;4;1;3;4;1;1;3;10;3;1;0;2;0;0;2;4;2;0;0;1;1;3;5;36;7;1;5;2;1;1;3;5;0;0;1;1;1;2;1;81;18;3;10;7;4;4;16;24;9;2;1;22;6;15;35"
58,"215;23;20;21;17;6;11;16;25;2;2;0;21;3;11;16;18;1;0;0;4;2;0;2;17;0;3;2;15;4;7;19;19;3;3;1;1;0;1;2;1;0;0;0;2;0;2;1;22;1;3;0;2;1;2;1;13;0;1;0;11;1;8;7;30;26;1;8;3;2;6;10;1;1;0;0;1;1;1;5;7;0;0;2;0;2;0;1;2;1;0;1;2;4;2;9;36;10;2;6;2;1;1;3;4;1;0;0;4;1;0;0;63;17;4;5;2;4;4;8;29;7;2;1;18;6;9;33;224;33;18;27;16;5;12;14;21;2;1;0;15;4;12;14;19;0;0;0;4;4;1;1;19;0;4;1;9;4;8;11;24;2;3;0;1;0;0;1;2;0;0;0;1;1;0;1;26;0;2;0;2;1;2;1;13;1;1;1;6;1;7;7;40;22;1;10;4;3;4;7;1;1;0;1;4;1;1;4;9;2;0;2;0;2;0;2;3;1;0;0;4;2;1;7;33;11;6;4;2;0;1;5;3;1;0;0;3;1;0;3;60;13;4;6;2;5;4;8;31;6;2;2;13;8;6;32;226;26;22;25;16;6;11;11;24;3;2;1;15;4;13;14;26;0;1;0;3;4;1;1;24;1;1;1;10;3;5;11;23;2;3;0;1;1;0;1;1;0;0;0;1;0;1;1;27;0;1;0;3;1;2;0;15;2;1;0;7;1;6;8;37;20;1;4;4;2;5;6;2;0;1;1;2;0;1;6;9;0;0;2;0;2;0;1;2;1;0;2;5;3;1;6;37;11;2;4;3;0;1;5;3;1;0;0;3;2;0;3;57;15;6;6;2;3;4;9;30;5;2;3;15;8;10;28"
59,"102;23;11;26;14;4;19;166;21;3;0;1;12;3;13;130;11;2;0;1;3;1;2;7;12;0;1;0;8;1;7;18;5;0;1;1;4;0;2;4;2;0;0;0;1;0;0;2;7;1;0;2;2;1;2;6;13;0;0;3;7;0;3;9;12;18;2;16;0;1;0;11;1;0;0;0;2;0;0;11;1;2;0;0;0;0;2;2;3;0;0;3;0;0;2;1;14;4;0;4;2;0;1;10;3;0;0;0;0;1;0;5;55;5;2;5;2;2;3;14;53;5;0;5;6;1;5;27;104;15;8;24;16;4;26;186;21;3;1;1;9;2;10;134;14;1;0;0;1;1;6;5;8;0;1;0;10;2;8;17;4;1;0;0;4;0;0;3;1;0;0;0;0;0;0;4;8;1;0;1;3;1;2;4;15;1;0;3;7;0;3;7;14;16;2;15;0;1;0;5;2;0;0;0;2;0;0;10;1;1;0;1;0;0;1;1;1;0;0;2;1;0;2;2;10;4;0;4;1;0;1;10;3;0;0;0;0;0;0;5;65;4;3;7;3;2;4;15;49;3;1;2;5;5;4;23;100;20;9;27;17;4;26;183;21;3;1;1;7;2;6;135;15;2;0;0;1;1;4;6;8;0;1;0;6;2;3;12;5;2;0;0;4;0;0;3;2;0;0;0;0;0;0;3;7;0;0;1;2;1;2;4;12;1;0;3;9;0;7;9;14;15;2;16;1;1;0;5;2;1;0;0;2;0;0;10;1;1;0;1;0;0;2;2;2;0;0;2;1;0;2;1;12;5;0;4;1;0;1;11;4;0;0;0;0;0;0;4;65;5;3;7;2;2;4;15;54;6;0;2;4;3;3;23"
60,"150;25;4;35;8;5;9;163;35;3;0;2;9;4;2;33;11;0;1;0;1;1;2;7;7;1;1;0;7;1;6;3;11;1;1;1;1;0;0;5;0;0;0;0;1;0;0;1;11;1;1;0;2;0;1;7;5;2;0;3;2;0;5;4;18;8;3;8;1;3;1;22;3;1;1;0;1;0;1;4;4;1;1;0;0;0;1;2;4;1;0;2;0;1;2;7;18;5;1;3;0;2;0;13;1;1;1;1;0;1;0;6;79;20;1;11;5;1;4;32;53;4;3;1;7;10;4;33;148;22;9;26;12;5;13;144;32;3;1;0;10;2;7;38;12;2;2;1;1;1;2;4;8;2;1;0;6;0;5;7;9;3;1;2;1;0;0;1;2;0;0;0;1;0;0;1;14;2;0;2;1;1;1;5;16;3;0;0;4;1;7;7;26;8;3;6;1;2;3;8;2;3;1;1;1;0;1;1;7;1;1;0;0;1;0;4;5;1;0;0;0;1;0;5;21;9;1;5;1;2;1;4;3;0;0;3;1;0;0;5;77;16;1;11;1;0;1;37;54;3;1;2;10;9;5;36;136;26;12;30;14;6;8;157;27;4;1;0;14;5;8;35;11;2;2;0;0;1;1;8;10;0;1;0;4;3;5;9;15;1;2;1;1;0;0;3;1;0;0;0;1;0;0;1;10;2;0;0;1;1;2;9;10;2;0;0;6;1;6;6;20;4;3;5;0;2;2;19;6;0;2;0;0;2;1;6;7;1;0;0;0;2;0;2;4;2;1;0;3;1;1;10;19;5;1;7;1;3;1;11;2;0;0;2;0;0;0;7;75;10;4;7;2;4;3;27;44;5;2;2;5;10;7;30"
61,"129;18;7;21;9;3;21;169;24;4;1;4;15;3;10;87;7;1;0;2;1;0;0;4;7;1;1;0;2;0;3;20;7;0;2;0;0;0;2;2;0;0;1;0;0;1;0;1;9;3;0;0;3;0;1;7;9;0;0;1;6;1;2;9;14;11;1;7;0;0;1;22;0;0;0;0;2;0;0;5;3;0;1;0;1;1;0;3;4;0;0;1;1;0;2;9;15;14;1;8;1;0;2;9;1;0;0;1;1;0;0;5;61;8;5;8;4;0;3;37;38;4;1;0;11;8;4;44;132;17;9;22;11;4;12;198;19;4;0;1;8;1;6;86;14;1;1;1;2;0;1;4;9;1;0;1;9;2;4;11;10;2;1;0;0;0;0;2;0;0;0;0;0;0;1;0;4;0;0;1;2;0;2;6;6;0;0;0;7;1;5;8;17;19;1;15;1;1;1;13;4;0;0;0;2;0;0;2;0;0;1;1;0;0;0;4;1;0;0;1;2;0;1;8;14;11;1;11;2;0;2;8;4;0;0;0;1;0;0;3;67;12;3;13;5;1;2;20;39;5;0;6;10;6;7;27;121;20;10;30;10;7;17;202;16;3;0;5;6;4;8;102;8;0;0;1;0;2;0;8;8;3;0;0;6;0;3;15;8;2;1;1;1;0;0;5;1;0;0;0;1;0;1;1;4;0;2;3;0;0;0;7;6;1;2;0;6;0;4;6;24;14;1;4;0;0;1;20;1;1;1;0;2;0;1;9;1;0;0;1;0;0;0;4;2;0;0;1;3;0;0;2;19;14;0;8;1;2;2;11;1;0;0;0;1;0;0;5;45;13;2;11;4;1;3;23;28;4;1;1;9;6;4;34"
62,"104;27;5;22;5;1;5;84;21;1;2;1;1;0;1;30;4;0;0;1;0;0;0;3;5;0;0;0;1;0;0;4;9;1;2;1;0;0;0;2;0;0;0;0;0;0;0;0;6;1;0;0;1;0;1;3;7;0;1;0;1;0;1;3;31;101;5;41;1;1;0;17;4;2;0;0;0;1;0;11;2;1;0;2;0;2;0;0;1;2;0;1;0;0;0;3;26;56;3;30;1;1;2;13;6;2;0;0;0;1;0;3;61;32;4;13;2;5;1;24;63;9;3;7;4;5;3;47;87;21;3;14;5;2;7;107;26;0;1;2;1;1;1;41;7;0;1;2;0;0;0;3;5;0;0;0;1;0;0;7;8;1;2;1;1;0;0;2;2;0;0;0;0;0;0;0;6;1;0;0;1;0;0;4;9;0;1;0;1;0;2;4;30;109;2;43;0;0;1;12;3;2;1;0;0;1;0;5;5;2;2;0;0;1;0;1;1;1;1;0;0;2;1;4;22;58;3;26;1;3;1;5;5;3;0;2;2;1;0;1;53;25;5;12;4;1;2;20;72;8;2;3;8;6;9;40;98;22;10;21;7;2;7;92;18;2;2;0;1;0;3;43;4;1;2;2;0;0;1;3;6;0;0;0;0;0;0;7;8;1;2;0;1;0;0;4;2;0;0;0;0;0;0;0;6;1;1;0;1;0;0;1;10;0;0;0;1;0;1;3;29;102;5;36;0;3;2;19;5;3;1;1;0;2;1;6;4;2;0;0;0;2;0;3;2;2;0;0;0;1;0;6;26;47;2;32;1;2;1;5;5;1;0;1;0;0;0;3;50;29;1;11;3;4;2;27;63;5;1;5;5;9;6;43"
63,"82;28;11;35;1;2;6;41;9;2;2;6;7;2;16;36;10;1;0;3;1;1;1;0;13;1;1;2;11;3;17;14;12;3;3;2;1;0;1;1;2;0;0;0;0;0;0;4;24;5;1;1;0;0;0;3;18;1;0;0;6;2;9;5;36;15;1;13;2;1;5;20;3;3;0;0;1;0;3;15;3;2;0;2;0;1;0;1;2;1;0;0;1;1;2;9;48;13;1;15;4;3;1;8;2;1;0;1;2;3;4;6;68;42;3;10;0;3;5;13;53;9;1;4;32;7;13;37;76;30;13;43;2;2;7;37;9;3;0;3;6;1;17;32;9;6;0;3;1;1;0;3;14;2;0;3;8;1;16;9;11;4;1;4;0;0;0;0;2;0;0;0;0;0;0;3;22;2;0;2;1;0;1;3;20;3;0;1;6;1;8;4;37;24;4;12;2;2;1;30;1;5;0;0;3;0;2;13;1;0;0;3;0;0;0;3;2;1;0;0;4;0;1;6;55;22;2;16;5;4;0;9;0;0;0;0;0;3;3;9;69;39;4;12;3;2;3;16;44;8;0;4;25;6;11;37;72;30;12;48;3;1;5;40;8;3;1;5;4;2;12;30;5;5;3;4;0;1;0;1;10;2;0;1;8;0;15;8;14;3;2;2;0;0;0;0;2;1;0;0;0;0;2;3;18;6;2;0;1;0;0;4;12;1;0;1;4;1;5;0;43;23;3;23;2;1;3;25;4;3;0;1;2;0;2;12;2;0;0;2;1;0;0;1;3;1;0;0;4;1;0;9;61;24;2;17;4;2;1;13;1;1;0;1;1;1;1;7;77;40;3;11;2;3;3;19;52;10;0;5;18;8;12;30"
64,"125;22;6;31;7;4;9;50;14;4;0;3;9;1;25;69;10;0;0;1;0;0;0;4;7;3;0;2;5;1;8;16;23;1;1;0;0;0;1;1;1;0;0;1;0;0;1;2;25;3;0;2;2;0;0;3;11;1;0;0;3;2;5;6;39;20;2;6;2;3;5;13;6;3;0;1;3;3;0;10;8;1;1;0;1;1;0;1;4;1;0;2;2;3;0;4;43;22;3;6;2;3;2;7;4;0;0;0;3;1;2;4;53;26;5;12;6;6;1;16;29;21;0;1;12;11;13;34;113;20;8;28;9;3;10;47;18;6;1;2;16;1;29;66;24;2;0;1;5;1;1;4;12;2;1;4;9;0;16;18;16;2;2;0;0;0;0;1;2;0;0;0;0;1;2;1;25;4;0;0;1;0;2;2;29;1;0;0;13;1;7;8;27;12;1;4;1;1;5;8;2;1;0;0;3;1;3;8;7;2;0;1;1;0;0;0;4;0;0;1;1;1;2;9;43;10;2;4;3;3;1;5;6;0;1;0;6;0;0;3;63;14;4;6;8;1;1;17;34;11;0;2;20;8;13;32;112;14;6;25;11;2;13;41;25;4;1;3;16;2;25;69;15;4;0;2;5;0;0;4;15;1;1;2;23;2;28;24;14;3;1;0;1;0;0;0;1;0;0;0;0;1;0;1;28;2;1;3;1;0;3;3;33;1;0;1;25;3;14;12;18;10;4;4;1;1;5;9;3;1;0;0;2;1;3;4;3;0;1;0;1;0;2;1;5;2;1;1;8;0;0;2;28;10;2;2;2;1;0;4;5;0;0;0;3;0;2;6;47;11;3;5;8;3;1;19;29;8;1;1;26;3;18;36"
65,"126;15;4;24;5;3;7;51;48;7;3;6;12;3;18;71;11;3;0;0;0;0;1;2;21;1;0;2;4;1;1;21;8;0;0;1;0;0;2;1;1;0;0;0;0;0;0;0;13;1;0;1;1;0;1;6;8;0;0;1;3;1;6;7;16;4;0;9;0;0;1;16;5;1;0;0;0;0;3;12;1;0;0;0;0;0;0;2;0;0;0;0;2;0;0;1;22;10;1;1;2;1;3;16;2;3;0;0;1;0;0;13;81;22;2;14;8;0;8;61;27;2;2;3;19;1;18;75;131;17;3;26;5;1;5;55;50;9;0;5;12;2;13;71;12;0;0;0;1;0;0;3;19;0;1;2;3;1;1;17;7;0;0;0;0;0;1;2;2;0;0;1;0;0;0;0;17;2;1;1;0;0;1;5;6;0;0;2;0;1;8;8;16;7;1;5;1;0;3;14;3;1;0;1;0;0;4;10;0;0;0;0;0;0;0;2;0;0;0;0;1;0;0;1;24;11;2;3;3;1;0;20;2;2;0;1;0;0;1;10;83;22;2;14;6;0;7;59;29;4;0;5;19;1;16;77;131;20;4;22;5;1;8;57;47;11;2;4;10;2;14;66;11;1;0;1;1;0;0;2;20;0;1;3;4;0;3;17;5;1;0;1;1;0;1;1;2;0;0;0;0;0;0;0;18;2;0;0;0;0;2;5;8;0;0;1;2;1;5;9;13;4;1;6;1;0;2;12;5;1;0;1;0;0;3;10;0;0;0;0;0;0;1;2;0;0;0;0;1;0;0;0;20;12;0;1;4;1;0;20;1;2;0;1;0;1;1;11;86;22;4;14;8;2;5;62;27;5;0;2;17;1;18;80"
66,"163;18;7;15;9;1;7;43;38;4;4;5;8;5;7;85;18;2;1;1;0;0;1;2;8;3;0;2;5;1;8;9;13;1;0;1;2;0;1;0;1;0;0;0;0;0;0;1;13;2;1;0;2;0;0;5;8;2;1;0;7;1;1;4;21;7;1;4;2;1;4;9;5;3;0;0;1;0;1;9;4;1;0;4;0;1;0;1;3;2;0;0;1;1;2;2;21;7;1;2;3;0;3;10;1;2;0;0;0;0;4;12;116;10;2;7;12;1;9;29;27;7;0;7;12;4;7;71;162;19;13;13;15;4;14;49;42;7;1;5;10;2;9;93;25;4;0;0;2;0;3;6;9;2;2;2;1;0;6;11;10;2;0;2;2;0;1;3;2;0;0;0;0;0;1;1;14;2;0;2;2;0;1;4;7;1;0;1;2;2;1;6;20;4;4;3;2;0;1;10;5;1;0;2;2;0;1;9;3;0;0;2;0;1;1;1;2;0;0;0;0;0;0;2;14;5;3;0;4;0;3;10;2;1;0;0;1;0;2;9;112;8;2;5;8;1;7;34;22;5;1;8;4;4;8;65;175;18;7;15;13;3;16;50;38;9;3;3;12;3;8;96;21;2;2;2;1;0;1;4;7;2;1;2;7;2;6;15;9;1;0;0;2;0;1;0;2;0;0;0;0;0;1;1;13;3;0;1;2;0;1;3;7;2;0;2;3;1;2;10;23;3;4;2;0;0;1;10;5;1;0;0;1;0;1;11;4;0;0;1;0;1;1;3;3;0;0;0;1;0;0;3;13;3;2;1;4;0;3;11;2;1;0;0;0;0;2;10;105;6;2;6;7;1;8;32;24;6;0;8;5;5;8;59"
67,"191;25;14;26;27;11;39;106;28;2;1;7;14;6;22;77;11;0;1;1;0;1;2;10;6;2;2;1;8;2;5;25;17;0;0;1;5;1;1;2;0;0;0;1;0;0;2;2;5;4;0;2;2;1;1;2;3;2;1;0;2;1;1;14;19;8;4;2;1;4;4;13;1;1;0;0;0;3;2;11;4;1;1;1;0;0;0;1;2;0;0;1;0;3;1;10;11;4;0;4;1;1;3;5;2;0;0;0;1;2;2;3;35;8;3;6;2;3;3;14;10;4;1;0;11;3;6;32;192;22;17;21;26;9;40;114;31;2;3;5;16;11;23;87;10;1;0;1;0;2;4;10;7;1;1;0;7;3;6;26;14;1;1;0;4;1;2;2;0;0;0;0;0;0;1;5;12;2;1;3;2;1;0;2;5;1;0;0;1;1;3;11;18;6;3;4;2;3;2;9;1;1;0;0;0;1;0;14;5;1;1;1;0;1;0;0;2;1;0;1;1;1;2;5;14;2;0;3;2;1;2;4;2;1;0;0;0;0;2;5;34;5;3;3;3;3;3;12;12;5;0;1;6;2;7;27;182;23;14;21;24;9;43;118;26;3;2;5;16;11;22;89;13;1;0;1;0;2;4;11;5;1;1;0;6;3;6;25;14;0;0;2;6;1;2;1;0;0;0;0;0;0;1;6;7;4;0;3;1;1;0;2;5;1;0;0;2;0;1;12;18;11;4;2;2;2;2;13;2;1;0;0;0;0;0;13;4;1;1;1;0;0;0;1;1;1;0;1;0;1;2;5;10;3;0;2;1;1;2;5;2;1;0;0;1;0;1;4;43;8;3;4;2;4;4;11;13;5;1;1;6;3;6;29"
68,"220;22;19;22;22;6;21;39;23;8;1;6;11;3;13;20;12;5;4;2;0;1;2;5;8;2;1;2;14;5;5;10;25;3;0;1;4;0;2;3;4;1;0;1;0;1;0;2;16;2;2;3;0;0;0;2;7;5;0;1;9;2;3;7;45;12;4;6;2;2;4;5;4;1;2;1;4;0;2;9;8;4;0;2;1;0;3;3;1;2;0;3;3;1;1;3;30;8;3;4;2;2;1;2;6;3;0;0;0;1;0;5;44;4;0;6;5;5;3;11;17;11;2;5;9;8;12;37;218;25;16;23;24;8;27;42;23;7;1;7;10;2;14;24;11;4;2;3;3;0;2;5;11;2;1;2;7;3;3;8;22;3;0;0;2;1;1;3;2;0;0;1;0;1;1;3;14;2;2;3;1;0;1;1;9;2;0;0;4;1;2;8;48;9;5;6;5;1;3;4;4;0;2;0;2;1;3;12;8;5;0;2;1;0;1;1;3;1;0;4;3;0;1;6;27;15;3;4;2;2;1;6;3;4;0;0;1;1;0;4;48;5;3;4;7;7;4;10;18;11;3;2;8;10;10;32;212;16;20;19;23;10;24;41;27;7;1;6;12;2;14;22;16;6;2;2;3;0;3;3;14;1;1;2;5;4;6;10;22;3;1;0;4;0;2;2;4;0;0;1;0;2;2;5;12;2;2;3;1;0;0;2;12;2;0;1;5;1;2;6;42;9;8;6;3;1;2;5;3;0;2;0;2;0;5;11;7;7;1;3;1;0;1;2;1;2;0;3;4;1;1;4;25;9;2;3;4;2;1;3;4;4;0;0;0;1;0;5;51;8;2;3;6;5;7;14;16;11;3;3;9;7;10;36"
69,"162;24;15;16;22;4;19;30;23;5;2;1;14;2;24;35;18;4;0;3;2;0;2;3;9;3;2;4;3;1;4;20;17;1;0;2;2;0;0;4;0;0;0;0;1;0;0;0;20;0;0;2;1;2;2;4;4;0;0;0;3;0;0;7;36;7;3;3;1;2;2;8;1;2;0;0;1;2;0;7;8;3;0;0;0;0;0;2;2;0;0;1;1;3;0;8;62;14;4;1;1;2;2;9;3;0;0;1;3;0;4;6;116;26;3;5;4;1;2;13;32;6;1;5;10;2;7;28;168;19;11;14;18;5;18;21;12;6;2;1;15;2;30;30;18;2;0;4;2;1;2;4;9;3;2;4;5;2;7;19;15;1;1;1;1;0;0;2;0;0;0;0;2;0;0;1;24;2;0;2;1;1;2;2;4;0;0;0;2;0;0;7;41;9;3;2;1;1;1;5;2;1;0;0;2;1;1;4;7;2;0;1;0;0;0;2;3;0;0;1;3;1;1;3;77;13;2;2;1;2;2;6;4;0;0;0;2;0;3;8;123;36;2;9;5;1;2;14;36;6;0;4;9;4;7;19;171;25;12;14;18;6;15;32;16;4;2;1;13;1;26;35;17;3;0;4;3;0;2;5;11;3;2;3;4;1;3;17;14;1;1;2;0;0;0;3;0;0;0;0;2;0;0;0;23;2;0;2;2;1;2;2;4;0;0;0;4;0;0;8;35;7;1;4;2;0;1;8;4;2;0;0;2;2;0;5;7;2;0;0;0;0;0;2;3;0;0;1;3;2;0;4;73;9;4;3;1;2;1;11;4;0;0;0;2;0;3;5;126;27;3;6;4;1;3;12;29;8;1;4;8;4;6;25"
70,"264;46;25;27;27;4;19;22;21;3;2;6;14;3;16;9;19;4;1;7;2;0;3;7;7;3;0;2;7;4;5;14;16;5;1;5;0;0;2;1;0;0;0;0;2;0;0;5;11;3;2;3;3;0;1;2;9;2;0;0;2;2;3;11;36;14;2;6;4;6;2;13;2;6;1;1;5;1;1;7;5;2;0;3;2;0;0;7;3;2;0;0;1;2;1;7;22;9;1;8;1;2;6;6;3;2;0;0;4;0;0;5;15;9;4;6;5;3;4;9;11;6;2;7;8;8;6;26;257;45;23;28;29;3;20;20;20;3;2;2;11;4;11;15;18;7;3;4;2;0;5;11;13;4;0;3;6;3;6;17;18;4;3;3;1;0;1;1;0;0;0;0;1;0;0;5;10;3;0;4;3;0;2;2;9;2;0;3;4;4;2;11;36;14;5;10;5;5;0;16;2;3;1;2;6;1;1;9;4;2;0;1;1;0;1;4;3;1;0;0;2;2;0;6;20;9;4;8;3;2;4;9;3;2;0;0;4;0;0;5;15;6;2;3;4;3;3;9;9;7;2;5;9;7;8;25;239;51;26;27;30;3;15;24;17;2;2;6;13;4;13;7;15;5;1;7;2;0;3;6;11;3;0;1;9;3;4;20;14;9;1;5;1;1;2;3;0;0;0;0;1;0;0;4;13;1;0;3;3;0;1;1;5;2;1;2;3;3;2;10;39;18;4;10;5;5;2;18;2;6;1;2;4;1;2;9;3;4;0;0;1;0;0;6;2;1;0;0;1;2;1;11;23;12;4;8;1;1;5;7;1;2;0;0;6;1;0;3;13;14;4;7;3;4;3;7;14;5;2;5;12;9;5;23"
71,"239;36;22;19;12;3;5;30;17;5;2;1;12;2;5;11;20;2;2;1;3;1;0;4;12;3;2;3;14;2;3;13;21;4;7;3;1;0;6;4;2;0;0;0;2;0;1;0;17;3;2;4;2;1;1;3;3;3;0;2;3;3;1;5;43;23;4;7;3;3;3;16;2;1;0;0;3;1;1;7;6;2;1;2;1;0;1;4;5;4;0;3;1;3;4;10;20;13;4;7;5;4;1;6;3;1;0;0;3;1;0;2;29;16;3;9;7;0;3;15;13;4;1;6;15;18;5;36;230;37;18;27;14;7;7;35;14;3;3;3;10;7;11;13;19;2;1;3;2;1;2;4;14;3;1;2;14;3;4;6;25;3;2;3;4;1;3;4;4;0;0;0;1;1;1;0;13;2;1;1;1;0;1;3;1;3;0;0;7;4;0;4;60;20;6;14;2;2;3;7;3;1;0;0;1;1;0;7;9;4;3;4;0;1;1;0;4;5;1;3;1;1;1;8;22;12;5;12;3;3;3;6;3;0;0;0;1;1;0;1;18;15;4;8;8;2;3;16;17;5;0;9;15;9;4;33;231;35;21;27;13;5;11;35;14;3;2;2;11;1;5;19;17;3;2;4;4;1;2;5;11;2;1;2;12;7;5;7;26;4;3;2;4;0;3;3;4;0;0;0;2;0;2;0;13;4;2;5;0;0;1;2;3;1;0;0;4;2;2;5;54;20;6;7;3;2;3;7;3;0;0;0;3;2;1;9;3;2;3;3;2;1;1;1;4;6;0;2;2;4;2;9;28;13;2;7;4;3;1;5;4;0;0;0;2;1;1;2;23;15;2;11;7;3;4;12;14;5;0;7;10;15;5;36"
72,"241;41;24;24;22;5;9;25;27;2;1;2;8;2;3;11;32;5;2;1;5;2;0;3;12;3;2;5;13;2;4;5;24;2;1;2;1;1;1;2;5;0;0;0;0;0;0;1;19;3;3;1;0;0;2;1;14;1;0;0;9;1;4;4;46;21;2;7;1;6;4;14;1;3;0;1;1;2;2;3;10;3;1;2;0;0;0;0;3;4;0;0;3;3;2;5;34;10;0;6;3;2;2;3;1;0;0;1;2;0;0;6;33;13;2;9;1;4;5;5;16;5;0;3;19;6;6;32;271;38;24;19;20;6;11;21;28;1;1;4;7;1;5;8;31;4;2;1;3;2;0;4;12;3;2;2;6;1;1;5;20;4;1;3;0;1;3;2;6;0;0;0;1;0;0;1;18;4;2;1;1;0;1;1;14;2;0;0;6;0;2;5;57;18;3;6;2;7;4;9;2;3;0;1;0;3;2;7;8;0;1;3;1;2;1;1;3;3;0;1;1;1;3;5;35;11;2;6;4;3;1;2;1;1;0;1;1;1;0;6;31;9;2;7;1;5;2;6;20;4;0;4;19;6;7;25;244;38;21;23;18;4;14;28;28;0;1;2;9;2;1;10;32;5;3;1;2;1;1;4;12;4;2;4;10;4;3;6;15;3;2;4;3;1;0;2;5;0;0;0;1;0;0;1;24;3;1;1;2;0;1;2;20;2;0;1;9;1;3;2;49;23;4;5;2;6;5;10;2;1;0;1;0;3;2;6;8;1;1;2;1;2;0;0;5;2;0;1;4;0;3;5;36;11;1;3;4;1;0;3;2;1;0;1;1;1;0;4;28;10;4;5;5;1;4;5;19;5;0;4;26;6;5;28"
73,"117;10;6;21;9;2;17;117;52;3;1;2;19;0;15;34;8;0;0;2;1;1;1;8;13;3;0;4;7;2;4;16;3;0;0;1;0;0;1;1;2;1;0;0;2;0;0;2;6;0;0;1;1;0;0;10;23;4;1;1;10;1;6;29;13;4;0;7;3;1;4;27;2;0;0;0;2;0;4;3;1;0;0;0;0;0;0;1;1;0;0;0;0;0;1;3;7;2;0;4;3;0;0;9;6;0;0;1;0;1;1;6;39;13;1;19;3;2;5;44;53;8;2;4;33;4;18;58;119;7;5;25;6;3;11;119;53;3;1;1;16;0;14;33;9;0;0;2;0;1;0;9;14;1;0;5;7;2;4;14;3;0;0;1;1;0;0;0;2;1;0;0;1;0;0;2;5;1;0;1;3;0;0;12;20;3;1;2;11;1;4;24;11;3;2;7;3;0;5;29;4;0;0;0;1;0;3;6;1;0;0;1;0;0;0;2;2;0;0;0;0;0;1;2;9;5;0;4;1;1;0;10;6;0;0;1;1;0;1;5;39;14;0;20;2;1;8;43;56;7;1;8;32;6;18;59;114;12;6;24;10;2;14;114;53;3;1;1;20;1;12;32;7;0;0;1;0;1;0;9;17;1;0;6;5;1;4;17;2;0;0;1;1;0;0;0;3;0;0;0;2;0;0;3;7;0;0;1;2;0;0;11;15;3;1;2;11;0;8;24;12;2;2;8;4;1;4;26;4;0;0;0;0;0;5;5;1;1;0;0;0;0;0;4;1;0;0;0;0;0;1;3;7;5;0;5;1;0;1;9;6;1;0;1;1;0;1;5;41;13;0;18;3;1;4;48;52;8;1;5;31;5;21;61"
74,"110;14;1;23;7;3;13;76;62;4;0;2;14;1;18;49;2;2;0;0;0;0;1;7;9;1;0;0;8;1;15;25;3;0;0;0;0;0;0;3;2;0;0;0;1;0;0;0;5;2;0;0;0;0;1;6;16;2;1;1;4;0;3;18;17;8;0;6;2;1;3;13;3;0;0;0;3;0;1;4;2;1;0;1;0;0;0;1;1;0;0;0;0;0;1;3;20;5;1;7;2;0;3;7;5;0;0;0;3;0;1;3;63;18;2;12;4;1;3;70;66;13;0;5;13;3;11;76;111;17;3;20;6;3;15;72;65;3;0;1;18;2;17;53;2;2;0;1;0;0;0;8;13;1;0;1;8;0;13;21;3;0;0;0;0;0;0;2;3;0;0;0;0;0;0;0;3;2;0;0;0;0;1;10;18;3;1;2;4;0;2;16;17;8;0;7;3;1;5;13;4;0;0;0;0;0;1;2;2;0;0;1;0;0;0;2;1;0;0;0;0;0;0;3;19;4;0;4;3;0;2;7;4;0;0;0;1;0;1;2;65;16;2;14;2;2;5;68;63;9;1;4;18;2;10;80;111;15;1;20;7;2;13;71;65;4;0;1;16;1;18;53;3;3;0;1;0;0;0;9;9;1;0;0;10;0;13;25;3;0;0;0;0;0;0;2;4;0;0;0;0;0;0;0;4;2;0;0;0;0;1;10;17;3;2;1;4;0;2;16;16;8;0;7;3;1;5;16;2;0;0;0;1;0;2;2;2;0;0;1;0;0;0;1;1;0;0;0;0;0;0;2;18;4;0;4;4;0;2;7;5;0;0;0;1;0;1;3;64;16;2;14;4;0;4;64;67;9;1;6;18;3;10;80"
75,"109;21;5;33;11;2;17;111;44;0;3;2;17;0;11;39;2;2;0;2;0;0;0;6;8;0;0;0;6;2;11;18;2;0;1;2;0;0;0;3;0;0;0;0;0;1;0;2;8;5;0;0;1;0;0;7;16;2;0;0;6;0;2;23;16;11;0;8;2;2;3;27;6;0;0;0;2;0;2;6;0;0;0;0;0;0;0;0;2;2;0;0;0;0;0;3;13;10;0;4;2;0;1;15;8;0;0;0;1;0;2;3;51;7;1;16;3;0;2;48;84;11;1;13;17;2;9;45;115;20;3;20;15;1;15;111;53;1;4;1;11;0;9;37;5;0;0;4;1;0;0;7;9;0;0;0;3;1;8;17;1;0;0;2;0;0;1;2;0;0;0;0;0;0;0;2;6;4;0;1;1;0;0;8;16;3;0;1;7;1;6;28;19;8;1;5;3;1;3;26;4;0;0;0;2;0;1;4;0;0;0;0;0;0;0;4;2;2;0;0;0;0;0;3;13;8;0;3;1;0;3;17;7;1;0;0;0;0;3;2;52;10;0;15;6;0;2;45;87;10;0;11;18;1;13;47;112;17;4;22;15;1;18;105;51;2;4;2;12;0;10;35;4;0;0;3;0;0;0;11;9;0;0;0;4;1;9;20;1;0;1;0;0;0;0;5;0;0;0;0;0;0;0;1;6;4;0;2;1;0;0;6;16;2;0;1;8;0;5;27;18;9;0;8;3;1;5;26;5;0;0;0;2;0;1;4;0;0;0;1;0;0;0;4;2;2;0;0;0;0;0;1;12;7;0;5;1;0;2;11;8;1;0;1;0;0;4;2;47;13;1;15;5;1;3;46;91;9;1;10;17;1;9;52"
76,"147;19;13;22;11;6;16;120;46;5;2;5;7;3;6;34;5;0;0;2;0;1;1;11;6;0;0;1;4;0;2;9;5;2;0;1;0;0;0;7;3;0;0;0;0;0;0;1;11;1;0;1;0;0;1;8;2;3;0;0;1;0;3;11;19;5;0;6;5;0;2;20;5;1;0;1;2;2;1;5;1;1;0;1;0;0;1;4;2;1;0;0;1;0;0;3;20;2;2;2;1;1;3;6;3;1;0;0;3;2;0;4;54;9;1;8;6;1;4;47;85;8;1;8;9;2;9;68;161;22;9;31;14;6;20;132;48;2;0;6;7;4;8;44;3;0;0;3;0;1;0;12;1;1;1;0;2;0;2;10;4;3;0;0;1;0;0;5;3;0;0;0;0;1;0;1;5;0;1;1;0;1;0;5;1;2;0;1;3;0;1;7;14;4;2;4;5;0;2;17;5;2;0;0;1;0;0;3;1;1;0;0;0;0;0;4;1;1;0;0;0;1;0;2;17;3;1;3;1;0;2;5;2;0;0;0;3;1;3;5;52;8;1;8;5;0;3;46;88;7;0;12;5;1;6;70;152;19;8;26;13;6;20;119;50;2;0;5;9;4;5;35;4;1;0;2;0;0;2;12;5;1;0;1;3;2;4;13;5;3;1;1;0;0;0;6;1;0;0;0;0;0;0;0;7;0;0;1;0;1;0;6;0;2;0;0;3;2;0;9;15;6;1;8;5;1;0;14;7;1;0;0;0;0;1;4;0;1;0;1;0;0;1;3;1;0;0;0;2;0;0;0;17;1;1;1;1;0;2;8;5;0;0;0;2;2;2;3;63;8;1;9;4;0;3;51;93;7;0;13;6;3;7;68"
77,"139;21;11;29;12;9;16;125;21;1;2;10;22;2;13;67;10;3;1;3;1;1;1;10;6;2;1;1;9;1;11;20;13;3;0;4;0;0;1;2;4;2;0;0;3;0;1;3;7;3;0;3;0;2;2;6;9;1;0;0;5;0;2;16;13;7;1;9;5;1;5;19;4;0;0;1;0;0;2;7;3;0;1;1;0;1;0;1;1;0;0;3;0;0;1;7;11;20;2;9;1;1;1;5;1;0;0;0;2;0;4;6;25;12;2;7;5;1;2;22;47;4;2;3;8;1;9;45;133;27;16;40;12;15;24;143;18;5;1;8;14;6;14;92;9;2;1;4;2;1;4;10;3;1;0;1;5;0;6;26;12;2;0;4;0;2;1;1;4;2;0;0;3;0;1;2;5;2;0;2;0;0;1;6;9;2;0;0;5;1;3;9;14;4;0;6;6;0;6;10;4;0;0;1;1;0;1;3;3;0;2;1;0;1;0;2;2;1;0;3;0;2;0;7;12;15;1;4;1;1;0;4;1;1;0;0;1;1;5;6;24;5;2;4;2;2;2;22;44;3;1;4;5;1;6;42;119;22;14;51;16;11;14;155;15;5;0;6;20;7;18;85;10;2;2;3;0;1;2;7;4;1;0;1;3;1;8;28;12;3;0;2;0;2;1;0;4;1;0;0;1;0;1;2;6;3;2;2;0;1;0;6;8;2;0;0;6;1;4;7;15;5;0;4;8;0;7;12;2;1;0;2;0;0;2;7;5;0;1;3;1;2;0;1;2;1;0;2;0;0;0;6;12;18;1;5;1;1;1;8;3;1;0;1;3;0;3;6;21;8;0;4;1;1;3;21;44;6;3;4;4;1;4;38"
78,"158;19;15;16;21;5;13;54;16;6;3;4;13;3;16;39;21;2;2;3;1;0;3;3;11;1;0;3;4;1;4;15;13;0;0;1;1;1;1;1;4;0;0;0;0;1;1;1;27;3;1;1;0;0;1;6;17;5;0;1;7;1;3;8;22;7;3;2;2;3;3;9;4;0;0;0;1;0;3;3;7;1;1;2;0;1;0;1;4;1;0;0;0;0;0;3;26;3;2;1;4;0;0;2;6;0;0;1;2;0;0;2;121;11;2;7;3;3;4;19;59;7;1;4;14;9;7;40;166;19;10;13;21;4;18;57;17;3;3;4;11;3;13;48;28;1;1;3;2;0;2;4;12;1;0;3;2;1;4;9;13;0;0;0;1;0;1;2;3;0;0;0;0;1;2;0;27;2;0;1;0;1;1;5;16;5;0;1;4;2;3;9;23;1;3;0;1;1;2;6;5;1;0;0;1;1;2;0;7;0;1;1;0;2;0;2;5;0;0;0;0;0;0;3;27;4;0;1;5;0;0;2;6;2;0;0;2;0;0;5;141;7;4;6;1;2;5;20;60;6;0;4;17;3;8;35;171;20;11;15;20;7;17;48;22;4;2;3;12;2;12;38;27;1;2;2;1;0;2;2;10;1;1;3;2;0;4;11;11;1;0;0;1;0;1;1;4;0;0;0;0;1;2;1;27;2;0;2;0;0;0;5;18;4;0;0;4;2;2;8;23;2;4;0;1;2;3;6;4;1;0;0;0;0;2;4;7;0;1;1;0;1;0;3;6;0;0;0;0;0;0;1;26;4;2;0;5;1;0;2;6;2;0;0;2;0;0;2;146;7;2;6;2;3;7;19;64;5;0;5;15;4;7;38"
79,"226;23;18;23;20;5;14;26;23;6;4;0;8;3;14;19;16;5;1;2;2;1;1;7;9;6;2;5;10;2;4;6;13;1;0;2;0;0;1;2;5;1;1;0;0;0;0;1;17;3;3;3;4;0;2;4;4;3;0;1;6;0;2;1;43;10;3;9;5;3;2;12;1;0;0;0;3;1;1;7;5;2;1;0;0;0;0;6;3;2;0;1;4;7;1;10;31;16;4;6;1;2;2;7;3;1;0;3;1;1;3;3;47;14;3;11;4;3;7;15;22;9;0;4;14;12;8;34;219;35;20;24;19;5;19;31;19;4;4;2;13;4;6;19;17;4;3;2;4;1;1;7;15;6;2;4;6;2;6;10;17;1;2;1;0;0;1;2;5;0;0;1;1;1;1;1;25;5;1;4;1;0;3;3;3;2;0;0;4;1;2;2;39;13;3;6;6;3;4;10;2;2;0;0;3;1;1;6;3;2;1;0;1;0;1;3;3;1;0;1;4;3;2;7;27;8;1;2;2;2;2;5;6;0;0;2;4;0;2;4;50;9;1;7;1;4;6;12;25;7;2;3;12;9;10;45;229;36;19;18;22;5;14;19;20;5;4;0;10;2;9;16;20;2;3;1;3;1;2;7;11;6;2;4;7;3;5;11;15;0;1;2;0;0;2;2;4;1;1;1;0;0;1;1;20;6;2;5;1;0;1;5;4;0;0;2;5;1;1;1;40;15;4;7;4;5;3;13;2;0;0;1;3;1;3;5;2;2;0;0;0;0;1;5;3;2;0;1;2;2;3;6;27;9;3;4;2;2;2;7;4;1;1;2;3;0;1;4;47;17;0;8;6;4;5;11;25;11;2;1;14;15;12;38"
80,"244;26;21;17;24;5;19;37;28;2;1;1;11;9;22;24;24;5;0;2;2;1;2;8;12;1;2;3;12;4;4;11;22;1;2;2;0;1;1;1;1;0;0;0;2;0;1;4;19;2;2;0;1;1;0;3;8;4;0;1;7;0;3;12;42;12;2;2;4;2;0;11;3;1;0;0;1;2;2;6;5;1;0;3;0;0;2;3;3;3;0;1;1;5;2;10;23;3;1;5;3;0;1;3;1;0;0;0;2;0;0;3;37;12;2;5;4;4;5;13;22;7;0;3;7;10;5;29;260;33;27;20;28;7;20;40;28;4;1;0;16;11;11;27;26;5;1;1;4;0;1;7;10;1;2;4;7;6;6;11;18;1;3;3;0;1;0;3;3;0;0;0;2;0;2;3;13;4;1;0;2;0;1;2;8;2;0;0;10;0;2;14;41;6;0;2;5;2;0;10;1;1;0;0;2;1;2;5;6;1;1;0;0;0;2;4;2;2;0;0;3;2;2;10;27;3;1;4;2;0;2;2;0;1;0;0;2;0;0;5;26;11;2;7;4;5;5;9;16;8;1;3;6;6;7;23;269;34;30;10;29;5;22;34;27;4;0;1;20;11;15;27;26;3;1;3;4;0;2;7;13;2;3;5;13;5;4;14;19;1;2;2;0;0;0;2;3;0;0;0;4;0;1;2;14;2;2;1;3;0;0;3;8;2;0;0;8;1;3;14;36;7;2;7;4;1;0;10;3;1;1;0;1;1;1;3;6;1;0;1;0;0;1;2;2;1;0;0;2;1;1;9;23;2;1;4;2;1;1;2;0;1;0;0;2;0;1;2;26;12;2;6;2;5;6;8;15;12;1;3;6;4;6;23"
81,"149;29;8;22;13;2;7;35;16;3;1;3;9;1;29;43;21;2;0;4;2;0;1;2;13;3;3;3;6;0;12;18;15;4;1;0;1;0;0;3;1;0;0;0;0;2;3;0;12;1;1;1;2;0;0;1;10;0;0;2;4;1;3;5;40;13;3;4;2;1;1;4;3;4;1;0;2;0;3;8;4;0;2;0;0;0;1;1;2;1;1;0;1;0;1;8;72;15;2;6;3;2;4;5;7;0;0;2;2;1;3;2;107;25;2;6;6;9;2;9;23;5;1;5;11;2;14;27;126;30;10;19;9;5;10;29;15;4;3;5;14;2;23;46;21;3;1;5;4;1;1;3;14;3;3;3;7;0;6;16;10;4;0;0;2;1;0;4;1;0;0;0;1;1;2;0;12;1;1;1;1;0;1;1;10;0;0;1;4;1;8;8;43;15;4;5;2;0;2;7;3;0;1;0;3;1;4;8;5;1;2;0;0;1;0;1;2;1;0;0;3;0;2;5;74;17;1;4;4;2;3;6;8;2;0;2;2;0;1;4;115;23;1;11;6;6;3;6;25;6;3;3;9;1;12;26;132;35;9;19;9;2;6;33;17;3;3;5;14;1;23;50;20;1;0;3;4;0;1;3;15;2;3;2;8;3;6;17;15;3;0;0;1;0;1;3;1;0;0;0;0;1;2;0;9;1;1;0;1;0;1;1;8;0;0;0;5;1;6;8;48;16;2;6;1;2;2;9;2;0;1;1;2;0;5;9;3;1;2;0;1;1;0;0;1;2;0;0;2;0;0;7;67;13;4;8;3;2;3;7;7;1;0;2;1;1;3;4;114;22;1;9;8;5;2;7;24;5;3;4;12;5;7;26"
82,"238;28;23;12;22;5;11;14;20;3;2;3;17;2;4;7;22;5;4;1;0;1;4;0;14;1;3;1;16;3;5;13;22;7;0;2;2;1;1;4;0;2;0;1;1;0;4;1;18;4;0;3;1;0;1;2;9;2;1;5;5;1;3;3;49;12;3;5;6;3;3;7;4;1;1;1;1;4;5;6;12;0;0;2;0;1;1;2;4;1;1;4;6;1;2;5;41;12;4;6;5;2;4;3;4;6;0;2;3;1;1;2;34;18;3;10;2;3;3;9;17;3;1;5;14;8;7;28;242;34;28;11;29;5;12;20;20;4;1;3;12;3;8;7;22;4;4;2;1;1;3;0;8;2;4;0;12;3;11;9;25;9;1;3;0;1;1;3;0;2;0;1;0;0;3;1;18;2;0;2;1;1;1;4;6;1;1;3;4;2;4;3;54;10;4;6;6;2;0;4;3;1;1;3;2;2;3;7;11;1;0;3;0;1;1;1;3;3;1;4;5;1;0;5;46;10;3;6;3;2;3;3;3;5;0;2;3;3;1;5;31;16;3;5;3;1;2;7;18;2;1;7;8;7;10;29;249;35;29;11;28;5;10;16;19;4;1;3;11;3;9;6;26;4;4;1;2;1;3;0;9;2;4;0;9;3;12;6;28;9;2;3;0;1;1;3;0;2;0;1;0;0;3;1;14;2;1;3;1;1;1;4;8;1;1;3;6;0;2;3;58;8;4;6;6;2;0;4;3;2;2;3;2;2;3;6;10;0;0;1;0;2;1;1;3;2;1;4;6;1;0;4;48;9;3;5;3;3;3;2;4;4;0;2;3;2;2;6;29;19;3;5;2;1;2;8;17;1;2;7;7;6;8;31"
83,"222;28;12;26;13;1;11;16;18;3;3;4;6;2;3;10;17;2;1;5;1;0;3;4;17;1;2;2;10;0;1;6;18;9;0;2;3;0;0;2;5;0;0;0;0;0;0;2;13;4;2;4;2;0;0;1;6;1;0;4;4;3;2;5;53;31;3;11;2;2;3;14;3;2;2;1;2;1;0;7;11;1;1;2;0;0;1;3;5;1;1;1;3;0;1;5;46;22;2;9;3;2;2;6;1;1;0;0;2;4;1;3;50;24;6;11;9;4;1;14;17;11;0;2;15;9;9;23;237;31;10;24;17;3;12;23;21;2;2;2;10;2;5;13;18;3;2;5;2;1;2;1;11;1;2;2;6;1;5;6;17;8;1;5;2;2;1;0;2;0;0;0;1;1;1;1;16;4;4;0;3;0;1;2;10;5;0;3;6;3;3;3;52;27;1;12;3;1;4;9;3;1;1;1;1;1;0;9;12;1;1;2;2;1;1;3;6;2;1;0;4;1;3;6;36;20;1;5;5;2;2;7;4;1;0;0;2;1;0;3;41;13;4;9;6;4;1;13;17;9;0;3;6;13;11;26;216;35;11;27;15;2;11;15;20;2;2;4;8;3;3;10;15;2;1;5;1;0;1;3;13;0;2;3;9;1;7;6;21;8;1;3;3;0;0;0;3;0;0;0;0;0;1;2;9;7;1;0;4;0;1;2;7;1;0;4;7;3;4;3;61;25;3;12;5;1;4;14;2;2;1;1;3;2;1;5;12;4;1;2;1;1;0;2;1;4;3;1;2;1;1;4;40;26;1;8;4;3;1;9;1;3;0;0;2;1;1;5;45;21;8;13;6;5;3;8;17;8;1;4;10;6;8;26"
84,"230;42;27;32;30;10;17;31;25;4;3;2;12;3;9;14;19;3;2;4;2;0;2;4;14;3;2;4;6;3;1;13;22;3;2;6;2;1;1;3;1;1;0;0;4;0;1;0;10;3;2;0;1;1;1;5;9;2;0;0;9;1;3;8;17;17;2;13;4;5;2;9;6;0;0;2;5;3;1;13;6;2;0;2;1;2;0;5;4;1;0;1;4;3;2;4;18;7;1;5;1;2;3;5;3;1;2;0;1;2;1;5;26;13;3;7;3;3;4;15;11;5;2;1;10;11;8;34;216;44;28;43;29;7;17;42;15;3;3;1;13;1;9;20;10;6;1;4;3;1;1;6;13;3;1;4;13;5;2;12;26;2;0;3;1;2;2;4;2;1;1;0;3;0;0;1;11;5;3;0;1;1;1;6;8;0;0;1;3;1;0;8;27;24;1;15;3;4;4;12;2;1;0;1;3;1;3;10;8;2;0;0;1;0;0;5;3;1;1;0;2;2;1;6;21;4;2;8;1;2;1;6;3;0;0;1;0;2;3;5;31;11;3;4;1;5;1;9;20;7;4;1;15;4;6;27;211;46;23;37;25;10;19;30;13;2;0;2;17;1;12;17;9;3;1;2;1;1;2;3;15;1;2;6;12;6;5;17;21;1;2;5;1;0;2;4;3;1;1;0;4;0;0;0;9;4;3;2;2;2;0;6;6;2;0;0;4;1;1;8;33;18;2;16;4;2;1;12;6;1;0;2;1;4;2;8;7;1;0;1;0;1;0;8;4;2;0;0;2;4;1;6;25;9;2;11;0;2;2;6;4;0;1;1;2;1;1;6;25;15;5;5;4;1;3;14;10;8;3;1;18;7;8;29"
85,"212;32;16;15;22;5;10;33;31;4;3;3;23;2;9;9;28;5;2;3;6;2;2;8;23;2;3;3;19;2;16;7;18;2;1;2;3;1;1;2;0;0;0;0;2;0;1;4;12;1;1;4;6;1;0;4;17;1;2;0;12;3;12;10;28;16;1;9;4;1;4;19;4;2;0;1;4;1;1;5;4;4;1;0;0;1;0;4;1;5;1;0;4;0;3;5;9;6;3;4;1;2;2;7;1;0;1;1;2;2;0;4;15;8;2;4;6;1;5;20;12;5;1;2;19;8;14;41;210;34;20;25;29;3;14;43;31;5;4;3;14;3;11;14;28;4;1;4;4;2;4;8;21;3;1;4;18;2;13;11;16;4;0;3;3;0;0;2;3;0;1;0;4;0;1;4;16;2;1;2;6;0;0;1;14;1;2;0;13;4;8;13;21;6;2;11;6;3;4;25;3;1;1;0;2;1;1;5;6;0;1;0;1;0;0;4;3;1;1;1;4;4;1;4;7;7;0;6;2;1;2;6;0;0;0;1;2;2;0;6;19;6;1;1;6;1;6;12;14;1;2;2;24;5;15;29;201;26;14;22;21;5;27;34;29;6;4;3;23;4;11;12;27;4;3;2;4;2;3;10;18;3;1;3;19;1;13;18;16;3;0;4;6;2;1;2;4;0;0;1;2;0;0;3;12;4;4;2;3;1;1;1;12;3;2;1;11;4;8;17;22;8;2;6;4;5;6;13;3;1;1;1;4;1;2;13;2;2;1;1;1;1;0;6;3;2;2;2;2;2;4;6;11;3;1;3;4;1;0;7;1;0;0;2;3;3;2;4;22;5;1;5;6;2;7;13;17;3;3;2;11;9;8;33"
86,"215;37;26;35;17;10;23;37;22;2;4;3;13;4;9;17;29;4;4;3;3;1;0;3;15;3;2;2;13;4;3;21;18;1;1;3;2;1;1;5;2;1;0;0;1;1;2;4;13;3;2;2;1;1;1;2;11;3;0;1;5;2;2;8;28;16;2;11;4;3;1;17;2;1;0;2;2;1;0;6;5;1;0;0;1;0;1;1;5;1;0;2;2;2;2;8;20;4;3;4;2;0;4;7;2;0;1;2;0;0;2;5;26;14;2;4;3;2;1;13;15;8;1;4;11;9;7;37;212;45;29;30;25;12;19;42;26;3;4;3;8;3;7;24;28;4;2;7;4;0;0;5;13;3;1;4;9;1;2;9;16;2;1;2;0;2;1;5;1;2;1;0;2;2;3;4;16;3;2;3;2;0;2;5;12;3;0;3;5;5;1;9;25;13;6;8;7;2;3;9;3;0;0;1;2;1;1;5;6;1;0;1;2;0;2;2;4;2;0;2;1;2;1;7;25;5;4;1;3;0;2;4;3;0;1;2;1;0;0;12;24;11;2;3;2;2;0;14;17;6;2;7;6;8;6;33;212;51;23;46;18;10;20;44;25;2;4;4;12;4;8;22;24;3;0;5;6;0;2;2;13;2;1;5;12;2;2;10;11;2;1;1;2;2;1;5;2;0;1;0;2;1;0;5;20;5;1;2;3;0;1;5;10;2;0;1;3;6;4;9;19;8;6;8;7;3;3;13;3;1;0;1;1;1;1;7;6;1;0;4;1;0;2;1;6;2;0;1;4;0;1;9;23;4;2;1;4;2;3;6;2;1;1;1;0;1;2;11;18;13;1;2;4;1;0;12;14;7;4;6;10;7;8;31"
87,"75;18;10;52;17;3;13;186;19;1;0;3;13;0;14;50;7;1;1;0;2;0;1;5;19;0;1;1;15;1;8;10;6;0;0;2;0;0;0;1;0;0;0;0;1;0;1;1;7;1;1;1;3;0;0;1;52;2;1;0;19;0;7;5;12;4;2;16;2;0;4;22;5;1;0;0;2;0;1;5;0;1;0;0;0;1;0;2;3;0;0;0;1;0;0;1;12;4;0;1;1;0;1;7;1;0;0;0;0;0;0;1;56;4;0;7;2;0;1;11;102;6;1;5;25;0;8;25;80;11;6;55;13;2;13;193;20;2;0;2;14;0;20;45;8;5;1;1;1;0;1;4;19;0;0;1;12;1;7;14;7;0;0;2;1;0;0;1;1;0;0;0;2;0;1;0;7;2;1;1;3;0;0;0;46;3;1;2;19;0;6;9;7;7;5;14;2;0;3;22;3;1;0;0;0;0;0;4;1;1;0;0;1;1;0;1;3;0;1;0;2;0;0;1;14;3;0;1;1;0;1;4;1;1;0;1;2;0;0;2;52;4;1;2;2;1;1;10;99;4;0;4;30;1;13;23;84;14;8;54;10;3;13;183;18;2;0;3;16;0;15;43;5;2;1;0;2;0;0;4;14;0;1;4;14;0;6;15;8;0;0;1;0;0;0;2;2;0;0;0;1;0;1;1;8;2;1;0;3;0;0;0;48;4;1;0;21;1;4;5;11;11;3;16;3;1;2;29;2;1;0;0;0;0;0;6;2;2;0;0;0;0;0;2;1;0;0;0;0;0;0;2;11;3;0;6;0;1;0;7;2;0;0;0;1;0;1;1;54;1;2;5;3;1;2;11;94;8;0;5;29;2;10;22"
88,"87;2;3;12;9;3;8;166;31;4;1;1;13;1;12;62;9;0;0;2;0;0;1;5;9;0;0;2;4;0;0;13;2;0;0;0;1;0;0;2;2;0;0;0;1;0;0;0;6;0;0;1;1;0;0;8;15;0;0;0;6;1;2;8;7;0;1;2;1;0;1;16;4;0;1;0;1;0;1;1;3;0;0;0;0;0;1;2;0;0;0;0;0;0;0;2;4;0;0;0;1;0;2;9;5;1;0;0;0;0;0;5;123;16;0;8;2;0;3;38;145;9;1;8;16;3;9;56;87;3;3;13;9;6;9;161;31;3;1;1;9;1;11;63;7;0;0;2;0;0;0;6;9;0;0;1;5;0;0;13;2;0;0;0;1;0;0;1;2;0;0;0;2;0;0;0;6;1;0;0;1;0;0;11;13;0;0;1;7;0;1;7;6;0;1;1;0;0;1;17;4;0;1;0;1;0;1;1;2;0;0;0;0;0;1;3;1;0;0;0;0;0;0;2;5;0;0;0;0;0;1;10;4;0;0;0;0;0;0;5;124;15;2;9;3;0;4;37;153;11;1;6;14;3;6;58;89;4;3;11;8;4;11;166;30;3;1;1;6;3;11;60;6;0;0;2;0;0;0;6;8;0;0;2;6;0;1;13;3;0;0;0;0;0;0;3;3;0;0;0;1;0;0;1;5;0;0;1;0;0;0;9;9;0;0;0;8;0;1;6;9;0;1;1;0;0;0;17;3;0;1;0;1;0;1;2;2;0;0;0;0;0;1;3;2;0;0;0;0;0;0;2;5;0;0;0;1;0;0;10;4;1;0;0;1;0;0;4;128;15;1;8;4;0;4;35;150;11;0;8;15;3;6;59"
89,"95;11;8;25;7;2;10;153;24;3;1;1;18;2;15;58;5;1;0;3;0;0;0;8;7;1;0;0;4;1;2;8;4;1;0;0;0;0;0;2;4;0;0;0;0;0;0;1;4;3;0;2;0;0;1;5;18;1;0;3;5;0;7;9;28;4;0;4;1;0;0;17;5;0;0;0;1;0;1;4;1;0;0;0;0;0;0;6;6;1;0;0;0;0;0;2;15;3;0;1;0;0;0;9;1;1;0;0;0;1;0;4;98;10;3;12;2;1;3;35;114;8;0;3;14;3;8;51;97;12;8;15;12;2;9;151;30;2;0;2;16;3;8;59;5;1;0;1;0;1;0;11;9;0;0;0;3;0;1;9;4;0;0;0;0;0;0;1;4;0;0;0;0;0;0;1;10;1;0;2;0;0;1;6;12;2;0;3;7;0;1;8;29;5;1;4;0;0;1;13;4;0;0;0;1;1;0;5;2;0;1;1;0;0;0;2;5;0;0;0;1;0;0;2;17;2;0;1;1;1;0;9;0;2;0;0;0;0;0;5;99;11;2;13;2;1;3;37;124;9;0;3;12;2;9;51;111;9;8;15;10;2;7;155;28;1;0;0;11;2;9;56;6;1;0;2;0;1;0;13;8;0;0;0;5;0;2;8;6;1;0;0;0;0;0;1;3;0;0;0;0;0;0;2;9;2;0;2;0;0;0;5;11;2;0;2;4;0;5;10;31;3;0;4;0;1;2;15;3;2;0;0;1;0;0;4;0;0;0;2;0;0;0;2;3;0;0;0;1;0;0;3;16;4;0;1;1;0;1;8;3;1;0;0;0;0;0;4;99;11;5;12;1;2;2;36;118;12;0;3;13;3;8;48"
90,"71;16;3;35;9;3;6;143;23;0;0;4;15;1;11;44;10;1;0;0;0;1;0;7;13;1;0;0;3;2;2;11;4;0;0;0;0;0;0;2;0;0;0;0;1;0;0;0;10;0;0;1;3;0;0;3;25;1;0;2;9;1;3;9;34;3;0;7;0;0;2;5;2;0;0;0;2;0;0;1;2;1;0;0;0;0;0;1;0;0;0;0;0;0;0;2;22;4;1;2;0;0;0;10;5;1;0;0;0;0;2;1;110;9;2;11;2;2;4;37;139;8;3;7;21;4;5;41;89;11;4;19;11;4;10;148;23;2;0;4;14;0;11;49;6;1;0;2;1;0;0;7;12;0;0;0;4;0;4;14;7;0;0;0;0;0;0;3;0;0;0;0;0;0;0;0;8;1;0;1;2;1;0;6;25;1;0;0;8;0;3;8;23;3;0;5;0;0;2;2;4;0;0;0;2;0;0;1;3;0;0;0;0;0;0;1;3;0;0;1;0;0;0;2;22;0;0;1;0;1;1;2;6;1;1;0;0;1;2;1;116;9;0;9;2;2;4;41;129;9;3;10;21;2;6;46;89;16;2;22;12;3;10;148;23;2;0;4;15;1;11;43;9;1;0;1;1;0;0;7;12;0;0;1;5;0;4;12;4;0;0;0;0;0;0;2;0;0;0;0;0;0;0;0;9;0;0;1;2;1;0;4;22;2;1;0;9;0;4;8;21;3;0;5;0;0;2;5;3;0;0;0;1;0;0;1;2;0;0;0;0;0;0;1;2;0;0;1;0;0;0;2;26;3;0;0;0;0;1;2;6;1;0;0;2;0;1;0;120;7;0;10;2;2;6;42;127;9;3;12;15;3;8;44"
