0,"305;33;28;17;23;3;15;12;27;6;3;0;8;3;6;4;35;3;3;1;4;2;1;3;12;2;2;2;23;3;2;10;28;2;2;3;2;0;1;2;3;0;1;0;2;1;1;3;16;0;1;2;4;2;2;6;7;2;1;0;5;1;5;4;24;18;5;4;5;3;1;2;4;1;0;1;5;2;2;2;6;2;0;0;1;1;2;7;6;3;0;1;4;3;2;7;15;9;3;7;2;2;3;3;2;0;1;0;1;2;2;5;17;6;3;4;4;3;5;6;14;2;0;5;9;10;10;35;333;31;26;17;21;5;15;8;25;5;3;1;6;3;8;5;39;3;3;1;6;1;3;3;13;3;2;3;10;6;1;9;28;2;6;2;3;0;2;2;3;0;0;0;2;1;1;3;18;0;1;2;4;1;3;6;8;2;2;0;4;3;3;4;24;10;4;5;6;2;1;5;4;2;0;1;3;1;4;1;6;1;0;0;2;2;2;6;8;2;1;1;3;4;2;4;14;6;2;5;2;2;1;3;3;0;1;0;1;2;2;5;10;6;2;3;3;2;4;5;17;3;0;4;10;9;10;36;320;33;29;18;21;4;14;7;27;4;3;0;8;3;7;5;40;3;5;1;5;1;1;4;11;3;3;2;9;4;1;9;30;4;2;1;2;0;3;1;3;0;2;0;3;1;1;3;17;1;1;3;4;1;3;4;7;3;1;0;5;1;2;5;28;9;4;4;5;2;1;5;5;2;0;1;3;2;4;1;6;3;0;1;1;1;2;6;7;3;1;2;6;5;2;4;13;7;3;5;5;2;1;3;2;0;1;0;1;2;2;6;12;8;2;2;3;3;5;7;14;2;0;4;8;11;12;33"
1,"345;38;16;21;17;4;17;16;20;1;0;1;15;5;6;11;22;2;2;3;2;1;1;3;17;3;2;3;12;3;2;8;24;1;2;1;3;0;3;0;3;0;1;0;3;1;1;1;9;1;2;5;1;2;1;3;3;4;2;2;3;1;1;5;35;9;3;3;1;3;4;6;0;1;1;1;2;1;2;4;6;2;3;0;1;1;0;7;3;5;0;1;5;5;0;8;18;9;4;4;1;3;1;1;2;0;0;0;1;4;2;5;17;11;0;12;4;1;6;9;5;9;2;5;7;13;8;29;342;37;17;20;16;4;14;14;19;2;0;1;14;5;7;9;21;2;2;2;2;1;1;3;18;4;2;3;12;3;2;7;22;1;2;1;3;0;3;0;3;0;1;0;3;1;1;1;10;1;2;4;2;2;1;3;3;3;2;2;3;1;1;5;36;10;2;4;1;3;4;6;0;1;1;1;2;1;3;7;6;2;3;0;1;1;0;7;3;5;0;1;5;5;0;8;19;8;4;3;1;3;1;3;2;1;0;0;1;3;2;5;19;13;0;12;6;1;7;9;5;8;2;5;8;13;8;30;337;36;16;20;17;4;13;24;19;1;0;1;15;6;10;9;21;3;2;2;2;1;2;4;19;3;2;3;15;5;3;8;23;1;2;1;3;0;3;1;3;0;1;0;4;1;1;1;9;1;2;3;2;2;1;4;3;3;2;2;4;1;2;6;27;9;2;3;1;3;4;7;0;1;1;1;2;1;3;4;6;2;3;0;1;1;0;6;3;4;0;1;10;4;0;7;18;7;4;3;1;3;1;1;2;0;0;0;1;2;2;7;16;10;0;13;5;1;7;9;5;10;2;5;7;13;8;29"
2,"304;23;18;8;9;3;5;8;19;0;3;0;3;1;4;3;47;3;2;1;2;0;0;3;15;1;2;0;12;2;4;4;37;5;1;0;5;3;2;0;4;0;1;0;1;2;0;0;24;1;1;1;2;0;1;2;15;2;1;1;3;3;3;1;44;15;1;5;2;3;3;4;3;1;0;0;3;4;1;5;12;3;0;1;1;0;1;0;7;2;3;1;10;5;5;8;38;13;0;4;3;4;0;2;0;2;0;1;2;1;0;5;44;15;4;3;4;3;2;1;15;4;2;2;19;16;13;18;299;21;15;7;7;3;5;3;15;0;3;0;6;0;5;2;53;2;2;1;3;0;0;0;22;0;1;0;17;2;5;5;36;4;1;0;4;2;2;0;4;0;1;0;0;2;0;0;25;0;1;0;2;0;2;2;15;3;0;1;8;5;4;0;45;14;2;5;1;2;2;1;4;2;0;0;3;3;0;3;12;5;0;2;1;0;1;0;8;1;4;1;9;4;5;8;34;14;0;2;5;3;1;3;1;3;0;0;3;2;2;2;47;11;4;3;3;5;3;1;18;7;2;3;19;13;11;23;301;18;18;10;5;3;4;9;14;0;3;1;5;1;4;4;51;1;2;1;5;1;0;0;19;0;1;1;18;2;5;7;36;5;1;0;3;2;2;0;4;0;1;0;1;2;0;0;25;2;2;0;2;1;1;2;17;3;0;1;6;3;4;0;41;7;1;7;1;4;2;4;3;1;0;1;3;3;0;5;14;3;0;0;1;0;1;0;10;1;2;2;13;4;5;7;38;15;1;1;4;4;0;3;0;3;0;0;2;1;0;4;44;11;4;3;3;3;1;1;17;6;3;2;21;11;14;18"
3,"245;11;13;6;7;1;8;7;27;3;3;1;8;1;2;3;31;2;1;5;4;1;0;2;21;2;2;2;10;5;9;4;21;4;2;0;3;2;0;3;6;0;0;0;1;0;2;1;33;4;2;1;3;1;1;2;14;1;1;0;13;1;1;4;38;9;2;3;3;2;2;3;4;1;0;3;3;2;2;5;7;1;1;0;1;0;0;2;2;0;1;2;6;2;2;8;26;6;5;3;6;1;2;5;4;1;0;0;3;1;1;2;61;18;3;6;11;7;7;13;34;9;6;10;24;3;16;39;232;15;9;4;9;1;6;6;31;2;1;1;5;1;2;0;32;4;1;3;5;1;1;4;22;3;3;3;9;5;9;4;26;2;3;0;4;1;0;1;4;0;0;0;2;0;0;0;33;4;3;1;3;1;3;1;19;2;3;0;14;1;2;8;43;10;2;3;2;3;2;1;5;2;0;2;3;3;0;6;11;1;1;0;0;1;0;1;4;0;0;3;5;1;3;8;20;4;2;3;5;1;1;4;4;2;0;0;3;0;0;4;58;17;2;6;10;9;8;13;29;11;4;6;34;4;20;39;241;14;7;4;8;1;8;5;33;3;1;1;6;1;2;0;34;3;3;3;4;1;1;2;22;2;4;2;10;5;9;5;28;3;2;0;3;1;0;0;5;0;0;0;1;0;0;0;33;5;3;2;4;1;1;1;21;1;1;0;14;1;4;4;40;5;3;5;2;2;2;1;5;1;0;1;3;2;0;7;9;1;2;0;0;0;0;1;3;0;0;2;7;1;3;8;23;5;2;1;5;1;3;5;4;1;0;0;5;0;0;2;62;15;2;7;9;7;7;15;33;8;7;9;30;4;15;37"
4,"449;36;12;21;20;0;13;28;22;3;0;0;5;2;5;7;25;2;1;1;1;1;2;1;12;1;1;2;13;2;5;5;8;2;1;0;3;0;2;0;1;0;0;0;1;1;0;1;18;5;0;1;1;0;0;2;4;0;1;1;5;0;2;2;27;21;1;7;5;2;6;5;2;1;0;2;1;1;1;1;2;4;0;0;0;0;0;1;2;0;1;1;0;0;0;4;23;4;1;1;3;0;1;4;5;1;0;0;3;0;0;2;43;8;1;3;2;0;1;8;3;5;2;2;4;4;3;29;441;37;16;22;17;2;16;40;16;1;0;1;6;2;3;9;24;1;1;0;1;1;1;3;13;1;2;1;13;1;3;7;8;4;1;1;2;0;2;1;1;0;0;0;1;1;1;1;22;4;0;2;1;0;1;3;4;0;0;1;2;0;1;2;27;6;1;7;5;2;3;7;2;1;0;2;1;0;1;3;2;4;0;0;0;0;1;2;1;0;1;1;0;1;1;5;26;5;1;2;3;1;0;2;4;1;0;0;3;1;0;3;40;6;0;3;1;0;1;7;5;6;2;3;6;5;4;27;419;39;15;23;22;0;15;41;20;3;0;2;6;3;5;9;23;4;1;0;1;0;1;1;10;1;1;0;20;0;3;6;9;1;1;0;2;0;2;0;1;0;0;0;0;1;1;1;18;8;0;1;1;0;0;3;4;0;0;1;3;0;2;2;31;15;2;5;5;3;5;5;2;1;0;2;1;0;1;3;1;3;0;0;1;1;0;3;2;0;1;2;1;2;0;3;29;2;1;2;2;1;0;3;5;0;0;1;4;1;0;2;34;10;0;4;1;0;2;7;4;5;2;3;3;6;3;30"
5,"376;25;13;8;15;1;8;12;25;1;0;0;5;0;3;1;27;3;3;3;0;0;1;6;11;3;1;2;15;1;2;7;23;3;0;0;1;0;1;1;1;0;0;1;1;1;0;0;20;1;1;0;2;0;1;3;7;4;0;1;7;0;2;6;37;36;3;4;2;1;6;8;2;0;0;0;3;1;1;0;5;4;0;2;2;0;1;2;5;3;3;3;3;2;2;6;22;3;1;1;2;2;3;3;6;1;0;0;3;4;1;2;34;17;3;5;2;1;4;10;11;1;1;3;12;14;3;36;389;33;11;12;16;0;13;10;23;3;0;0;5;0;4;3;24;3;2;2;1;1;1;6;15;3;1;1;13;1;4;4;14;3;0;3;3;0;1;2;0;0;0;0;3;1;0;0;20;3;1;0;2;0;1;3;8;2;0;1;5;1;2;4;38;25;5;5;5;1;4;3;3;0;0;0;3;1;2;0;4;2;0;2;1;0;2;3;4;3;3;2;5;3;0;8;24;5;0;3;1;2;2;5;5;1;0;1;3;3;1;3;25;13;3;4;2;1;4;9;9;0;1;4;12;14;4;36;407;28;15;9;20;2;10;3;25;1;0;1;5;0;4;1;28;3;2;3;1;0;1;4;8;2;1;1;6;4;5;5;20;3;0;0;1;0;1;1;0;0;1;0;1;1;0;0;18;4;1;0;2;0;1;3;10;3;0;0;6;1;1;6;42;20;2;4;4;1;4;5;2;0;0;0;3;1;1;1;5;3;1;2;1;0;0;2;5;3;3;2;3;2;2;7;27;3;1;1;1;2;2;4;5;1;0;0;4;2;1;3;29;14;4;6;3;1;5;9;10;3;1;3;10;12;2;34"
6,"328;44;11;23;9;5;11;19;14;1;0;1;12;5;4;11;14;2;2;4;3;1;0;5;15;2;1;3;6;2;3;6;19;4;1;1;4;0;2;4;5;1;0;0;1;0;0;0;12;5;3;1;2;1;3;2;4;3;1;3;3;5;3;7;42;20;3;8;9;2;4;10;2;0;0;0;4;2;1;4;6;3;0;2;1;1;0;4;4;4;1;0;5;5;1;8;29;8;3;5;4;2;1;8;1;0;0;0;0;2;0;6;23;13;1;9;2;1;4;12;4;7;1;7;9;5;4;30;324;43;10;24;12;6;10;13;12;0;0;2;21;3;5;9;16;2;3;3;2;1;0;6;16;2;0;4;8;2;7;5;16;4;3;1;4;0;1;3;4;2;0;0;1;0;0;1;11;7;3;0;2;1;0;3;4;3;1;2;5;4;4;7;40;20;5;9;5;2;3;7;2;0;0;0;3;3;1;3;7;2;0;2;0;1;0;4;5;4;1;1;6;5;1;10;26;9;1;6;4;2;1;8;1;1;0;0;0;1;1;4;23;10;0;12;0;0;1;15;2;10;1;9;12;8;4;32;317;44;21;26;12;7;11;14;10;3;1;1;12;6;5;12;16;4;2;3;3;2;0;5;12;2;0;4;8;5;5;4;20;5;3;1;5;0;1;4;4;1;0;0;2;1;0;0;12;6;3;1;1;1;0;1;4;2;0;2;5;4;3;7;40;18;3;10;8;3;4;7;2;2;0;0;2;2;1;2;6;2;1;3;0;1;0;3;5;5;1;0;6;7;1;9;26;7;1;9;3;2;3;6;2;0;0;0;0;1;0;5;17;12;0;11;0;2;1;13;5;7;2;8;11;6;2;32"
7,"317;36;20;10;29;2;6;12;27;2;1;2;10;1;6;4;32;6;0;3;3;1;3;2;12;2;3;7;11;3;4;6;32;6;5;2;3;1;3;0;4;0;0;1;3;1;0;0;7;2;1;1;1;0;2;2;6;3;0;4;4;4;1;2;43;21;5;6;1;3;4;6;1;3;0;0;2;2;2;3;5;3;0;0;1;2;1;3;3;3;1;0;4;2;2;8;20;7;1;4;1;0;2;4;2;1;0;3;4;1;2;3;18;13;4;5;4;2;2;15;9;6;1;5;8;13;3;37;314;37;24;8;26;1;7;15;23;4;1;2;9;0;7;6;28;8;0;2;3;1;2;0;10;3;3;6;15;4;2;10;33;3;4;2;1;1;3;1;4;0;0;1;3;1;0;0;6;3;2;1;2;1;1;2;5;2;0;4;3;4;2;2;38;23;3;6;2;2;6;7;1;0;0;0;2;3;2;5;3;2;0;0;1;2;2;4;3;3;2;0;4;4;0;9;22;6;1;5;2;0;2;4;1;1;0;3;3;2;2;2;20;17;5;7;2;2;2;14;11;6;1;4;12;11;3;34;294;37;26;13;30;1;7;14;24;4;1;3;13;1;6;3;33;6;0;2;5;0;2;0;14;2;3;6;14;4;5;6;32;4;5;2;1;1;2;0;4;0;0;1;4;0;1;0;8;2;1;1;0;1;3;1;5;3;0;4;4;4;3;4;40;30;4;4;2;2;3;8;2;1;0;0;2;0;2;4;4;1;0;0;1;3;1;3;3;3;1;0;4;3;2;7;21;8;1;5;1;1;2;4;3;2;0;3;3;1;2;2;18;13;3;7;2;3;1;17;6;5;1;4;9;15;3;38"
8,"351;25;26;14;26;13;9;13;25;5;7;3;7;3;9;5;22;6;2;4;1;1;1;2;5;0;0;0;3;6;2;7;32;8;2;1;5;0;2;2;4;3;1;1;2;0;2;2;6;4;0;0;1;1;1;3;2;0;1;2;2;4;0;2;29;8;5;5;6;1;5;7;4;0;5;1;2;1;1;0;8;2;3;5;2;2;1;2;6;4;0;3;4;13;3;13;11;6;3;4;4;4;2;4;2;0;4;1;1;5;0;6;7;7;3;4;3;3;3;14;9;4;0;0;6;11;5;38;350;24;30;12;27;12;11;14;21;5;6;2;7;4;9;5;18;5;0;3;1;0;1;4;7;0;0;0;6;7;5;9;33;5;1;2;5;0;2;3;3;3;1;1;2;0;2;2;5;3;0;0;1;2;4;2;4;0;1;2;4;6;0;1;22;14;5;4;5;2;5;9;3;1;6;1;1;3;1;1;7;1;3;5;2;2;1;1;6;1;0;5;7;13;5;12;10;8;4;5;4;3;2;4;3;1;4;2;0;4;0;7;8;6;2;4;2;3;0;11;5;3;1;0;6;10;8;35;311;25;25;11;20;6;9;21;21;5;7;1;9;3;4;4;18;4;1;3;3;1;1;2;5;0;0;0;9;7;5;8;27;9;1;1;4;0;3;4;4;3;1;1;1;0;1;2;7;3;1;0;1;1;2;2;2;0;1;2;4;1;0;4;29;40;6;6;4;7;5;8;1;5;4;2;1;2;1;3;6;3;2;5;1;2;1;2;5;1;0;3;4;13;4;15;9;7;5;5;5;3;2;4;1;0;4;1;0;5;0;6;15;11;3;4;2;3;0;13;6;6;0;0;13;13;6;39"
9,"299;34;44;32;30;18;20;69;33;5;8;2;5;12;12;23;14;2;5;2;0;0;1;11;1;2;0;0;9;6;2;10;9;2;4;4;6;3;2;2;0;0;0;0;0;1;0;5;8;1;0;2;4;4;3;10;2;2;0;0;1;0;5;7;15;8;1;3;1;0;1;7;2;2;1;0;0;1;3;13;3;1;0;0;0;3;2;5;4;0;0;1;2;3;2;7;3;3;2;4;0;0;1;3;1;1;0;1;4;1;3;5;11;3;3;2;1;2;3;18;9;5;3;2;2;1;5;33;288;36;36;31;31;19;20;79;38;3;7;1;7;10;15;26;13;2;4;4;2;0;1;8;4;0;0;0;5;4;2;6;9;0;5;6;4;4;1;3;0;0;0;0;0;2;0;4;5;2;1;0;6;3;5;10;3;2;0;1;4;1;3;3;18;8;1;5;0;1;1;4;2;1;1;0;1;2;2;10;3;1;0;1;1;2;2;9;5;2;1;1;0;3;1;9;3;3;2;6;0;1;1;7;1;1;0;1;3;1;3;2;8;3;3;2;1;2;5;16;7;5;3;3;0;0;5;39;280;37;36;30;28;19;23;85;35;5;6;2;8;10;16;35;14;3;5;0;1;0;1;10;3;0;0;0;7;6;5;8;6;0;4;4;6;4;1;4;2;0;1;0;1;0;1;2;11;1;1;0;5;2;4;10;4;2;0;0;1;0;4;6;16;5;2;5;1;0;2;8;1;2;1;1;0;1;2;9;3;1;0;0;1;3;2;6;4;0;0;1;0;3;2;7;2;3;1;5;2;0;1;5;2;1;0;1;3;1;2;4;12;3;3;2;1;2;2;15;5;5;3;2;1;0;5;36"
10,"273;38;13;40;29;9;20;61;18;5;1;4;12;11;15;21;27;2;0;6;3;0;1;3;10;2;2;2;6;3;4;14;19;1;2;1;4;0;0;2;1;0;0;0;2;0;1;1;9;6;3;0;3;1;1;5;7;1;1;0;4;1;3;6;23;13;6;10;3;3;5;15;2;1;2;1;3;0;0;7;4;0;0;1;1;0;0;3;3;1;1;3;6;0;0;7;10;4;1;5;1;1;0;7;3;1;4;1;0;1;0;1;18;4;0;5;1;2;3;17;14;4;0;4;8;6;3;31;275;38;15;36;31;6;20;52;20;5;1;4;12;12;10;20;27;2;1;5;4;1;1;4;10;2;2;3;6;3;6;12;19;3;2;1;4;0;0;2;0;0;0;0;2;0;1;1;9;5;3;0;3;1;1;6;8;1;1;0;4;1;4;6;25;15;6;11;2;3;5;17;2;1;2;1;3;0;0;5;4;0;0;1;1;0;0;3;3;1;1;3;6;0;0;7;10;4;1;4;1;1;0;7;3;1;4;1;0;1;0;1;18;4;0;6;1;2;3;18;14;4;0;4;8;6;3;32;269;37;15;37;27;9;21;65;18;5;1;4;13;11;12;25;27;2;0;4;3;0;1;3;10;2;2;2;6;3;4;17;20;1;2;1;4;0;0;2;0;0;0;0;2;0;1;1;10;5;3;0;3;1;1;5;7;1;1;0;4;2;3;6;22;14;6;11;2;3;5;17;1;2;2;1;3;0;0;5;4;0;0;2;1;0;0;3;3;1;1;3;6;0;0;8;10;4;1;4;1;1;0;6;3;1;4;1;0;1;0;1;17;4;0;5;1;2;3;17;14;4;0;4;8;6;3;31"
11,"164;20;10;9;8;1;5;6;16;0;0;1;7;0;5;7;23;3;0;2;4;2;2;4;15;0;0;2;21;1;6;5;24;1;2;1;0;0;1;3;1;0;0;0;0;1;0;2;12;0;5;0;2;1;1;1;9;1;1;0;14;1;9;3;33;128;3;102;3;3;2;5;1;3;1;0;1;1;1;7;6;3;0;2;1;1;0;1;7;0;0;0;2;3;0;5;27;32;1;22;2;2;0;2;4;1;2;3;2;2;2;2;28;18;1;5;3;3;1;4;20;6;3;2;16;7;12;19;171;20;9;12;10;1;6;6;15;0;1;1;6;0;7;6;23;3;0;0;3;2;1;1;8;2;0;2;17;1;4;5;23;1;1;1;0;0;1;1;2;0;0;0;1;0;0;2;16;1;2;0;1;0;1;0;7;1;2;0;7;1;8;2;36;124;3;111;3;2;2;4;3;2;0;0;1;2;1;7;6;6;0;2;0;2;0;0;4;1;0;0;3;5;0;5;23;29;3;30;2;2;0;0;4;1;1;3;2;1;1;1;33;17;3;5;6;3;2;5;22;4;1;3;11;9;11;26;164;17;10;10;7;1;5;9;19;0;0;1;4;0;4;8;25;3;0;1;3;2;1;2;12;1;0;2;25;1;3;5;20;1;1;1;0;0;1;1;2;0;0;0;1;0;1;2;18;2;1;0;2;0;1;0;14;1;1;1;13;1;10;2;32;126;3;104;4;2;1;4;1;2;0;0;1;1;1;8;9;4;0;3;0;1;0;0;4;1;0;0;0;2;1;4;25;29;1;24;1;2;0;4;3;0;1;2;3;1;0;3;37;10;3;4;7;3;2;5;26;6;2;4;13;5;17;19"
12,"274;26;18;9;22;2;19;13;23;4;1;4;10;2;1;4;35;2;8;4;3;0;4;2;14;3;1;5;6;5;6;7;26;5;2;3;1;1;0;3;4;0;0;0;2;1;0;1;13;6;2;1;5;2;2;5;7;2;0;2;5;2;1;4;46;17;6;6;11;2;5;4;8;1;1;3;4;0;3;4;3;2;1;1;1;1;1;1;4;3;1;2;2;3;1;6;26;12;0;4;6;3;5;5;4;0;0;2;1;1;1;10;26;12;2;3;3;2;5;12;9;3;1;10;16;8;4;29;277;29;18;11;19;3;14;11;23;4;2;2;13;2;3;3;30;1;7;5;3;1;4;3;15;3;0;4;7;6;7;6;29;4;3;3;1;1;0;3;3;0;0;0;1;1;0;1;10;5;0;2;4;2;1;7;6;2;0;2;4;2;2;4;46;16;5;7;12;2;6;4;7;1;1;2;4;0;5;5;4;2;1;1;1;0;2;2;7;1;1;4;1;2;0;5;26;11;0;5;8;1;4;6;4;1;0;2;1;2;1;8;29;12;3;4;3;0;4;17;11;3;1;8;13;10;4;26;279;26;17;11;20;2;14;16;21;5;2;2;13;2;1;4;29;2;7;6;3;0;4;3;14;3;0;5;10;6;7;7;28;4;2;3;2;2;0;3;3;0;0;0;1;1;0;0;8;5;1;2;4;2;5;6;7;2;0;2;6;2;1;4;46;15;3;6;11;1;7;5;7;1;1;3;5;1;3;3;5;2;1;1;1;2;1;2;5;2;1;2;0;2;1;7;24;12;0;5;6;1;4;6;5;0;0;2;2;1;1;8;26;13;2;4;4;1;5;14;9;3;1;9;14;9;5;28"
13,"168;19;25;16;15;3;17;19;11;2;5;1;17;5;11;11;16;2;2;2;1;1;1;2;8;0;9;4;49;4;50;26;26;6;9;2;2;1;2;1;1;0;0;1;3;0;1;1;14;1;4;1;1;0;1;1;3;2;2;0;20;2;20;4;15;15;1;11;3;3;4;4;3;1;0;1;2;2;6;4;3;1;0;3;1;0;0;2;1;7;0;0;5;10;3;19;18;47;0;4;2;3;0;6;3;0;1;0;2;2;0;8;20;8;1;6;2;1;2;4;12;2;1;1;10;22;10;42;174;15;24;18;15;5;17;22;12;2;5;2;13;5;8;10;14;2;3;4;1;1;1;2;8;0;10;4;56;4;60;18;30;6;7;2;3;2;0;1;1;0;0;0;1;1;1;2;13;1;5;1;1;0;1;1;2;2;1;0;24;2;21;6;13;14;1;12;3;1;5;4;1;1;0;2;2;3;4;3;4;0;0;2;1;0;0;3;2;6;1;1;6;9;6;19;15;50;0;3;4;1;1;6;2;1;0;0;3;1;1;7;16;9;1;4;1;1;2;2;11;0;1;0;10;18;11;40;161;19;24;20;13;0;17;23;10;1;4;4;12;5;7;18;15;2;2;5;2;2;1;0;8;1;8;4;50;4;72;16;25;7;6;2;4;2;1;3;0;0;0;0;1;1;0;1;12;2;3;3;2;0;0;0;5;2;2;1;17;1;23;4;17;19;1;15;3;2;3;5;2;1;0;1;3;4;6;7;3;0;0;2;0;0;1;3;2;5;2;2;5;8;5;18;18;49;1;2;4;0;1;6;3;0;1;0;2;2;1;9;14;10;1;4;2;2;2;2;8;3;1;0;7;16;11;37"
14,"256;14;8;16;17;2;15;20;33;3;2;1;11;1;4;9;30;2;3;3;1;1;2;3;19;2;0;1;9;1;2;6;12;1;2;0;2;0;0;0;5;0;1;0;1;0;0;0;29;3;2;2;2;0;4;2;8;3;0;0;6;0;5;7;35;9;4;4;1;2;1;6;4;1;0;1;0;0;1;3;3;4;0;0;0;1;1;1;2;1;0;2;5;1;1;4;31;5;2;2;0;1;1;5;6;2;0;0;1;0;1;2;87;11;2;6;9;2;4;33;28;5;2;3;17;8;13;43;283;16;8;14;13;2;16;8;33;2;1;1;12;0;0;6;33;3;3;5;2;2;2;3;20;3;0;1;4;0;0;5;9;1;0;0;2;0;0;0;4;1;1;0;0;0;0;0;38;1;1;2;2;0;3;3;11;2;0;1;4;1;5;3;38;5;3;6;3;1;0;4;7;1;0;1;0;0;1;2;8;1;0;0;0;0;1;0;3;1;0;2;4;2;1;3;29;4;2;3;0;1;2;4;7;2;0;0;2;0;1;4;79;10;2;6;8;3;4;38;30;2;1;4;16;7;18;41;276;18;8;13;13;2;17;11;37;2;1;1;12;0;0;7;34;3;3;5;3;1;2;2;22;2;0;1;5;0;1;6;10;1;0;0;2;0;0;0;5;1;1;0;0;0;0;0;34;1;2;2;2;0;3;2;14;2;0;0;5;1;4;6;35;4;4;6;3;0;1;3;5;0;0;1;0;0;1;2;6;1;0;0;0;0;1;0;3;1;0;2;4;2;0;4;25;3;2;3;0;1;2;3;6;2;0;0;2;0;1;4;89;9;2;4;9;3;4;36;34;2;1;5;16;7;16;38"
15,"223;55;35;61;23;18;33;108;10;2;3;2;13;2;19;42;11;1;0;1;1;1;0;4;3;1;2;2;11;2;6;15;12;3;3;1;0;0;3;4;0;0;0;0;0;2;0;1;10;1;0;1;0;0;1;1;1;0;0;0;2;0;2;0;27;12;2;14;3;6;3;25;1;1;0;0;1;5;2;18;2;1;0;1;1;1;0;0;7;1;1;1;0;3;0;12;15;7;0;5;1;4;1;3;5;0;0;1;2;0;0;2;22;3;0;0;1;1;1;6;2;2;0;1;7;4;4;15;214;61;36;63;28;17;32;129;7;1;2;4;14;1;21;55;10;2;0;1;0;2;0;3;3;0;3;1;7;2;3;9;12;3;1;2;0;0;3;4;0;0;0;0;0;2;0;1;9;1;0;1;0;0;2;1;1;0;0;0;1;0;2;0;25;11;2;12;3;6;2;26;1;2;0;0;1;4;1;19;2;1;0;1;1;0;1;0;5;2;1;1;0;3;2;8;15;4;0;4;1;7;1;2;5;0;0;1;1;0;0;1;21;5;0;1;1;1;1;2;2;0;0;1;8;4;2;13;219;62;35;64;28;19;33;130;6;2;2;5;14;1;21;55;10;2;0;1;1;1;0;3;3;0;4;1;8;2;3;9;11;3;1;2;0;0;3;4;0;0;0;0;0;2;0;1;10;1;0;1;0;0;1;0;1;0;0;0;1;0;2;0;24;11;2;13;3;6;3;26;1;2;0;0;2;4;1;19;2;1;0;1;0;0;0;0;5;1;1;1;0;3;2;8;14;4;0;3;1;6;1;3;5;0;0;1;1;0;0;1;19;3;0;0;1;1;1;1;2;0;0;1;7;4;2;12"
16,"207;28;5;55;10;5;17;133;18;2;1;2;8;2;0;15;16;2;3;0;1;1;0;4;19;0;2;1;7;3;3;12;11;1;1;0;1;0;1;2;2;1;0;0;0;0;0;0;23;4;1;2;3;0;3;5;9;1;0;0;8;0;1;4;23;3;3;7;1;2;2;14;6;0;0;0;1;1;2;9;11;0;0;1;0;0;1;2;1;2;0;1;1;5;0;6;14;7;1;4;4;2;3;12;4;0;1;1;2;1;2;7;39;14;3;6;7;1;7;20;20;4;1;3;16;7;6;34;184;26;5;58;13;4;17;148;15;1;1;1;5;3;2;18;25;2;3;1;1;1;0;4;18;1;2;1;6;1;2;9;9;3;0;0;2;0;0;1;1;1;0;0;0;0;0;0;29;6;2;2;2;0;4;4;9;1;0;0;5;2;1;4;25;7;3;7;1;1;2;14;7;0;0;0;2;1;2;7;6;1;0;0;0;0;1;1;1;2;0;2;2;6;1;7;28;4;1;2;2;2;2;11;6;0;1;1;2;2;1;6;38;14;0;6;6;0;6;13;18;3;1;4;20;8;11;30;196;26;6;56;11;3;14;157;14;1;1;1;6;3;0;17;24;2;3;0;3;1;0;4;16;3;1;1;3;1;0;7;8;1;0;0;1;0;1;1;2;1;0;0;1;0;0;0;28;5;1;3;2;0;4;5;13;1;0;0;1;1;0;5;21;3;3;7;0;2;3;13;7;0;0;0;1;1;2;8;6;0;0;1;0;0;1;1;3;2;0;3;2;6;1;7;19;4;1;4;2;4;4;9;5;0;1;1;1;1;1;6;36;14;1;8;7;0;6;13;26;3;1;3;20;11;7;35"
17,"189;16;10;19;26;9;33;103;30;7;0;0;12;3;14;41;22;2;1;0;1;0;1;12;10;1;2;0;7;0;1;15;3;0;0;0;0;0;0;2;1;0;0;0;0;0;0;1;26;1;0;1;4;0;1;7;40;0;0;2;5;1;3;4;3;1;0;1;1;1;2;10;2;0;0;0;1;0;0;4;1;0;0;0;0;0;1;1;3;0;0;0;1;0;0;1;4;1;1;2;2;1;1;3;0;0;0;0;1;0;0;3;64;3;2;3;5;0;7;22;118;2;0;0;17;3;5;31;181;16;9;19;31;10;32;123;32;5;0;0;13;1;16;48;21;2;2;0;2;0;0;13;13;2;2;0;3;0;0;12;3;0;0;0;0;0;0;2;2;0;0;0;0;0;0;1;28;2;0;1;2;0;0;6;32;1;0;1;6;1;3;8;5;0;0;1;1;0;2;8;2;0;0;0;1;0;0;2;2;0;0;0;0;0;1;2;3;0;0;0;1;1;0;1;4;1;0;0;2;1;1;3;0;0;0;0;1;0;0;3;70;2;1;1;5;0;5;14;120;1;0;0;22;1;6;20;170;16;7;19;31;10;28;120;30;5;0;0;12;2;16;49;23;1;2;1;1;0;0;12;12;2;2;0;8;1;6;13;4;0;0;0;0;0;0;2;1;0;0;0;0;0;0;1;26;3;0;1;2;0;0;6;42;0;0;1;7;1;1;5;6;0;0;1;1;0;2;8;2;0;0;0;1;0;0;2;0;0;0;0;0;0;1;2;2;0;0;0;1;0;0;1;4;1;0;0;2;1;1;3;0;0;0;0;1;0;0;3;69;2;1;1;6;0;5;14;132;1;0;0;20;0;6;19"
18,"167;38;22;65;17;12;22;108;11;6;1;1;14;7;5;34;12;6;0;4;1;0;2;5;12;0;0;0;5;1;6;20;14;1;1;1;2;0;0;2;2;1;0;0;1;1;1;1;10;2;0;2;2;0;0;2;18;3;0;1;4;3;2;4;23;3;2;15;6;2;3;24;2;0;0;0;2;0;1;4;3;0;1;4;0;0;0;1;1;1;0;2;1;1;0;4;11;5;0;2;2;1;0;9;2;2;0;0;2;1;1;2;54;10;1;8;5;1;4;11;49;5;0;3;9;4;5;24;169;40;21;61;19;15;25;130;12;4;1;1;13;7;3;39;12;6;0;5;1;0;1;6;10;0;0;0;1;0;5;19;13;0;0;2;2;0;0;2;2;1;0;0;2;1;1;1;10;2;0;3;2;0;0;2;17;5;0;1;6;3;2;6;20;6;2;13;5;3;4;21;2;0;0;0;1;1;1;3;3;0;1;5;0;0;1;2;1;1;0;2;1;1;0;3;11;6;0;1;1;1;0;7;3;1;0;0;1;1;2;1;50;9;1;3;4;1;2;9;45;6;0;3;8;4;5;23;171;43;21;61;19;15;25;127;13;5;1;1;13;7;3;36;13;5;0;5;1;0;1;6;10;0;0;0;1;0;5;19;13;0;0;2;2;0;0;2;2;1;0;0;2;1;1;1;10;2;0;3;2;0;0;2;17;5;0;1;6;3;2;6;20;6;2;13;5;3;3;21;2;0;0;0;1;1;1;3;3;0;1;5;0;0;1;2;1;1;0;2;1;1;0;3;11;6;0;1;1;1;0;8;3;1;0;0;1;1;2;1;50;9;1;3;4;1;2;9;45;6;0;3;8;4;5;22"
19,"135;65;21;93;13;16;18;208;7;0;0;5;12;7;5;45;7;1;0;2;0;0;2;4;12;1;1;0;7;5;6;12;4;4;1;2;0;0;0;5;0;0;0;2;1;0;2;2;4;1;0;0;3;0;0;3;1;0;0;0;3;0;1;3;21;18;3;15;3;2;3;46;1;0;0;0;2;0;0;11;2;0;0;2;1;0;1;3;0;1;1;0;1;0;0;12;9;8;1;6;0;1;3;4;2;1;0;1;2;2;1;5;15;10;2;5;2;0;0;5;4;3;1;0;1;2;1;26;143;73;29;100;16;15;19;215;6;0;0;4;13;7;2;49;9;2;0;2;0;0;1;5;7;1;0;1;3;4;2;12;8;3;1;3;0;1;0;5;0;0;0;1;0;1;1;1;3;0;0;1;2;0;0;3;2;0;0;1;1;0;1;1;20;13;1;16;2;3;2;41;1;0;1;0;1;1;1;8;0;0;0;2;1;0;0;4;1;1;1;0;1;0;2;11;8;4;1;5;0;1;1;5;3;1;0;1;2;1;1;8;8;8;2;4;1;2;1;6;1;5;0;1;2;2;2;22;150;71;22;100;16;15;16;228;7;2;1;4;13;7;3;45;8;1;0;2;0;1;1;6;6;1;0;1;3;4;2;11;6;3;1;6;0;1;0;5;0;0;0;1;0;1;0;1;2;1;0;2;2;0;0;2;1;0;0;1;0;1;1;1;20;17;3;17;1;1;1;38;1;0;0;0;1;0;1;9;1;0;0;2;1;0;0;4;1;1;0;0;0;0;1;12;8;6;1;5;0;1;1;8;3;1;0;2;2;1;2;6;9;8;1;6;1;1;0;5;1;3;1;1;1;1;1;18"
20,"268;34;20;26;17;2;14;42;20;1;3;0;15;1;5;11;22;1;2;3;1;0;2;3;9;3;3;2;9;1;2;19;13;1;3;4;0;0;1;2;1;0;0;0;0;0;0;0;10;2;2;2;0;0;0;2;9;1;0;0;4;3;5;5;32;20;0;12;1;2;3;12;0;3;0;0;3;1;1;7;1;4;0;1;0;1;0;4;2;2;0;0;2;2;1;10;18;12;1;5;2;1;2;9;1;2;0;1;2;3;0;4;45;12;4;10;4;5;3;16;13;8;3;6;21;13;4;36;279;47;21;36;15;2;12;24;19;0;2;2;11;3;4;10;17;1;0;2;2;0;1;4;7;3;3;1;13;3;7;10;15;3;4;2;1;0;0;3;0;0;0;0;0;0;1;0;14;1;2;2;0;0;1;1;8;2;0;0;4;1;6;7;37;28;1;12;3;1;1;16;2;2;0;0;3;0;0;7;2;3;0;1;0;3;0;5;0;2;0;0;3;2;2;8;18;16;1;8;1;2;4;10;1;2;0;2;2;1;0;5;20;10;2;10;2;3;1;23;11;11;4;7;19;11;3;31;291;40;23;25;15;1;11;30;22;0;2;1;16;1;3;9;22;1;1;2;3;0;1;2;8;2;2;0;11;5;5;14;18;3;2;2;0;0;2;2;0;0;0;0;0;0;0;0;12;3;2;1;0;0;0;1;7;1;2;1;5;2;6;4;36;24;1;13;2;3;1;13;0;3;0;2;3;3;0;4;2;3;0;1;1;3;0;4;1;3;1;0;2;2;1;11;15;12;2;4;4;1;3;7;1;2;0;1;2;1;0;5;31;10;1;10;4;2;1;18;11;10;3;4;19;11;7;34"
21,"118;14;16;15;10;1;8;14;13;2;2;2;6;3;14;12;18;1;4;6;3;0;0;1;16;0;3;3;18;0;35;18;17;7;5;3;2;0;2;0;2;0;2;1;2;1;0;1;16;6;2;2;2;0;1;3;22;2;1;0;17;5;14;10;25;14;5;20;6;2;4;6;2;1;1;3;3;1;6;3;1;1;0;2;1;0;0;7;2;0;1;2;5;7;5;26;17;25;3;16;2;3;2;4;3;0;0;0;1;6;2;7;23;17;2;11;5;2;5;15;13;13;3;4;34;19;27;54;112;16;19;18;14;1;11;12;12;3;3;2;3;3;15;12;16;2;4;4;4;0;0;1;15;0;6;2;22;2;35;22;18;6;2;2;2;0;2;0;3;0;3;1;2;0;1;0;15;7;2;2;3;0;1;3;21;2;0;0;17;6;14;10;25;15;4;21;5;2;4;8;2;0;1;3;4;1;3;3;1;2;0;2;2;0;0;4;3;0;0;2;6;5;6;32;17;21;2;15;2;5;3;5;4;0;0;0;4;7;2;9;21;17;2;10;3;3;5;13;9;13;3;3;27;19;25;53;113;16;20;17;12;1;10;16;12;3;4;3;4;4;15;13;17;2;4;5;2;0;1;1;10;0;5;2;23;2;35;19;19;7;2;3;2;0;2;0;3;0;2;1;1;1;0;0;14;6;2;3;2;1;1;2;20;2;0;0;17;6;14;13;21;17;4;21;5;3;5;9;2;1;1;3;4;2;4;3;1;2;0;2;2;0;0;3;3;0;0;2;4;5;6;32;16;18;3;17;2;5;2;5;4;0;0;0;3;6;2;11;22;17;2;11;4;3;6;14;9;11;2;4;27;17;23;54"
22,"214;24;21;27;24;17;29;178;17;1;1;1;14;9;15;69;15;2;1;1;0;0;1;7;8;1;0;1;3;2;5;16;12;0;0;1;4;1;3;4;2;0;0;0;0;0;0;4;16;2;1;2;0;2;1;3;6;0;1;0;5;0;0;5;8;2;2;0;1;0;0;3;1;0;0;2;1;0;2;9;8;2;1;0;1;0;0;5;3;1;0;0;3;0;2;6;7;1;1;0;0;1;1;3;2;0;0;0;1;0;0;2;39;3;1;0;4;0;2;20;21;3;2;1;12;3;2;30;209;23;29;21;23;16;28;206;16;3;1;1;11;8;10;85;13;2;1;1;3;1;1;3;5;0;0;1;2;2;4;15;12;2;1;1;4;0;4;4;2;0;0;0;0;0;0;3;17;0;1;1;2;3;3;0;3;0;1;0;3;0;1;4;13;3;3;1;1;3;0;2;2;1;0;2;1;1;1;8;9;3;1;0;1;1;0;3;1;1;0;0;1;0;1;5;10;1;2;0;0;1;1;2;2;0;0;0;1;0;0;2;35;5;0;0;1;0;1;9;20;1;2;1;7;2;3;30;202;25;24;22;26;17;33;213;14;1;2;1;12;9;10;86;16;4;2;1;0;1;1;6;6;0;0;1;2;2;3;17;12;0;0;1;4;0;2;4;2;0;0;0;0;0;0;4;17;1;1;1;1;2;0;2;6;1;0;0;3;1;0;6;10;0;2;1;1;0;1;2;3;0;0;1;1;1;1;7;8;1;1;0;1;0;1;3;4;1;0;0;1;1;1;8;7;1;0;0;0;1;1;2;3;0;0;0;1;0;0;3;29;2;1;0;3;0;2;8;19;1;3;2;9;5;4;25"
23,"251;58;15;71;16;8;13;151;7;5;0;7;4;1;3;22;9;4;2;2;1;0;1;4;8;0;0;3;2;3;0;4;11;0;1;1;1;1;0;5;1;1;0;0;0;1;0;0;19;3;0;1;0;0;1;3;8;2;0;3;2;1;1;11;22;11;2;8;1;3;7;19;2;0;1;1;1;0;0;4;4;1;0;0;0;0;0;5;2;1;0;0;7;0;0;2;23;5;1;5;2;3;0;5;2;1;0;0;0;1;0;1;30;7;2;6;2;2;1;17;12;5;0;8;6;3;1;16;230;63;11;73;16;9;11;167;7;6;0;6;3;0;2;25;9;4;2;2;0;0;1;3;5;1;0;3;0;1;0;3;10;0;1;2;0;1;0;3;1;1;0;0;0;1;0;0;18;4;0;1;0;0;0;2;10;2;0;3;1;0;1;12;29;11;1;11;1;2;6;19;3;1;0;2;1;1;0;3;4;0;0;0;1;0;0;7;1;1;0;0;2;0;0;3;27;4;1;5;1;4;0;7;2;1;0;0;0;1;0;1;31;8;1;8;2;3;1;18;12;4;1;9;5;2;2;16;221;59;10;75;15;8;10;201;7;4;0;6;5;0;1;29;8;5;2;2;0;0;1;3;5;2;1;3;0;1;0;2;12;1;0;2;0;1;0;4;1;1;0;0;0;1;0;0;15;4;0;1;0;0;0;1;7;3;0;3;1;0;0;10;28;10;1;9;3;2;5;19;3;0;0;1;1;0;0;2;6;0;0;0;0;0;0;5;1;1;0;0;2;0;0;3;22;4;1;6;2;2;0;2;4;1;0;0;0;1;0;2;36;6;2;6;2;2;1;18;8;5;0;9;4;3;3;16"
24,"201;38;11;26;12;8;15;71;16;6;0;3;2;2;3;16;11;1;2;2;1;0;1;5;8;0;0;3;3;0;1;6;14;3;0;1;0;0;0;3;3;0;0;0;2;1;1;0;7;2;0;0;1;0;1;5;5;0;0;2;2;1;1;5;31;122;1;91;4;2;2;8;2;1;0;1;0;0;0;2;7;4;0;1;0;0;0;3;1;1;0;0;1;0;0;2;19;26;2;24;0;0;3;8;1;0;0;2;0;1;0;3;33;8;1;9;1;1;2;16;7;3;1;3;7;4;0;18;199;42;10;29;9;6;13;91;11;4;0;3;3;2;1;19;7;2;2;2;1;0;0;7;5;2;0;2;2;0;0;5;13;4;0;3;0;0;1;2;1;0;0;0;2;0;0;2;6;2;0;0;0;0;1;2;4;0;0;1;2;0;1;4;32;118;4;93;4;5;0;8;3;1;0;1;0;1;0;5;8;4;0;1;0;1;0;4;1;1;0;0;1;0;0;4;20;24;2;26;0;1;3;7;2;0;0;2;0;1;0;2;36;7;2;5;1;2;1;10;7;6;1;2;4;4;1;15;187;36;11;29;14;9;16;85;16;4;0;3;3;3;4;21;10;2;2;2;2;0;1;6;5;1;0;2;12;1;4;7;15;3;0;1;0;1;0;3;3;0;0;0;2;0;0;0;9;2;0;0;1;0;1;2;4;0;0;1;4;1;2;7;30;114;1;93;4;2;0;12;3;1;0;1;0;0;0;1;6;3;0;1;0;0;0;2;1;1;0;0;2;0;0;2;17;23;2;24;0;0;3;7;1;0;0;2;0;1;0;2;28;7;1;6;1;1;1;13;6;3;1;2;8;4;1;19"
25,"193;26;21;21;44;10;41;50;30;8;4;7;20;2;19;30;20;11;1;5;5;0;2;5;14;3;1;6;14;9;7;26;7;2;0;0;0;0;2;2;2;0;0;1;0;0;2;6;14;2;1;1;2;0;1;4;3;1;0;3;5;2;6;8;8;4;1;4;1;0;2;5;1;1;1;0;0;0;6;14;1;0;1;0;0;1;0;3;0;0;0;0;0;1;3;14;19;3;2;1;4;0;1;3;0;0;1;1;3;0;2;18;56;8;1;5;5;2;4;9;2;1;0;1;6;11;13;38;208;28;19;20;37;9;37;40;31;7;4;7;18;4;19;27;19;10;1;6;4;0;3;5;14;4;1;4;10;10;7;24;4;3;2;0;0;0;2;2;2;0;0;0;0;0;3;6;11;2;1;1;3;0;1;6;3;1;0;3;5;2;4;6;9;5;2;5;1;2;1;5;0;2;1;2;0;0;6;17;1;0;1;2;0;2;0;2;0;0;1;0;0;1;3;9;15;3;3;1;5;0;2;5;3;0;1;1;2;0;3;15;54;9;2;5;8;2;6;11;2;2;0;2;7;8;9;48;187;28;19;21;41;8;45;57;28;7;5;8;22;3;23;37;15;8;2;7;5;1;3;5;11;4;1;6;20;10;8;32;7;1;0;0;0;1;1;2;2;0;0;0;0;0;3;6;9;2;1;1;1;0;4;3;1;1;0;3;3;3;7;6;9;3;1;2;1;1;0;8;0;1;1;0;0;0;7;16;2;0;1;1;0;1;0;2;0;0;0;0;1;1;4;11;12;4;1;1;3;0;1;3;1;0;1;1;3;0;3;16;50;9;3;4;7;2;4;9;2;2;0;1;6;7;6;43"
26,"139;17;31;9;7;1;7;8;13;2;1;3;9;1;4;5;14;5;6;0;3;0;1;0;17;1;1;4;64;4;57;8;28;2;3;3;2;0;1;0;0;1;2;0;2;1;0;0;14;4;1;2;4;0;0;0;10;2;4;0;31;3;21;5;14;31;4;12;2;2;1;3;0;0;0;2;2;1;2;5;2;4;0;3;0;1;1;0;0;3;0;2;6;21;10;23;21;31;3;17;7;6;1;2;0;1;1;1;2;1;2;2;13;14;0;4;8;2;1;4;3;7;3;2;23;37;17;43;136;18;29;11;8;2;6;9;11;2;0;2;7;1;3;5;14;6;8;1;2;0;1;0;15;1;2;5;69;4;53;6;30;3;3;2;2;0;1;0;0;1;2;0;1;1;0;0;12;4;1;2;4;0;0;1;6;2;5;0;29;2;20;5;14;28;4;14;2;2;1;3;0;1;1;2;2;1;2;5;2;5;0;2;0;1;1;0;0;3;0;3;8;22;10;23;23;33;2;16;5;6;1;2;1;1;0;0;3;1;4;3;13;15;0;4;10;2;1;4;5;5;2;3;20;38;19;44;135;14;32;9;6;2;5;5;9;3;1;2;7;1;4;5;16;6;4;2;2;1;1;0;13;1;0;2;66;3;50;8;31;4;4;2;2;0;1;1;0;1;2;0;1;1;0;0;17;4;1;2;4;0;0;0;9;2;4;0;34;2;22;4;19;35;4;10;1;3;1;3;1;0;0;2;1;0;2;5;2;4;0;4;0;1;1;0;3;2;0;2;5;23;9;21;27;32;3;16;7;5;0;2;0;1;1;0;2;2;3;3;11;13;0;3;9;2;1;4;5;7;2;4;26;38;16;45"
27,"99;17;14;29;10;4;11;10;10;1;3;4;6;0;7;6;9;5;2;4;0;1;1;1;14;3;1;1;17;2;14;8;19;4;4;4;3;1;0;1;3;1;0;0;5;0;0;0;19;2;1;1;0;0;3;3;27;3;1;1;19;9;14;6;26;20;11;22;3;2;3;12;3;2;1;0;2;1;2;10;3;2;2;9;0;1;1;3;3;2;1;2;4;5;5;9;31;29;0;12;3;4;1;10;4;3;1;2;5;1;1;6;29;19;5;16;2;1;1;10;32;25;2;13;38;19;15;44;95;20;14;29;9;5;12;9;9;1;2;2;5;1;6;7;9;6;3;4;0;0;1;1;14;3;1;1;18;2;14;8;21;4;4;4;3;1;0;0;1;1;0;1;5;0;0;0;18;2;2;1;0;0;3;3;26;2;1;1;19;9;12;7;30;20;12;22;5;1;1;14;3;1;1;0;0;2;2;12;3;2;2;9;0;1;1;3;4;3;1;2;5;5;5;8;28;28;0;14;2;4;0;11;4;2;1;2;7;1;0;7;27;18;3;18;2;1;1;10;32;24;2;12;39;20;15;47;97;23;14;29;7;5;11;13;8;1;2;2;6;2;6;9;7;5;2;4;0;0;1;1;13;2;1;2;18;1;15;9;22;4;4;4;2;2;0;0;2;1;0;1;5;0;0;0;16;3;1;1;1;0;1;3;27;5;1;1;19;8;15;6;27;21;11;24;5;2;3;12;3;2;1;0;0;2;2;11;3;3;3;9;0;1;1;3;3;3;1;1;4;4;5;7;26;29;1;13;2;4;1;10;3;2;1;2;5;1;0;7;26;19;3;16;2;1;2;9;35;21;2;12;40;22;15;44"
28,"66;22;39;20;8;1;11;7;5;1;1;6;11;2;12;11;8;2;1;6;0;0;2;0;8;1;2;2;17;2;28;17;34;11;4;1;3;2;1;1;1;0;0;0;5;2;4;1;18;3;1;1;1;0;0;1;17;4;2;1;32;4;16;9;12;20;3;21;0;2;0;10;1;1;0;2;0;1;4;14;2;2;0;3;0;0;0;1;4;3;2;4;6;12;6;30;27;37;2;18;5;5;2;17;1;0;0;1;1;4;3;9;19;22;3;9;4;2;4;6;15;12;1;4;28;27;15;56;67;21;40;23;7;1;9;5;5;1;1;5;13;1;12;11;7;2;1;6;0;0;2;1;8;1;2;2;16;2;29;18;37;12;4;1;3;1;2;1;1;0;1;0;3;2;4;1;17;3;1;0;1;0;0;1;17;4;1;2;32;3;15;10;13;19;4;20;0;2;0;10;1;2;0;2;0;1;4;14;2;2;2;3;0;0;0;2;4;4;2;3;6;12;6;31;25;36;1;17;5;6;2;16;2;0;0;1;2;5;2;10;21;21;1;9;4;2;4;6;15;11;2;5;25;28;17;53;67;21;42;23;7;1;8;7;5;1;1;5;12;2;13;12;7;2;1;6;0;0;2;0;8;1;2;2;16;3;29;18;35;11;4;1;4;1;1;1;0;0;1;0;3;2;4;1;19;2;1;0;1;0;0;1;15;4;2;2;34;4;17;9;12;20;3;20;0;2;0;10;1;2;0;2;0;1;4;13;2;1;1;4;0;0;0;1;4;3;2;4;6;13;7;30;24;38;1;17;6;5;2;17;1;0;0;1;2;5;3;10;20;21;2;9;3;2;4;6;14;11;2;4;26;26;15;55"
29,"314;27;16;25;21;6;18;31;20;2;2;4;6;3;6;10;17;3;2;6;2;0;3;3;7;1;0;2;12;5;3;9;15;5;1;3;3;1;1;4;0;0;0;3;3;2;0;3;12;3;1;5;3;3;1;4;2;6;1;3;3;1;5;5;24;13;2;5;4;1;4;11;3;2;1;0;2;1;3;5;5;0;0;2;1;0;1;4;2;2;0;3;1;4;4;10;22;8;1;9;3;3;1;7;2;2;2;3;2;2;0;4;26;6;4;6;2;4;4;18;8;5;1;6;10;6;12;27;314;31;18;24;20;7;19;46;18;4;1;4;8;3;6;11;17;3;5;7;2;1;2;3;9;1;0;3;10;5;3;10;12;5;3;0;4;1;1;4;1;0;0;1;3;2;1;4;10;5;2;5;3;2;1;3;0;7;1;4;2;1;4;6;21;6;3;3;4;2;5;11;3;2;1;0;1;1;3;6;5;0;0;2;1;0;1;3;0;2;0;3;4;3;3;12;17;9;1;6;3;5;1;7;2;2;1;4;2;3;0;3;20;5;2;5;4;2;5;16;7;4;1;5;10;6;11;31;306;30;19;25;19;8;17;51;16;4;2;4;11;2;6;14;18;3;2;7;2;0;1;6;8;1;0;3;11;6;3;9;11;5;3;1;4;0;0;4;0;0;0;1;3;1;1;4;8;4;1;5;3;2;1;4;1;6;1;3;2;1;4;5;19;10;2;6;3;4;5;14;3;1;1;0;3;2;3;6;5;0;0;1;1;1;1;3;0;1;0;3;3;4;3;12;14;10;2;5;3;4;1;9;2;2;1;3;2;3;0;6;19;6;3;5;4;2;5;18;7;5;1;6;7;5;11;30"
30,"238;27;33;14;20;5;11;53;25;9;1;1;9;3;1;18;21;8;2;1;4;1;1;2;8;1;1;1;10;3;3;12;24;3;4;1;2;1;0;1;3;0;0;1;0;1;0;1;18;2;0;0;1;0;1;3;6;0;1;0;1;4;4;6;31;12;3;4;3;1;4;8;4;1;0;2;2;2;2;5;4;3;1;2;1;1;0;3;3;2;0;2;2;1;3;11;24;5;1;4;1;3;3;7;4;2;0;1;2;2;0;4;56;13;4;6;6;1;5;15;22;5;2;2;10;10;3;42;233;31;35;19;22;7;13;70;16;9;1;2;8;2;1;32;16;7;1;1;5;1;2;3;8;2;1;2;13;3;3;11;23;2;3;1;2;0;1;3;3;0;0;0;1;0;0;1;15;1;2;0;1;0;1;3;8;0;1;1;2;5;3;6;30;11;3;5;3;1;3;12;3;2;0;3;4;2;2;4;5;4;1;2;0;1;0;2;3;2;0;2;2;0;2;10;23;6;0;4;1;2;2;6;4;2;0;1;2;2;0;2;54;11;2;3;5;0;3;8;21;5;3;2;8;9;3;37;221;25;36;14;18;7;13;82;15;7;1;1;9;2;3;33;20;6;1;1;3;1;2;0;8;3;1;1;17;4;4;14;23;2;3;2;2;0;1;2;4;1;0;1;0;0;0;2;15;0;1;0;2;0;3;3;7;0;2;0;3;3;3;6;27;12;2;3;3;1;5;6;5;1;0;2;1;2;2;4;3;4;1;1;0;2;0;5;2;3;0;2;1;0;1;12;19;3;1;5;2;2;2;5;4;2;0;1;5;3;0;2;67;10;1;6;2;1;2;8;28;3;2;2;9;10;5;35"
31,"204;34;18;35;23;10;22;116;16;5;4;3;13;3;10;46;14;1;0;3;2;1;1;5;7;1;1;2;4;3;2;10;15;0;5;1;0;1;2;4;1;0;1;0;0;0;0;0;14;4;1;1;1;0;2;7;7;0;0;1;2;0;1;4;21;5;0;6;4;1;3;17;2;1;0;0;3;2;1;10;8;1;0;0;0;1;0;3;5;1;1;0;5;3;1;13;25;1;2;1;0;0;2;5;3;0;0;1;1;0;0;4;52;5;3;3;4;2;1;13;17;6;2;4;7;11;2;35;194;35;19;37;25;11;23;138;13;1;3;5;15;5;10;54;14;1;1;3;1;1;0;7;7;1;1;1;3;4;1;13;12;1;4;1;0;1;1;7;1;0;1;0;0;0;0;2;12;4;1;1;1;0;2;5;8;0;0;1;2;0;1;5;20;6;0;4;4;0;2;21;1;2;0;0;3;2;1;11;8;1;0;0;0;1;0;1;6;2;1;0;3;2;1;11;20;1;3;1;0;0;1;7;3;0;0;1;1;0;0;3;51;4;2;4;4;1;1;7;17;6;2;3;4;8;2;32;180;33;18;38;22;17;29;147;11;3;2;5;16;5;10;64;14;1;0;3;1;2;0;4;9;1;1;1;5;3;1;14;11;0;3;1;0;1;3;4;1;0;1;0;0;0;0;1;15;3;1;1;1;0;2;5;6;0;0;1;2;0;1;4;17;4;0;5;5;0;3;22;1;1;0;0;3;1;1;12;8;1;0;0;0;1;0;1;4;2;1;0;3;1;1;9;20;0;3;1;0;0;0;6;2;0;0;1;1;0;0;3;54;3;3;3;4;1;1;6;22;6;2;4;4;7;2;30"
32,"268;34;11;23;24;5;20;129;23;4;0;5;9;3;12;38;26;1;1;3;0;0;1;2;6;0;0;2;6;0;2;12;13;0;0;1;0;1;0;1;1;0;0;0;1;0;0;1;23;5;0;0;1;1;1;5;5;0;0;0;2;1;2;6;25;5;0;4;2;0;1;14;0;1;1;1;1;0;0;4;4;1;0;2;0;0;0;1;2;0;0;0;4;0;0;4;22;4;0;3;1;0;1;10;2;0;0;0;2;0;0;4;31;9;4;5;4;2;6;24;19;5;1;1;10;6;3;27;246;37;13;30;22;4;21;150;24;3;0;4;13;1;5;40;19;3;1;4;1;1;2;3;6;0;0;2;3;1;4;14;12;1;0;2;0;1;0;3;1;0;0;1;0;0;0;0;21;5;1;0;1;1;2;5;4;0;0;0;3;1;2;5;19;8;0;2;3;0;1;18;0;0;0;1;1;0;0;7;4;2;0;1;0;0;0;1;4;2;1;0;3;0;0;1;20;3;0;4;1;0;1;11;2;0;0;0;1;0;0;5;37;7;3;2;4;1;5;22;16;5;1;1;13;5;3;23;238;39;10;29;24;5;20;166;22;3;0;5;11;1;7;45;23;1;1;5;0;0;1;4;5;1;0;1;3;1;2;11;14;1;0;1;0;1;0;2;0;0;0;0;0;0;0;1;20;5;2;0;1;1;0;6;5;0;0;0;2;1;1;6;26;5;1;4;2;0;2;17;3;0;0;1;1;0;0;7;2;2;0;1;0;0;0;2;3;2;0;0;3;0;0;3;19;5;1;1;3;1;0;11;2;0;0;0;2;0;0;4;25;7;3;3;3;3;7;22;14;5;1;1;7;6;3;24"
33,"180;35;25;29;25;3;24;75;19;2;2;10;11;3;9;26;14;3;3;3;2;2;2;9;7;1;0;2;6;3;4;19;15;0;2;2;1;1;1;4;1;0;0;1;0;2;0;5;14;3;1;1;2;0;1;8;9;1;0;2;5;4;1;8;14;8;5;7;8;2;4;11;8;3;0;0;2;2;1;17;2;2;0;3;0;0;0;4;5;0;1;2;2;0;0;7;20;8;2;7;1;4;2;10;5;0;0;0;0;1;3;6;26;5;3;6;6;4;3;16;30;9;3;6;11;4;5;45;182;32;23;21;27;7;27;69;19;4;4;12;14;2;9;26;21;3;2;4;2;1;1;10;7;1;0;3;5;2;3;19;15;2;2;2;3;0;0;3;1;0;0;1;0;2;0;5;10;3;1;2;5;1;1;5;11;3;0;0;4;3;3;10;17;9;5;9;6;0;3;9;7;3;0;0;2;2;0;14;4;3;1;3;0;0;1;2;5;1;0;1;0;1;0;7;19;8;3;5;3;4;2;12;5;0;0;0;0;2;6;8;27;8;3;4;3;2;1;15;32;8;3;7;9;5;5;40;185;26;22;22;25;6;26;78;18;4;3;11;11;1;10;33;22;5;3;4;1;1;2;8;6;1;0;2;7;5;2;19;13;1;2;2;3;0;0;3;1;0;0;1;0;2;0;5;15;3;0;2;2;0;1;6;12;3;0;2;5;3;3;6;13;6;5;8;7;0;4;8;7;3;0;0;1;3;0;13;3;5;1;1;0;0;1;3;4;2;0;1;1;1;0;8;16;10;1;5;2;4;2;10;5;0;0;0;0;2;5;7;29;7;5;3;4;3;1;17;34;5;3;8;13;5;4;40"
34,"84;16;15;23;6;2;13;19;19;1;1;3;13;1;27;20;5;1;4;1;1;0;1;0;9;2;0;3;16;8;16;30;11;9;2;1;0;0;3;2;3;0;0;0;2;0;0;1;14;2;3;6;3;0;1;2;34;8;1;1;16;3;12;7;21;11;1;20;1;0;3;9;3;1;0;1;0;1;5;15;2;0;1;0;0;0;0;2;3;3;0;3;6;1;7;21;21;18;3;13;8;3;2;11;1;1;0;0;2;1;5;12;41;16;0;16;4;3;4;20;22;12;2;6;21;24;22;62;82;14;16;23;7;1;13;21;21;1;1;3;12;2;25;21;8;1;3;1;2;0;0;0;6;2;1;4;15;8;15;31;13;8;3;1;0;0;3;2;4;0;0;0;1;0;0;1;14;2;3;5;3;0;1;3;31;8;1;1;18;4;12;9;22;12;1;17;1;1;2;9;3;1;0;1;1;1;2;16;0;1;1;1;0;0;0;2;3;3;0;2;5;2;8;20;22;17;2;13;7;3;1;10;2;1;0;0;2;1;6;14;40;16;1;18;2;4;4;20;24;12;2;4;24;23;18;62;80;15;15;23;7;1;15;21;22;1;2;4;10;1;26;21;7;1;3;1;1;1;0;0;6;2;0;4;15;8;15;27;14;7;3;1;0;0;3;2;4;0;0;0;1;1;0;1;15;2;3;5;3;0;1;3;31;7;2;2;18;4;12;6;23;12;1;17;1;1;2;9;3;1;0;1;1;1;3;16;0;1;1;2;0;0;0;3;3;3;0;2;5;1;8;20;22;18;2;14;7;2;1;11;2;1;0;0;1;1;7;12;40;16;1;16;2;3;4;21;26;13;2;4;23;23;17;65"
35,"160;9;12;8;12;4;7;25;7;3;1;0;7;2;6;25;22;4;3;1;0;0;2;3;15;1;0;0;2;1;1;10;23;2;0;0;0;1;1;2;3;2;0;0;0;0;0;2;35;3;2;4;1;0;3;1;9;1;0;0;1;1;1;6;40;1;0;0;2;0;0;6;7;1;0;0;1;1;2;4;14;0;1;1;0;0;1;1;11;1;0;0;1;0;4;3;39;3;2;2;2;3;2;0;1;1;0;0;4;0;0;0;194;10;3;4;4;3;0;9;95;11;4;4;22;10;10;22;128;7;11;6;12;4;8;37;11;2;1;0;4;2;4;30;24;2;3;1;0;0;2;3;16;1;0;0;1;0;1;9;28;2;0;0;1;1;0;2;3;1;0;0;0;0;0;2;37;3;3;3;1;0;3;1;8;1;0;1;2;0;1;6;42;1;0;0;1;0;0;5;5;0;0;0;1;1;2;4;16;0;1;1;1;0;0;1;9;2;0;0;1;0;6;3;45;5;1;2;1;3;2;0;2;1;0;0;3;0;0;0;198;9;1;4;2;3;0;10;100;10;4;4;27;10;12;22;138;5;10;6;12;4;8;36;8;2;1;0;3;2;4;30;22;2;3;1;0;0;2;2;13;1;0;0;1;0;1;11;27;2;0;0;0;1;0;2;3;1;0;0;0;0;0;2;41;3;2;3;1;0;1;1;6;1;0;0;2;0;1;5;41;1;1;0;1;0;0;5;7;0;0;0;1;1;2;3;11;1;1;1;0;0;0;1;10;2;0;0;2;0;4;3;47;4;2;1;1;3;2;0;1;1;0;0;3;0;0;0;211;9;1;6;3;3;2;9;102;11;4;5;22;11;8;20"
36,"181;36;12;33;16;2;12;41;15;3;3;10;4;2;7;14;23;6;2;2;1;0;2;3;4;4;1;1;9;1;4;7;20;1;1;2;0;0;1;0;4;0;0;0;0;0;0;3;19;7;1;2;2;0;0;0;21;3;0;3;0;0;5;6;44;15;2;17;2;3;2;11;5;0;0;0;4;2;3;5;4;3;0;2;0;2;0;1;2;1;0;2;1;4;1;4;51;9;2;8;2;4;1;6;6;1;1;0;0;0;5;6;62;11;2;10;11;2;4;9;37;8;1;5;12;6;8;30;180;40;13;36;16;3;12;40;16;3;3;10;5;3;7;13;21;6;1;2;3;0;2;3;5;2;1;1;7;1;3;6;18;3;0;2;0;0;3;0;4;0;0;0;0;0;0;3;18;6;2;1;2;0;1;0;22;2;0;3;1;0;2;6;45;20;1;20;4;2;2;10;3;0;0;0;3;2;3;6;4;4;0;3;0;1;0;1;2;1;0;2;0;4;1;3;52;8;2;10;3;4;1;7;4;2;1;0;0;0;5;6;59;13;2;11;11;2;5;5;35;9;1;4;8;5;9;30;191;33;13;30;16;2;10;49;22;2;3;11;4;1;8;13;24;6;1;1;1;0;2;3;6;3;1;1;6;1;4;8;19;1;0;2;1;0;1;1;4;0;0;0;0;0;0;2;18;7;1;1;1;0;0;1;23;0;0;3;2;2;4;6;48;13;0;16;5;2;3;7;1;1;0;0;2;1;5;6;4;4;0;2;0;1;0;1;0;1;0;2;1;6;1;3;52;9;2;9;3;4;1;6;4;2;1;1;0;0;3;7;56;16;4;9;11;2;4;12;24;9;1;4;14;5;8;29"
37,"103;21;7;9;3;4;14;28;17;8;1;12;8;1;19;105;10;1;1;4;0;0;1;1;8;4;2;3;22;0;18;23;13;2;0;3;0;0;2;2;0;1;0;0;1;1;0;0;20;2;0;0;0;0;0;0;6;5;0;0;25;1;10;8;16;8;1;7;1;0;0;10;2;0;0;1;1;0;5;10;4;2;1;0;0;0;0;3;2;2;0;0;3;0;2;6;31;3;2;2;4;0;1;6;3;0;0;0;3;0;3;13;120;13;4;6;11;1;11;18;29;6;1;2;26;5;10;43;95;17;7;10;3;3;13;34;17;8;3;10;5;2;18;135;10;2;0;3;0;0;1;1;7;1;1;3;20;1;13;26;14;3;2;1;0;0;2;2;0;0;0;0;2;1;0;0;25;2;0;1;0;0;0;0;6;3;0;0;22;2;8;5;19;9;2;5;2;0;0;8;2;0;0;1;0;1;5;9;4;1;1;0;0;0;0;3;1;1;0;1;4;1;3;6;33;4;2;4;1;0;3;6;2;0;0;0;2;1;5;16;114;13;2;6;12;2;10;19;26;5;1;1;24;3;9;39;105;19;8;12;2;3;12;38;16;8;2;11;3;1;13;130;8;2;0;4;0;0;1;1;11;3;1;1;21;0;12;21;13;3;0;1;0;0;1;3;0;0;0;0;2;1;2;0;22;2;0;1;0;0;0;1;4;3;0;0;20;2;7;6;17;11;1;6;1;0;1;10;1;0;0;1;1;2;5;10;4;2;1;0;1;0;0;3;0;1;0;1;3;1;2;5;35;2;2;4;1;0;1;7;2;0;0;0;2;0;4;16;118;14;4;5;11;2;7;25;25;5;0;1;20;4;8;45"
38,"94;20;11;27;18;6;15;121;18;2;4;5;18;1;31;145;7;0;0;0;1;0;1;2;7;1;0;0;19;2;41;20;6;1;1;1;0;0;1;1;1;0;0;0;1;0;1;1;6;0;0;0;0;0;0;3;3;0;1;0;20;1;12;14;8;22;2;24;0;0;1;9;1;0;0;0;0;1;1;9;1;0;0;0;0;1;1;2;0;0;0;0;1;7;0;16;10;5;3;18;1;2;2;4;2;2;0;0;0;0;1;4;35;7;1;8;4;0;2;22;8;1;0;1;5;4;7;46;84;19;9;21;13;6;25;128;16;3;0;4;12;4;33;172;4;0;0;0;1;0;0;3;7;1;0;0;23;1;38;23;6;1;1;0;0;0;0;2;0;0;0;0;0;0;2;2;5;0;1;1;1;0;0;2;2;0;1;0;19;1;12;7;7;16;2;29;0;2;1;10;1;1;1;1;0;0;1;5;1;1;0;1;0;0;0;2;0;0;0;0;1;5;0;15;10;4;2;21;2;1;1;4;1;1;0;1;0;0;1;3;38;7;2;7;8;0;2;22;5;3;1;0;7;5;7;39;76;18;6;24;8;3;20;129;18;2;4;3;13;0;24;193;7;0;0;0;2;1;0;4;10;1;1;0;24;0;30;20;5;0;1;0;1;0;1;0;1;0;0;0;0;0;1;1;7;0;0;0;0;0;0;1;5;0;0;0;21;1;17;7;10;17;2;26;0;1;1;9;2;0;1;0;0;1;2;1;1;0;0;0;0;0;0;0;0;1;0;0;0;6;1;12;11;7;3;19;1;0;0;3;2;1;0;0;0;0;0;6;45;9;2;7;5;1;7;19;4;2;0;1;14;6;3;41"
39,"85;12;22;13;8;1;15;36;16;3;2;4;11;2;13;34;9;0;0;3;1;2;1;3;9;2;2;0;18;1;15;9;14;1;5;2;2;2;3;1;0;0;1;0;2;2;1;1;16;2;1;2;0;0;1;1;23;2;1;1;21;4;19;8;18;37;6;29;2;0;3;11;1;0;0;0;2;1;1;3;3;3;1;0;1;1;0;0;3;0;0;8;7;4;4;19;30;28;6;27;4;3;0;2;1;3;0;0;2;0;3;7;33;12;3;11;3;1;0;24;39;9;1;5;16;20;9;63;94;16;22;20;6;1;17;31;12;5;3;2;12;3;12;33;8;0;2;2;1;1;0;3;10;1;3;0;16;2;14;8;14;1;6;1;1;1;0;1;0;0;0;0;1;0;0;2;13;3;1;0;0;0;2;1;21;3;1;1;20;5;19;7;17;32;6;30;1;0;3;12;4;1;0;1;2;1;0;5;2;4;0;0;1;2;0;0;4;1;0;8;8;4;2;19;29;25;5;29;4;4;0;5;0;2;0;0;4;1;2;7;36;10;2;13;4;0;1;24;38;11;0;5;18;21;10;59;89;18;18;22;6;2;15;31;13;2;4;4;13;2;10;36;9;0;1;2;1;1;0;2;8;1;4;0;15;2;16;8;14;0;6;1;2;1;0;2;1;0;0;0;1;0;0;2;13;3;2;1;0;0;2;1;21;3;0;1;20;5;19;8;20;34;6;30;1;0;2;11;4;0;0;0;1;1;0;4;1;4;0;1;0;2;2;0;5;1;0;6;8;4;3;20;27;26;4;28;3;4;3;4;0;2;0;0;2;1;2;8;39;7;1;12;6;1;1;22;40;13;1;5;18;20;10;59"
40,"119;18;26;26;13;2;5;29;13;4;1;0;7;0;12;16;8;9;3;4;0;0;4;5;12;3;1;3;27;3;21;11;16;3;2;4;1;0;0;3;1;0;0;0;1;0;0;0;15;2;0;3;1;1;0;1;21;2;1;3;26;2;17;7;38;27;3;29;6;2;0;17;4;5;1;3;5;2;2;5;4;0;0;0;0;1;1;2;4;2;1;1;5;12;2;9;25;20;3;6;3;2;5;9;5;0;0;0;3;0;0;1;34;20;0;10;4;3;2;13;20;8;0;5;18;15;10;49;116;16;23;28;12;2;6;28;12;4;2;0;9;1;13;15;10;9;3;4;1;0;4;4;14;4;1;3;30;3;19;10;16;3;3;4;1;0;0;1;1;0;0;0;3;0;0;0;16;3;0;3;1;1;0;0;21;1;1;5;30;1;18;7;38;30;3;24;7;3;0;16;3;4;1;1;4;2;2;6;4;0;0;0;0;0;1;2;4;1;1;2;3;11;2;10;27;21;3;4;4;2;4;8;5;0;0;0;2;0;0;1;39;19;1;8;4;3;2;11;18;8;0;4;21;14;10;50;118;17;24;28;10;3;8;32;13;4;2;0;9;1;10;17;9;9;2;5;1;0;4;4;14;4;1;3;29;1;21;12;16;2;3;3;1;0;0;2;1;0;1;0;3;0;0;0;16;2;0;3;1;2;0;0;21;1;0;4;26;1;17;9;33;29;3;26;7;3;1;16;2;4;1;1;4;2;2;7;4;1;0;0;0;0;1;2;4;1;1;2;2;12;1;14;24;21;3;5;3;3;4;9;6;0;0;0;2;0;0;1;37;17;1;7;4;2;2;14;17;9;0;5;22;14;9;47"
41,"114;25;18;17;8;2;12;55;33;5;2;0;14;5;16;53;12;0;0;1;1;0;3;3;23;1;0;2;20;0;14;23;18;0;2;1;0;0;1;2;1;2;0;0;1;0;0;1;12;1;1;1;1;0;2;4;22;1;0;1;30;4;17;6;9;7;1;5;0;0;3;7;5;2;0;2;1;3;2;7;1;0;0;0;0;0;0;2;3;0;0;0;5;1;4;13;15;6;0;7;0;1;1;6;3;0;0;0;2;0;1;5;34;8;3;10;6;2;3;49;38;6;1;4;31;9;14;62;105;13;12;13;5;3;11;62;39;4;3;0;20;4;27;52;14;1;1;1;1;0;1;3;20;4;0;1;26;1;21;31;14;1;0;1;2;0;1;4;2;0;0;0;1;0;0;1;9;0;1;2;3;0;5;3;24;2;1;0;40;6;15;9;7;7;2;1;0;1;1;9;0;1;0;3;1;1;5;4;1;0;0;1;0;0;1;1;4;0;0;0;5;0;3;11;12;4;0;5;0;2;0;7;0;1;0;0;2;1;1;3;41;8;1;7;7;1;6;33;43;4;2;3;29;5;16;64;93;10;9;12;8;2;16;66;28;5;5;0;26;3;29;65;14;0;1;2;0;0;1;3;23;3;0;1;31;0;26;34;14;2;0;0;2;0;3;4;1;0;0;0;2;0;0;1;11;1;2;1;3;0;4;2;31;3;1;0;42;4;16;7;7;4;2;2;0;1;0;6;4;1;0;2;0;2;2;4;1;0;1;0;0;0;0;2;2;0;0;1;4;0;6;9;9;2;1;2;1;2;0;7;1;0;0;0;0;1;1;3;44;8;2;7;4;3;5;23;42;3;1;3;41;2;11;59"
42,"100;12;18;13;7;2;10;114;59;3;4;1;11;3;16;79;7;1;0;0;0;0;1;2;12;0;0;0;14;1;13;17;12;0;6;0;0;0;0;0;1;0;0;0;1;0;1;1;5;0;0;0;1;0;0;9;3;1;0;0;14;0;7;9;1;21;0;14;0;1;0;3;4;0;0;0;0;2;1;4;2;0;1;0;0;0;0;2;10;0;0;1;1;6;1;11;7;5;1;10;1;0;0;9;2;0;0;0;1;1;0;1;48;4;6;8;3;3;10;57;40;2;1;3;10;9;6;99;107;10;15;12;8;0;9;119;58;5;3;3;8;8;11;94;8;1;0;0;0;0;0;3;11;0;0;0;14;1;10;15;14;0;7;2;0;0;0;4;0;0;0;0;2;0;1;2;8;0;1;0;0;0;2;4;4;1;0;0;13;3;7;8;2;21;0;16;0;1;0;3;4;0;0;0;0;2;0;3;1;0;1;0;0;0;1;3;4;0;0;1;1;3;0;16;7;7;2;9;2;0;1;8;2;1;0;0;0;0;0;2;50;6;2;4;1;3;7;50;40;3;0;4;8;11;10;85;109;12;15;11;6;1;9;112;60;4;1;2;5;8;14;88;4;1;0;0;0;0;0;2;12;0;0;0;14;2;11;19;9;0;9;0;0;0;0;4;1;0;0;0;2;0;1;1;9;0;0;0;1;0;1;4;4;1;0;0;14;1;6;10;2;20;0;14;0;0;0;1;4;0;0;0;0;2;0;9;2;1;1;0;0;0;0;3;4;1;0;1;2;3;2;11;7;4;1;11;1;0;0;12;1;0;0;0;0;2;0;1;63;6;2;5;2;2;7;50;45;3;0;4;13;8;9;82"
43,"106;12;17;28;7;2;19;39;41;2;3;1;17;2;5;25;6;1;0;3;3;0;0;1;15;4;1;1;37;7;15;18;16;1;6;2;2;0;2;2;1;0;0;0;0;0;0;1;9;1;2;2;1;0;1;4;10;2;1;0;24;2;22;14;13;21;1;12;2;2;0;14;2;3;0;0;0;0;2;6;2;0;1;0;0;0;1;3;0;4;0;0;5;7;1;21;19;13;0;16;2;0;2;12;0;2;0;1;0;0;3;3;41;16;4;12;2;2;2;32;22;9;0;2;17;10;17;74;116;14;19;30;7;1;10;48;31;1;3;2;19;0;5;23;7;0;1;0;1;1;3;2;12;1;3;1;29;9;13;18;17;3;3;2;2;1;3;0;0;1;0;0;2;0;3;1;9;1;1;2;1;1;0;3;11;2;1;2;26;2;20;14;16;24;1;11;1;2;0;24;3;4;0;1;0;1;2;8;1;0;1;1;0;0;1;0;1;2;1;0;4;5;1;17;15;14;4;19;2;0;6;15;0;0;0;1;0;0;0;5;37;24;2;16;3;3;3;32;15;7;1;2;15;16;8;62;110;19;17;24;3;1;12;37;33;2;2;1;11;4;9;37;7;1;1;0;0;0;1;2;20;2;2;1;27;2;20;18;22;3;4;3;2;1;2;2;1;0;1;0;1;0;0;1;10;1;1;1;1;1;2;0;10;0;2;1;31;3;20;8;14;23;2;25;0;3;0;19;3;4;1;2;1;2;0;3;3;0;0;0;0;0;0;1;4;4;1;0;5;8;1;13;20;14;2;19;0;1;2;14;0;0;0;1;0;1;0;4;37;15;3;12;2;2;4;28;16;5;1;3;20;13;13;69"
44,"87;15;16;35;7;3;15;32;18;2;0;2;13;1;9;31;11;4;1;1;0;1;1;1;9;1;0;1;20;2;13;10;20;2;5;3;2;0;0;1;1;1;0;0;0;0;0;0;16;2;1;4;3;0;1;4;23;1;1;2;23;0;9;3;28;15;1;21;3;1;1;14;8;0;0;0;1;0;0;9;3;1;1;6;0;0;0;3;3;3;0;1;5;9;2;8;41;15;4;8;1;1;1;5;6;1;1;1;3;0;0;5;62;26;3;7;5;3;3;17;50;15;0;5;20;20;10;48;91;17;16;27;9;2;10;30;16;2;2;2;13;1;3;23;12;5;1;0;2;0;2;3;11;1;0;2;18;1;14;7;19;0;6;3;4;0;0;1;3;0;0;0;1;0;0;0;23;5;0;4;4;0;2;4;22;2;1;1;32;2;15;2;28;17;4;31;4;1;2;13;5;0;1;0;2;1;1;7;4;3;5;4;0;1;1;3;2;3;0;1;2;8;0;12;35;29;2;10;4;1;2;3;7;1;0;1;3;0;3;6;33;20;3;9;5;3;2;8;41;15;3;8;21;23;8;50;93;16;14;24;8;1;7;25;13;1;3;2;20;1;6;25;11;2;2;2;2;0;2;2;16;1;0;1;20;1;12;10;24;2;9;1;3;0;0;0;3;0;0;0;0;0;0;0;20;3;2;2;4;0;2;2;22;3;0;1;32;1;15;6;21;19;5;30;2;3;1;11;6;1;0;0;0;2;1;4;2;4;0;6;0;0;1;2;5;1;1;1;4;9;1;10;30;27;1;8;4;0;3;5;4;1;1;1;0;0;0;7;43;24;1;8;2;2;4;18;41;5;2;9;35;26;12;47"
45,"103;10;13;13;9;0;9;21;19;2;1;2;11;0;8;9;6;4;0;1;0;0;1;3;19;3;1;2;14;0;9;5;23;0;2;2;0;0;2;2;2;0;0;0;0;0;1;1;25;2;2;3;2;1;4;6;17;3;1;1;27;4;17;12;16;7;2;9;1;0;2;0;3;0;0;0;2;1;1;4;4;0;0;2;0;0;0;3;1;2;0;0;4;8;2;10;51;18;3;8;3;1;1;5;0;1;0;0;3;2;1;3;101;28;6;5;6;0;3;19;66;14;1;4;38;27;13;49;92;10;13;12;8;1;9;18;17;2;1;1;7;0;7;10;13;3;1;4;1;0;1;1;10;4;1;1;14;0;9;7;20;0;4;2;0;0;1;2;2;0;0;0;1;0;2;0;32;2;0;1;2;1;3;5;16;2;0;1;27;7;15;11;18;8;3;7;0;0;1;3;4;0;0;0;2;2;0;4;0;1;0;2;0;0;0;3;4;1;0;0;5;8;1;10;55;18;4;6;3;0;1;3;4;0;0;0;3;2;0;3;121;26;9;4;6;1;1;16;72;13;3;7;36;25;13;45;94;11;12;13;9;0;10;19;17;2;1;3;8;0;7;9;13;3;1;3;1;0;1;2;9;4;1;1;16;1;11;7;20;0;2;3;2;0;2;2;3;0;0;0;1;0;1;0;27;2;3;2;0;0;2;6;16;2;0;1;23;5;15;10;21;5;4;10;0;0;1;3;3;0;0;0;3;1;0;4;1;1;0;2;0;0;0;3;2;2;0;0;3;8;1;10;54;19;4;7;3;0;1;5;2;0;0;1;3;2;0;2;110;28;6;7;5;2;1;17;75;14;3;6;36;26;11;47"
46,"95;9;14;17;3;2;8;25;15;0;0;4;16;1;6;11;11;1;0;0;1;0;1;1;13;1;4;1;32;6;20;15;24;1;5;1;1;0;1;0;1;1;0;0;1;0;0;1;15;4;1;0;1;0;2;2;33;2;2;3;36;0;17;7;20;20;3;13;3;2;0;12;1;1;1;2;1;2;0;10;4;1;0;4;0;0;0;1;2;2;0;2;5;3;2;8;32;24;3;12;2;0;1;4;5;0;1;0;1;1;2;1;73;20;0;7;3;1;3;19;54;11;0;4;34;16;18;52;97;9;11;17;3;1;10;29;15;2;0;3;10;1;6;16;9;2;1;0;0;0;2;1;14;0;2;1;28;4;16;14;22;1;4;1;0;0;2;0;2;1;1;0;0;0;0;1;21;3;1;0;1;0;1;1;29;2;2;3;31;2;18;8;17;21;3;14;1;1;0;15;1;3;1;1;2;1;1;5;3;1;0;2;0;0;0;2;3;2;0;1;5;2;2;6;31;19;3;13;3;0;0;3;3;0;0;0;3;0;0;1;79;25;0;7;4;1;2;18;65;13;2;6;47;17;18;43;90;9;15;19;4;1;11;25;22;3;0;4;13;2;8;14;10;3;1;1;0;0;2;2;13;0;3;2;25;5;15;20;20;2;4;1;1;0;2;1;1;0;1;1;2;0;0;1;13;5;1;0;3;0;3;1;32;1;2;3;24;1;13;10;18;24;3;22;1;1;0;17;2;3;1;0;2;0;1;8;2;0;0;0;0;0;0;2;1;1;0;1;2;3;3;10;39;22;2;18;4;0;0;5;2;0;0;0;0;1;0;4;68;21;0;3;6;0;0;19;55;12;3;2;38;16;12;53"
47,"115;20;20;27;10;3;9;22;8;0;1;1;9;3;9;8;2;3;1;0;3;1;2;6;10;4;0;1;48;5;42;13;9;2;1;4;1;0;1;0;0;0;0;0;1;0;2;1;6;1;0;2;1;0;3;4;8;0;1;1;29;2;24;5;21;86;4;63;2;7;1;14;1;5;0;1;2;3;0;8;1;6;0;1;1;2;1;3;0;2;0;1;6;3;0;18;20;32;1;29;0;2;1;7;1;2;0;1;2;0;0;8;13;14;0;11;1;1;2;18;9;8;0;1;14;9;4;35;114;33;13;28;9;2;10;22;15;1;2;1;9;2;11;5;7;4;2;3;3;1;1;3;5;1;3;0;45;2;31;12;11;3;0;2;3;0;0;2;0;0;0;0;2;0;2;2;12;3;0;1;3;0;0;5;10;2;0;1;30;3;25;5;29;70;2;52;3;5;3;15;1;6;0;1;2;3;2;9;5;5;1;4;0;1;0;3;0;5;0;0;4;6;2;11;23;27;4;27;0;1;0;6;1;1;0;1;0;0;2;5;22;13;0;8;0;5;1;14;18;10;0;4;14;6;2;32;110;23;12;29;10;4;11;31;14;1;2;3;15;3;11;4;8;4;4;1;2;1;2;2;9;2;1;1;45;1;35;18;12;5;0;3;2;0;1;1;0;0;0;0;0;0;2;1;10;5;0;2;5;0;1;5;14;0;0;1;38;1;26;8;24;76;2;39;2;2;2;10;1;3;0;1;2;1;2;10;3;2;0;3;0;1;0;1;1;3;0;1;7;7;2;14;21;30;3;17;0;2;2;3;3;3;0;0;0;1;1;7;21;12;1;5;0;2;2;9;14;5;1;5;16;12;4;38"
48,"95;18;16;18;7;3;9;11;15;2;1;2;9;2;3;21;14;2;1;1;2;0;1;3;14;0;3;2;42;3;18;8;18;4;1;4;2;0;0;1;3;0;0;0;1;1;0;0;17;3;3;1;2;0;0;0;30;1;0;2;53;4;30;5;36;24;1;12;1;2;3;4;1;2;0;1;1;0;2;5;4;3;0;1;0;0;0;1;9;2;0;1;3;0;2;5;43;20;2;12;1;0;2;9;2;2;0;0;4;1;1;5;75;24;3;9;2;2;2;16;30;8;4;2;28;10;13;34;98;13;11;13;10;2;10;13;16;3;2;1;10;1;6;19;18;2;1;1;4;0;1;4;14;1;3;1;41;2;22;8;8;5;0;1;3;0;0;1;3;0;0;0;0;1;0;0;19;1;2;2;1;0;0;3;34;0;1;1;69;2;27;9;31;18;2;17;3;1;1;5;1;0;2;0;1;1;1;4;6;2;0;1;0;0;0;0;3;1;0;2;2;1;1;2;40;28;1;12;1;0;1;6;4;2;0;0;3;0;0;6;91;27;1;8;4;2;0;16;31;3;1;3;29;7;15;29;88;11;8;12;10;3;8;10;16;2;2;1;8;1;6;18;16;3;2;1;3;0;0;3;17;0;4;2;45;1;24;7;10;3;0;1;2;0;0;0;3;0;0;0;2;0;0;2;21;2;3;2;2;0;0;1;36;1;1;0;81;1;30;8;29;15;1;15;3;0;0;7;2;0;0;0;1;1;2;2;4;3;0;3;0;0;0;0;2;1;1;1;2;2;1;4;40;26;0;8;1;0;2;6;3;1;0;0;3;0;0;5;101;31;2;8;4;2;2;16;34;4;3;3;29;5;14;25"
49,"136;21;6;35;10;5;10;26;16;3;2;4;13;1;11;37;13;1;0;1;1;0;1;1;15;2;0;2;9;2;21;15;21;2;0;2;1;1;1;2;2;1;0;0;1;0;1;1;17;4;2;1;1;1;3;4;13;0;1;1;9;1;9;8;33;21;5;37;1;3;0;14;3;2;1;2;2;2;2;6;3;3;0;1;2;1;0;2;2;2;1;0;2;2;2;8;25;20;0;24;2;2;2;7;4;3;1;1;4;2;3;4;35;10;2;11;5;2;4;22;18;11;0;7;20;14;12;51;130;21;6;43;10;2;14;51;12;3;4;4;11;2;11;43;10;2;0;1;3;0;1;3;10;1;1;2;6;3;18;14;19;3;1;1;0;1;0;5;3;1;0;0;0;1;1;1;9;2;2;2;0;0;4;1;19;0;1;1;9;1;7;7;22;18;2;35;1;3;3;19;1;4;0;1;1;1;2;9;5;4;0;1;1;1;0;0;4;2;0;1;2;2;3;5;28;16;2;15;4;0;2;6;4;1;1;1;5;1;0;5;60;15;1;6;4;1;2;19;26;10;2;6;18;7;9;50;110;20;10;33;8;3;9;37;22;2;0;3;15;1;11;48;14;2;0;0;2;0;0;2;14;3;2;3;11;0;22;17;22;2;1;1;0;1;0;0;3;1;0;0;1;0;3;0;14;2;2;0;0;0;4;3;13;0;0;1;8;2;9;8;27;25;3;28;0;2;2;13;2;3;1;2;2;2;0;3;5;4;0;0;1;1;2;1;2;1;1;2;1;1;4;6;33;21;2;16;0;2;1;6;4;2;1;1;4;2;1;2;63;15;2;9;3;1;4;22;37;13;2;1;16;13;5;48"
50,"134;27;12;27;16;5;9;27;9;2;4;1;28;3;11;15;15;2;1;0;4;0;6;1;20;0;1;1;56;4;40;16;14;2;1;2;1;0;2;6;1;0;1;0;2;0;4;0;14;0;3;1;2;1;0;1;13;0;2;1;34;1;13;9;42;33;3;27;4;1;2;10;1;1;0;0;0;3;0;4;3;2;0;1;1;1;1;3;1;2;0;1;4;4;3;20;35;23;1;10;3;0;0;6;1;4;0;0;0;1;0;2;21;16;3;2;2;3;2;5;12;5;1;1;19;10;9;21;129;26;7;37;15;4;10;28;10;1;1;1;26;3;7;16;15;2;1;0;3;0;6;1;17;0;3;1;56;4;39;14;16;2;2;2;1;0;1;5;1;0;0;0;2;0;4;0;12;0;2;2;2;1;0;0;18;0;2;1;39;1;13;11;47;33;1;24;4;2;2;13;1;2;0;0;1;2;0;3;3;2;0;0;1;1;2;2;1;1;0;0;5;3;3;21;34;36;1;13;3;1;1;6;1;3;0;0;0;1;0;1;20;14;2;2;2;2;0;6;10;6;1;1;14;13;9;18;130;27;11;29;10;5;8;39;9;3;2;1;30;1;9;19;10;2;1;0;2;1;5;1;15;0;1;1;54;3;35;19;12;2;2;1;1;0;2;4;1;0;0;0;1;0;3;0;10;0;2;1;2;1;0;0;13;0;2;1;34;1;14;9;33;38;1;33;3;1;2;19;1;3;0;0;0;2;0;4;3;3;0;1;1;1;0;2;0;3;0;0;7;5;1;18;37;31;1;13;3;1;1;7;0;1;0;0;0;1;0;1;28;14;1;3;3;3;1;8;15;7;0;2;18;11;8;18"
51,"119;22;19;18;9;2;13;14;10;2;1;0;17;5;14;15;13;0;1;1;3;0;3;5;15;2;2;0;59;4;64;23;21;1;1;3;1;0;0;1;1;0;1;0;3;0;1;2;12;2;1;2;2;0;1;5;10;0;2;1;47;3;31;7;23;41;5;33;1;1;0;10;2;1;0;0;2;4;1;7;2;4;0;1;0;1;1;0;2;4;0;0;6;6;2;14;19;12;5;19;1;1;1;5;0;0;1;0;0;2;0;3;15;7;2;7;1;3;2;9;12;6;1;1;13;11;9;45;107;21;14;22;8;5;16;12;12;3;1;0;15;5;17;17;9;3;1;4;3;0;3;1;16;0;1;0;61;2;53;32;14;3;3;1;2;0;1;0;1;0;0;0;2;0;2;1;9;2;2;2;3;0;3;1;12;1;0;2;51;1;31;9;29;40;1;30;4;1;1;14;2;1;0;0;1;6;1;6;5;2;1;0;0;2;0;0;3;3;0;1;4;3;2;11;14;32;2;18;0;3;2;6;0;1;0;0;0;1;0;3;27;8;4;3;0;1;0;15;11;4;1;4;12;7;7;41;84;19;7;22;7;4;11;10;9;0;0;0;16;2;18;13;12;1;3;3;5;0;0;1;15;2;1;1;102;2;78;21;9;3;3;1;2;1;0;0;2;0;0;0;1;0;0;1;10;0;4;1;3;0;2;1;8;0;2;1;74;5;52;6;21;47;5;38;2;1;0;13;1;2;0;0;2;2;1;4;3;0;1;1;0;1;0;0;5;0;0;0;4;5;2;12;10;31;1;24;0;1;0;5;0;1;0;0;0;1;1;3;17;5;0;2;1;1;0;12;10;1;2;1;13;6;8;33"
52,"61;11;2;6;4;0;3;14;20;1;2;1;3;0;3;12;7;1;0;1;1;0;0;1;9;0;3;0;8;1;22;3;9;3;0;0;0;0;0;1;1;0;0;1;0;0;0;1;15;2;1;1;0;0;2;0;6;2;1;0;7;0;6;1;32;12;2;6;1;0;0;8;1;0;1;0;2;0;0;1;8;3;1;0;1;0;0;0;1;2;0;1;1;1;0;0;99;69;1;1;1;2;1;4;7;3;0;2;0;0;1;1;260;45;7;11;3;1;0;14;77;10;2;2;12;7;10;26;64;10;2;7;3;0;4;14;18;1;3;2;6;0;4;13;8;1;0;1;1;0;0;0;9;0;2;0;9;0;19;3;10;3;0;0;0;0;1;1;1;0;0;0;0;0;0;1;14;4;1;0;0;0;1;0;6;1;1;0;7;1;8;1;25;10;2;6;1;1;1;5;1;1;1;0;1;0;0;2;7;3;1;1;1;0;0;0;2;0;0;1;2;1;0;1;96;61;0;5;1;1;0;5;8;3;0;2;0;1;2;1;275;46;6;8;3;1;2;13;69;13;4;4;16;5;6;24;64;11;2;6;1;1;3;18;17;1;3;1;6;0;5;12;12;1;2;0;1;0;0;1;11;0;1;0;10;0;18;5;11;3;1;0;0;0;0;1;0;1;0;1;0;0;0;1;15;3;1;0;0;0;1;0;7;0;1;1;11;0;8;1;27;10;1;7;1;0;0;7;2;1;1;1;0;0;0;1;7;1;1;2;2;0;0;0;1;2;1;1;2;0;1;0;87;64;1;2;2;1;1;5;8;4;0;1;0;0;1;2;268;41;4;9;3;0;2;15;68;11;4;3;12;6;9;29"
53,"87;26;11;31;6;2;11;49;27;1;1;4;12;1;11;28;15;1;0;1;2;0;0;3;16;0;1;1;12;0;27;18;8;0;1;1;1;0;0;2;2;0;0;0;1;0;0;1;21;1;2;0;1;1;2;3;36;1;1;1;23;2;8;9;19;18;0;25;1;2;3;11;0;1;0;2;2;2;3;9;3;2;0;0;0;1;0;2;0;1;1;1;2;1;2;3;26;28;1;14;5;4;0;11;6;0;0;0;1;0;0;4;92;12;0;7;2;1;3;9;67;6;2;6;31;2;11;22;84;27;9;30;4;2;10;51;23;1;1;4;12;1;11;31;15;1;1;1;2;0;0;3;19;0;0;1;16;1;25;18;9;0;1;1;2;0;0;2;2;0;0;0;2;0;0;0;21;1;1;0;1;1;1;3;33;1;2;1;22;2;9;10;16;19;0;24;2;2;3;10;0;1;0;2;2;2;3;11;3;1;0;0;0;0;0;2;0;1;0;1;2;1;3;5;28;29;1;14;4;4;0;10;6;0;0;0;2;0;1;5;94;9;0;6;0;2;2;10;71;6;2;4;33;2;8;23;87;25;9;31;6;2;10;50;25;1;1;4;11;1;11;35;15;1;0;1;2;0;1;3;18;1;1;0;13;1;24;17;8;0;1;2;1;0;0;3;4;0;0;0;1;0;0;0;21;1;2;0;2;1;3;3;31;1;1;1;22;1;9;10;19;15;0;23;2;2;3;12;0;1;0;2;2;2;3;10;3;2;0;0;0;0;0;3;1;1;1;1;2;1;1;3;28;26;2;13;4;4;0;10;5;0;0;0;2;0;1;5;89;12;0;8;1;1;2;12;71;7;3;5;32;3;6;21"
54,"72;12;1;9;6;1;1;25;23;1;0;0;3;0;6;24;10;2;0;1;3;0;0;2;18;2;1;0;5;0;4;6;6;2;0;1;0;0;0;1;1;0;0;0;1;0;0;0;19;2;1;0;0;0;2;3;13;1;0;1;8;1;3;5;45;6;3;2;2;1;1;2;3;4;0;0;0;0;1;3;11;1;1;1;1;0;1;0;6;0;0;0;3;1;1;3;53;7;1;2;3;1;0;2;6;2;0;0;0;0;0;1;282;20;7;9;4;3;5;18;100;10;1;10;21;8;3;33;67;13;5;9;7;3;2;25;23;1;0;0;4;0;6;26;16;1;0;2;4;1;0;2;17;2;0;0;8;0;3;7;8;2;0;0;0;0;0;1;2;0;0;0;1;0;0;0;21;3;0;1;0;0;2;3;17;2;0;1;11;0;4;6;39;9;3;3;1;1;2;3;3;4;0;0;0;0;1;2;11;2;1;0;0;0;1;0;5;1;0;0;2;0;1;3;54;5;0;1;3;1;1;1;3;1;0;0;1;0;0;1;269;21;5;10;5;1;5;20;99;11;1;9;21;6;2;30;68;11;4;9;7;2;3;24;25;1;0;0;4;0;6;25;14;0;0;2;3;1;0;2;14;2;0;0;16;1;5;7;6;3;0;1;0;0;0;1;2;0;0;0;1;0;0;1;19;2;0;1;0;1;1;4;15;2;0;1;14;0;6;7;42;8;3;2;0;2;1;3;3;4;0;1;0;0;2;2;10;1;1;1;0;0;2;1;6;1;0;0;3;0;1;3;51;5;0;2;3;3;0;4;5;1;0;1;0;0;0;1;262;21;5;11;4;1;4;18;96;11;1;9;18;8;3;29"
55,"97;15;4;10;6;0;9;59;36;7;3;6;4;1;13;91;14;0;1;3;0;0;0;6;11;1;0;2;3;1;7;9;9;3;1;1;0;1;1;0;1;1;0;0;0;0;1;0;18;2;0;3;0;1;0;6;8;2;0;0;2;0;2;9;12;3;0;14;2;2;3;7;4;1;0;2;2;3;1;11;2;0;0;1;0;0;0;0;3;0;0;1;0;2;0;4;18;7;0;3;1;1;0;12;4;0;0;1;1;0;0;11;169;7;2;3;12;2;7;38;48;10;2;6;12;7;11;58;96;18;3;15;6;3;7;63;38;7;4;6;4;2;14;95;11;0;1;2;0;0;1;7;11;1;0;2;3;1;8;9;4;2;0;1;2;0;1;2;2;0;0;0;0;0;0;0;18;2;0;2;0;1;1;3;7;4;0;0;2;1;0;8;10;4;0;14;2;2;2;10;2;0;0;3;2;3;1;10;5;0;0;1;0;0;0;0;2;0;0;0;0;0;1;3;14;8;0;2;1;1;1;10;2;0;1;2;1;0;1;9;171;7;4;3;10;1;9;37;49;6;1;4;9;7;10;65;91;17;2;13;7;5;8;62;38;7;3;6;5;1;11;93;13;0;1;2;0;0;0;8;13;1;0;2;2;2;8;8;5;2;0;1;3;0;1;2;2;0;0;0;0;0;0;0;21;1;0;1;1;1;0;4;9;3;0;1;2;0;4;8;8;3;1;13;2;2;1;8;4;0;0;2;2;3;0;13;5;0;0;0;0;0;0;1;3;1;0;1;0;0;0;2;18;7;0;2;1;1;0;9;3;0;1;2;1;0;1;9;163;12;3;2;10;0;8;45;48;6;1;5;10;6;10;64"
56,"160;30;8;25;15;6;17;74;26;11;2;8;15;5;17;61;18;1;4;4;2;0;2;3;10;0;0;4;8;1;3;14;7;3;0;2;3;0;1;2;0;0;0;0;1;0;0;2;14;4;3;1;2;0;1;2;2;0;1;3;3;1;3;11;19;5;1;3;4;2;2;11;0;1;0;1;1;1;5;6;3;1;0;1;1;0;0;3;2;0;0;0;1;0;2;8;22;9;2;3;2;2;1;8;2;0;0;1;1;1;0;5;84;14;1;6;12;2;6;27;31;4;1;4;3;3;11;46;158;31;11;25;15;7;20;91;21;10;2;9;13;8;20;79;21;1;3;4;2;0;1;1;8;0;0;4;8;1;4;19;8;3;0;0;3;1;1;2;0;0;0;0;1;0;0;2;13;4;2;1;2;0;0;2;3;1;1;1;3;1;4;9;23;3;1;3;4;2;2;12;0;1;0;1;1;0;5;8;5;1;0;0;2;0;0;4;1;1;0;0;1;0;1;11;19;6;0;2;4;1;3;8;2;0;0;0;1;1;0;5;69;11;2;8;10;1;5;20;23;2;1;6;4;4;10;38;157;33;12;27;17;8;21;90;21;9;1;8;16;8;20;81;19;1;1;3;1;0;1;4;9;1;0;5;8;1;4;21;7;2;0;0;3;0;1;2;0;0;0;0;1;0;0;2;12;2;1;2;2;0;0;3;2;0;1;1;3;0;2;11;19;4;1;3;5;2;3;12;0;1;0;1;1;0;5;6;4;1;0;0;1;0;0;3;1;0;0;0;2;0;0;11;21;6;0;2;2;1;3;7;1;0;0;0;1;0;0;6;69;9;2;8;11;1;5;26;23;1;1;6;4;4;9;41"
57,"112;21;11;21;23;2;18;80;27;7;2;4;15;6;16;128;13;3;1;3;1;0;3;4;15;4;1;2;4;2;9;18;8;1;0;2;1;0;1;2;1;0;0;0;3;0;1;4;15;3;0;0;2;0;0;5;8;3;0;1;5;3;3;11;12;2;5;5;4;3;2;6;4;0;1;2;2;0;1;12;3;2;1;0;0;0;1;1;3;0;0;0;0;2;2;7;25;5;0;0;4;1;3;2;0;1;1;0;1;0;4;8;67;11;2;7;7;0;6;20;27;8;2;3;6;5;15;41;117;18;7;20;20;5;22;83;28;4;3;5;13;5;16;145;12;4;2;1;1;0;1;5;17;3;1;2;5;3;7;21;10;3;0;1;2;0;1;0;1;0;0;0;2;0;1;5;11;4;1;2;1;0;0;6;6;3;0;2;6;1;3;12;9;1;3;4;4;2;1;6;3;1;1;3;3;0;1;13;2;2;0;0;0;0;1;2;1;1;0;0;0;1;2;5;17;2;0;2;5;1;4;2;1;0;1;1;2;0;4;10;64;14;2;2;7;0;5;20;26;8;2;3;8;2;14;43;106;21;7;21;19;3;24;90;27;4;3;7;15;6;14;146;14;3;1;2;0;1;2;7;17;3;1;2;4;3;5;26;11;3;0;1;1;0;1;0;1;0;0;0;2;0;1;3;11;2;0;1;2;0;0;6;7;3;0;1;6;2;4;13;10;0;2;3;4;3;2;8;3;1;1;2;4;0;2;10;3;2;0;0;0;0;1;1;1;1;0;0;0;0;2;5;19;2;0;2;5;1;4;3;1;0;1;0;1;0;3;10;60;15;2;5;6;1;4;19;27;7;1;3;6;3;16;40"
58,"96;8;13;10;6;1;7;58;20;1;0;2;6;2;7;27;10;0;0;0;1;0;0;3;17;1;0;0;10;0;6;8;7;0;2;1;0;0;1;1;1;0;0;0;0;0;0;0;26;0;0;1;1;0;1;2;24;0;0;0;9;0;5;2;14;1;0;0;0;1;0;6;3;1;0;0;0;0;2;1;3;0;0;0;0;0;0;0;3;0;0;0;1;1;1;6;23;2;0;2;0;0;0;2;6;0;0;0;0;0;0;2;244;10;2;4;3;1;1;18;175;10;3;3;27;6;13;19;91;10;12;11;5;1;7;69;20;1;0;2;10;2;7;30;14;1;0;0;1;0;0;2;18;1;0;0;8;0;9;10;8;1;2;1;1;0;0;1;2;0;0;0;0;0;1;0;21;0;1;1;2;0;0;2;20;0;0;0;6;0;4;3;12;3;0;0;0;1;0;6;5;1;0;0;0;0;2;4;3;0;0;0;0;0;0;0;4;0;0;0;1;1;1;5;22;1;0;2;0;0;1;2;4;0;1;1;0;0;1;2;224;11;2;4;4;2;4;18;169;11;3;3;22;6;16;20;105;11;14;9;7;1;8;65;21;2;0;2;5;3;6;30;12;0;0;0;0;0;1;3;21;0;0;0;9;0;10;6;10;0;2;1;0;0;0;2;1;0;0;0;0;0;0;0;18;0;1;3;0;0;0;2;23;1;1;0;11;0;4;1;18;3;0;1;0;2;2;3;3;0;0;1;0;0;2;3;4;3;0;0;0;0;0;0;6;1;0;0;1;1;1;5;25;4;1;2;0;0;1;2;3;0;1;1;0;0;1;3;209;17;2;5;6;0;3;23;139;11;1;4;26;7;9;26"
59,"77;8;8;51;5;2;8;53;14;0;0;0;6;0;2;9;12;0;1;6;4;0;1;5;13;2;2;3;31;2;9;2;11;0;1;0;1;0;0;0;4;0;0;0;1;0;1;0;16;2;0;2;3;0;0;1;44;7;2;5;36;3;18;8;22;10;1;50;0;0;5;27;2;1;0;0;2;1;7;3;0;2;0;2;0;0;1;4;3;4;0;1;4;1;4;3;27;3;1;6;5;1;2;3;1;1;0;0;7;0;2;2;46;8;0;14;2;1;3;13;83;12;2;11;46;11;15;34;75;7;9;48;5;2;10;58;14;0;0;0;6;0;2;11;11;1;2;7;5;0;1;6;19;1;1;3;34;1;13;3;10;0;1;0;1;0;0;0;4;0;0;0;1;0;2;0;16;1;0;2;0;1;0;1;38;7;2;6;45;2;18;9;19;9;1;47;2;1;4;24;2;0;0;0;2;0;5;2;2;1;0;2;0;0;1;3;4;3;0;1;4;2;3;2;23;5;1;6;3;1;2;3;2;2;0;0;9;0;1;2;46;5;1;12;3;0;4;13;82;11;1;11;44;9;19;35;75;8;8;49;6;3;10;59;15;0;0;0;7;0;4;10;11;1;2;7;4;0;1;6;19;1;1;3;34;1;13;5;10;0;1;0;1;0;0;0;4;0;0;0;1;0;2;0;18;1;0;2;0;0;0;1;38;7;1;7;44;3;21;7;22;9;1;44;2;1;4;26;3;1;0;0;1;0;5;3;2;1;0;2;0;0;1;2;5;1;0;1;4;2;3;2;26;4;1;6;3;1;2;3;0;1;0;0;9;0;1;2;42;5;1;12;3;0;4;12;82;11;1;11;42;8;20;31"
60,"94;14;8;12;8;4;5;37;22;2;1;3;6;1;6;24;10;1;0;1;2;0;2;5;7;0;1;0;27;0;9;10;15;1;1;2;0;0;0;2;0;0;0;0;0;0;1;2;21;1;0;2;3;0;0;2;17;1;1;0;18;1;16;8;29;39;3;17;1;5;2;16;2;0;3;1;2;1;0;5;6;5;0;0;0;0;0;0;2;0;0;1;0;1;1;4;48;43;1;13;3;1;0;12;2;1;1;0;0;1;1;1;87;27;1;13;6;3;5;11;75;15;2;5;22;4;7;30;98;10;9;11;5;3;1;33;18;1;2;0;7;1;3;20;15;0;1;1;0;1;1;2;15;1;2;0;17;0;9;9;18;3;2;3;1;1;0;2;1;0;0;0;1;0;2;1;21;2;0;0;0;0;1;3;23;4;0;1;15;1;15;6;40;39;0;11;1;4;2;13;3;1;2;1;4;1;0;4;6;3;0;1;1;1;0;2;3;0;0;0;0;1;2;2;57;29;2;14;1;1;1;10;1;0;0;1;0;0;1;0;107;30;2;7;6;1;3;7;83;11;6;10;22;5;3;32;96;15;8;13;5;4;3;37;18;2;2;0;6;1;4;21;11;0;1;0;1;1;1;2;11;1;2;0;19;0;10;13;17;3;1;4;0;0;0;2;0;0;0;1;1;0;3;1;21;1;0;0;0;0;0;4;18;1;0;1;17;0;17;6;35;40;1;10;1;3;1;13;4;0;1;1;3;1;1;5;7;5;0;1;1;0;0;2;2;1;1;0;0;1;2;2;60;31;0;14;2;1;1;9;0;0;0;1;0;0;1;0;109;30;3;7;4;1;3;8;80;13;4;11;21;8;1;29"
61,"173;28;7;28;11;5;21;123;34;1;2;6;11;4;11;50;16;3;0;4;1;0;2;6;10;0;0;2;3;0;1;16;7;2;0;2;1;0;1;4;3;0;0;0;1;0;0;0;15;4;0;1;0;1;1;9;12;1;0;1;0;0;1;7;22;5;1;3;5;1;1;21;7;1;0;0;2;0;1;8;4;0;0;1;1;0;0;0;3;0;0;1;0;1;0;6;16;3;0;6;2;1;0;6;4;1;0;1;0;1;0;4;50;9;1;10;3;2;4;35;32;7;3;5;9;6;7;48;172;31;14;26;13;7;22;128;26;2;3;5;10;4;9;65;13;3;0;2;1;0;1;10;5;1;0;2;5;0;0;14;10;2;0;2;1;0;0;5;3;0;0;0;0;0;0;2;15;3;0;0;1;1;2;7;9;1;0;3;0;0;0;6;23;5;0;6;5;0;1;24;5;1;0;1;2;0;2;9;4;1;0;0;0;1;0;2;2;1;1;0;1;1;0;5;16;4;0;5;1;0;3;9;4;1;0;0;2;1;0;4;43;8;0;11;2;4;3;26;37;5;2;6;8;3;6;40;170;30;13;27;12;5;24;131;33;2;2;5;7;4;6;66;13;2;0;2;1;0;1;9;3;0;0;2;2;0;0;14;8;2;0;2;1;0;1;5;3;0;0;0;0;0;0;0;13;2;0;1;1;2;2;7;9;0;0;1;1;0;0;5;27;5;0;8;4;2;1;21;5;1;0;1;1;0;3;9;4;1;0;0;1;1;0;3;1;1;0;0;1;2;0;5;16;4;1;6;1;0;1;7;4;1;0;0;2;1;0;2;47;13;1;10;2;3;3;27;38;6;3;6;7;2;5;45"
62,"120;25;7;20;14;4;21;110;37;1;2;2;13;1;17;104;13;2;0;2;1;1;3;4;11;0;0;4;11;0;4;23;8;1;1;0;0;0;0;4;1;0;0;0;0;0;0;3;16;0;1;5;0;1;1;12;9;0;1;0;6;0;3;15;12;12;1;4;3;0;5;15;4;0;2;0;1;0;3;6;0;0;0;0;0;0;0;3;1;0;0;1;1;0;1;6;20;6;0;2;2;1;2;5;1;1;2;1;0;2;0;10;47;9;1;6;11;1;3;29;30;10;0;5;18;1;9;43;120;24;5;19;15;1;26;114;37;5;3;3;14;3;15;103;16;1;0;1;0;0;1;4;12;0;0;2;6;0;6;23;5;0;1;1;1;0;0;6;1;0;0;1;0;0;0;1;16;2;1;4;0;2;2;9;10;0;0;0;4;0;5;15;23;12;1;3;3;0;4;13;2;0;2;1;1;0;3;8;0;0;0;2;0;0;2;3;1;0;0;1;0;0;2;5;16;4;0;5;5;2;1;4;1;1;1;1;2;1;0;6;42;7;1;6;8;1;4;30;36;11;1;6;12;0;6;45;109;22;4;24;17;4;23;123;33;4;4;3;11;1;14;116;15;1;0;1;0;0;2;6;12;0;0;2;4;0;5;23;6;0;1;2;1;0;0;5;0;0;0;0;0;0;0;3;14;1;0;4;0;1;3;11;8;0;0;0;5;0;5;16;16;12;1;3;2;0;5;15;3;0;1;1;2;0;2;11;1;0;0;2;0;0;1;2;2;0;0;1;0;0;2;3;17;7;1;2;3;2;1;2;1;0;1;1;2;1;0;8;46;10;1;9;10;1;4;28;30;10;1;7;14;2;9;36"
63,"83;3;3;12;6;2;7;80;10;2;0;1;9;0;6;49;5;1;1;0;1;0;4;3;9;2;1;1;50;2;30;16;9;0;1;0;1;0;1;2;1;0;0;0;0;0;0;1;10;2;0;2;1;0;0;2;26;0;0;3;43;4;17;10;31;49;0;25;0;1;0;10;1;0;0;0;2;0;0;0;2;2;1;0;0;0;1;2;3;0;0;0;3;3;0;9;39;48;2;21;0;0;2;5;1;0;0;0;1;0;0;2;66;21;0;6;0;0;1;7;47;5;1;6;27;8;6;22;93;3;5;12;5;2;7;81;11;2;0;1;10;0;4;49;6;0;0;0;1;0;3;2;10;2;1;2;42;2;33;15;10;1;1;0;0;0;0;2;1;0;0;0;0;0;0;1;9;1;0;2;1;0;0;0;23;0;0;2;44;3;15;9;34;45;0;27;0;0;0;9;1;0;0;0;2;0;0;0;3;3;1;0;0;1;0;1;2;1;0;0;3;5;0;8;39;53;2;20;0;0;2;6;1;0;0;0;1;0;0;2;71;19;0;5;0;0;1;10;45;3;1;5;24;11;5;23;84;3;6;13;6;2;6;93;12;2;0;1;9;0;5;49;7;0;0;0;1;0;3;3;9;2;1;2;43;3;32;15;10;1;1;0;0;0;0;2;1;0;0;0;0;0;0;1;11;1;0;2;1;0;0;0;24;0;0;2;43;3;16;9;33;48;0;27;0;0;0;10;0;1;0;0;1;1;0;0;3;3;1;0;0;0;0;3;2;0;0;0;3;5;1;7;38;53;2;22;1;0;2;5;1;0;0;0;1;0;0;2;64;19;0;5;0;0;1;6;43;3;1;5;23;9;5;24"
64,"99;10;13;26;7;3;10;107;28;4;0;2;19;4;25;85;12;1;0;1;3;0;2;5;15;0;0;1;27;1;29;22;21;1;2;1;1;0;0;4;1;0;0;0;1;0;0;1;10;2;1;1;2;0;3;4;11;0;2;0;16;3;13;16;10;6;1;8;0;1;0;13;5;4;0;0;0;1;1;6;1;3;0;0;0;0;1;2;7;2;0;0;4;5;2;5;21;6;1;2;0;1;3;5;4;0;0;1;1;1;0;3;30;10;1;6;3;1;3;27;31;6;1;2;22;11;8;47;75;7;4;16;7;4;12;85;27;5;0;2;18;1;19;82;10;5;0;2;1;1;1;6;20;0;2;0;35;1;38;24;2;1;0;0;1;0;0;2;0;0;0;0;0;0;1;1;17;1;0;2;1;0;3;4;17;0;1;1;43;0;22;14;13;2;1;4;0;0;0;9;6;0;0;0;2;0;1;3;5;0;0;0;0;0;0;3;0;1;0;0;2;0;2;6;15;2;0;3;0;1;1;5;4;0;0;1;0;0;0;3;74;6;1;2;6;1;7;14;101;8;1;4;22;0;9;29;90;10;9;19;11;3;20;103;26;6;0;3;23;2;19;90;13;2;0;3;2;0;1;6;14;1;3;0;33;2;45;26;5;2;0;0;1;0;1;0;2;0;0;0;0;0;0;1;11;1;0;3;1;0;4;4;19;0;0;1;27;0;18;18;8;2;0;4;0;0;1;7;7;0;0;0;1;0;1;4;2;0;0;0;0;0;0;5;2;0;0;0;3;0;2;5;11;0;0;1;0;1;0;6;2;0;0;0;1;0;0;4;53;5;2;2;5;3;4;17;77;4;1;2;18;0;8;39"
65,"144;17;7;23;5;5;9;46;46;4;1;8;9;4;13;95;21;4;0;2;3;0;0;7;13;0;1;0;5;0;2;14;9;0;1;0;2;0;0;1;1;0;0;0;0;0;1;0;20;0;2;2;0;2;0;5;6;2;1;0;1;3;3;8;16;1;0;0;3;0;2;10;3;0;0;0;2;0;4;10;7;2;1;1;0;0;1;0;2;1;0;1;0;0;0;9;17;1;1;0;1;1;0;6;3;1;0;1;1;1;2;9;130;9;0;5;11;1;9;37;30;3;1;4;9;3;12;61;136;19;10;23;11;3;8;52;46;5;3;5;7;5;18;101;21;3;0;3;2;0;1;7;12;0;2;0;10;0;3;11;9;0;1;0;2;0;0;1;0;0;0;0;0;1;2;0;21;0;1;2;0;2;0;6;6;2;0;0;0;1;2;10;13;2;0;3;2;0;2;9;3;0;0;0;3;0;4;9;4;1;0;0;0;0;1;2;4;0;0;0;0;0;0;7;12;2;0;0;2;0;2;6;5;2;0;0;1;1;1;8;134;8;1;2;12;1;9;33;30;1;1;5;4;2;8;66;136;17;9;22;10;3;7;48;44;4;3;5;5;6;16;101;21;3;0;3;1;0;1;7;12;1;1;0;7;1;4;10;8;0;1;0;2;0;0;1;0;0;0;0;0;1;2;0;19;0;1;2;0;1;0;5;5;2;0;0;1;1;2;12;10;2;1;3;2;1;1;8;2;1;0;1;3;1;3;12;5;1;0;0;0;1;1;3;4;1;0;1;1;1;0;7;15;2;0;1;2;0;0;10;4;2;0;0;1;1;1;7;132;9;1;4;11;2;7;37;33;3;1;6;6;2;10;63"
66,"176;17;12;22;21;6;20;52;33;2;1;4;16;1;16;48;17;2;2;2;2;0;1;8;11;1;1;2;5;3;5;15;12;5;2;3;4;1;1;5;1;0;0;0;0;1;1;3;21;3;0;2;1;0;2;7;8;0;2;1;4;1;8;10;27;6;0;5;3;2;3;12;7;0;0;0;1;3;5;8;1;4;0;0;2;1;1;3;2;1;0;1;2;0;4;10;22;3;5;4;2;1;3;5;3;0;0;0;5;0;1;6;47;12;2;3;9;5;3;19;28;7;0;4;14;9;8;47;182;21;14;23;22;6;23;65;29;3;1;4;13;3;16;53;17;3;1;2;2;0;1;8;13;4;1;2;5;3;4;14;9;4;2;4;4;1;1;7;1;0;0;0;0;1;2;3;23;3;0;1;2;0;2;5;8;1;2;1;6;1;5;9;25;4;0;7;4;1;4;9;4;0;0;0;1;3;7;10;1;3;0;0;2;1;0;3;3;1;0;0;1;1;3;7;23;1;3;3;2;1;1;6;3;0;0;0;5;1;2;7;47;6;2;3;7;4;4;15;27;5;0;4;15;4;7;45;189;21;12;23;20;6;21;62;29;3;1;5;15;2;17;51;17;2;1;2;2;0;1;9;12;2;1;2;4;3;4;15;10;5;2;5;3;1;1;5;1;0;0;0;0;1;2;3;22;5;0;0;2;0;2;5;8;1;2;1;4;1;5;9;24;5;0;6;5;1;4;11;4;0;0;0;1;3;7;9;1;3;0;0;2;1;0;3;3;1;0;0;1;1;3;8;23;1;3;3;4;1;1;6;3;0;0;0;5;1;2;6;48;6;2;3;7;4;4;15;27;6;0;4;15;5;7;45"
67,"170;34;19;30;16;2;12;61;24;3;2;3;16;4;17;48;19;7;2;1;1;2;0;7;19;1;0;2;5;1;1;10;20;1;1;0;1;0;1;1;0;0;0;0;2;1;1;1;16;6;1;3;2;0;1;5;11;2;2;1;2;1;3;6;32;4;1;3;2;2;2;14;8;1;1;0;2;0;2;8;1;0;1;2;0;0;0;0;0;0;1;1;0;0;4;10;34;4;0;3;6;0;3;9;3;0;0;0;1;1;3;6;52;17;3;3;8;5;4;20;30;6;3;3;9;6;10;39;187;30;17;17;16;2;10;62;22;5;2;4;15;4;13;44;20;9;2;0;1;1;1;7;17;4;0;1;3;1;3;10;17;0;0;0;1;1;1;1;0;0;0;0;2;1;0;1;15;7;1;3;2;0;1;3;10;2;0;0;1;2;3;6;31;7;3;2;3;2;2;14;8;0;1;0;1;0;2;6;3;0;1;2;0;0;0;1;2;0;1;2;1;0;4;3;39;3;1;3;4;1;3;7;3;0;0;0;1;2;2;5;64;19;2;5;9;3;3;22;30;6;3;5;7;5;10;44;186;35;16;21;16;1;11;64;22;4;2;4;16;4;15;45;19;7;2;0;2;1;0;6;16;1;1;2;4;2;1;12;18;1;1;0;1;0;1;2;0;0;0;0;1;1;1;1;17;6;2;2;2;0;1;3;10;3;0;0;1;1;3;4;26;3;1;4;1;4;2;18;8;0;1;0;1;0;2;6;3;0;1;2;0;0;0;1;2;0;1;1;1;0;5;3;40;3;1;2;4;1;3;7;3;0;0;0;1;2;2;5;59;18;3;4;7;4;3;21;36;6;3;4;6;3;9;46"
68,"135;27;14;19;16;3;13;49;32;5;3;6;13;3;15;46;22;7;2;2;3;0;1;3;19;2;3;1;8;2;10;15;15;2;1;1;1;0;0;2;1;1;1;0;1;0;0;3;19;6;1;1;1;1;2;3;15;1;0;3;10;1;2;11;22;6;2;5;6;2;4;14;5;0;0;4;3;0;3;8;3;0;0;1;0;0;1;4;2;0;0;0;0;0;2;7;29;7;1;2;4;0;2;9;1;0;1;0;1;0;2;9;53;11;5;7;10;4;6;17;23;7;2;7;23;6;14;52;136;26;14;21;19;3;16;53;31;8;2;7;12;3;16;49;25;6;1;3;2;2;1;3;20;2;3;1;6;2;7;18;14;2;1;1;1;0;0;0;1;0;1;0;1;0;0;4;21;4;2;2;1;1;2;2;14;1;1;3;9;1;3;9;20;7;0;5;6;2;4;14;5;1;0;4;3;0;3;8;2;0;0;0;1;0;2;3;1;0;0;0;0;0;3;6;26;4;1;3;4;1;2;10;1;0;0;0;1;1;2;11;55;10;4;7;8;4;5;18;21;6;3;6;21;6;15;48;130;29;16;21;17;3;16;51;34;6;2;8;14;2;17;51;23;6;2;4;1;1;1;5;16;2;3;2;6;2;7;16;14;1;1;1;0;0;0;1;0;0;1;0;1;0;0;3;20;5;1;2;1;1;2;2;14;2;0;3;10;0;2;11;21;6;1;4;6;2;6;15;5;1;0;4;3;0;3;11;2;0;0;0;1;0;2;4;2;0;1;0;0;0;2;5;23;6;1;3;5;2;3;10;2;1;0;0;1;1;3;11;54;9;3;7;7;4;4;15;22;7;3;6;18;6;15;52"
69,"142;30;10;26;7;2;10;38;21;5;1;8;11;3;13;23;14;5;0;3;2;1;3;7;14;2;1;4;4;2;4;17;13;2;1;6;1;0;0;0;0;1;1;0;0;0;1;1;21;2;1;3;1;0;0;5;12;2;0;2;5;2;4;5;36;11;1;9;4;3;6;14;5;1;1;0;2;1;1;14;5;2;0;1;0;0;0;3;3;2;0;0;0;0;1;5;40;13;2;8;6;1;3;12;2;0;0;0;2;1;4;12;71;26;2;5;9;4;3;14;28;6;4;4;15;7;15;49;142;30;9;23;6;2;9;31;21;2;1;7;11;3;10;23;18;5;0;3;1;2;3;6;13;3;1;5;7;1;4;17;16;2;1;5;1;0;0;0;1;1;1;0;0;0;1;0;20;2;1;4;2;0;0;4;13;3;0;3;5;2;4;6;35;7;2;10;3;3;6;17;6;1;1;0;2;0;1;13;4;1;0;2;0;0;0;3;3;2;0;1;0;1;1;5;41;16;1;5;5;2;4;10;2;2;0;0;2;3;4;10;82;30;2;5;10;3;4;11;27;7;5;3;17;8;16;40;147;26;8;26;6;3;11;34;22;1;1;7;10;3;11;24;16;6;0;3;1;2;2;6;12;3;1;5;5;1;5;14;16;3;1;5;1;0;0;0;1;1;2;0;0;0;1;0;24;2;1;4;1;0;0;2;14;3;0;3;6;1;5;5;33;8;2;8;1;3;7;19;5;2;1;2;2;0;3;11;4;2;0;1;1;0;0;3;3;2;0;1;0;1;1;6;43;18;0;6;5;1;3;11;2;1;1;0;1;3;7;8;73;30;2;6;12;2;2;12;25;7;4;2;17;8;14;42"
70,"147;29;18;29;17;3;12;24;18;6;6;6;23;1;19;26;18;4;2;1;2;1;5;6;17;2;0;3;12;2;15;15;23;7;1;5;3;0;2;1;1;0;0;1;0;0;0;1;18;3;4;4;1;0;0;4;19;1;2;5;7;1;6;10;29;15;1;6;9;1;7;13;2;2;0;2;3;2;2;7;3;1;1;1;3;1;0;4;2;2;0;1;4;5;1;7;25;13;3;7;0;1;3;10;2;2;1;2;2;1;0;5;27;10;1;6;5;4;5;18;20;6;1;3;11;10;8;56;147;30;16;30;17;3;12;20;15;4;5;8;23;1;18;21;23;4;1;2;2;2;5;6;16;5;1;2;7;1;14;13;22;6;2;4;4;0;1;2;1;0;2;1;0;0;0;1;20;4;5;3;1;0;0;3;21;0;1;5;7;1;5;12;31;17;3;5;7;3;7;10;2;1;0;3;3;2;2;10;2;1;1;1;2;1;0;4;3;2;0;1;5;4;1;8;32;12;2;7;1;2;2;11;2;2;0;2;2;1;0;5;26;10;0;7;5;3;4;17;23;7;2;4;12;10;12;49;141;33;17;29;17;4;12;20;14;4;4;8;23;1;20;21;23;4;1;1;2;1;5;7;16;4;1;2;7;2;14;14;22;6;2;4;3;0;1;2;2;0;1;1;1;0;0;1;20;4;5;3;2;0;0;3;20;0;1;5;5;1;5;12;31;16;4;5;7;3;7;10;3;1;0;2;4;2;2;9;3;1;1;1;2;1;0;4;2;2;0;1;5;5;1;8;33;12;1;7;1;2;3;9;3;2;0;1;2;1;0;5;29;9;0;7;5;3;3;18;26;7;2;3;13;10;11;49"
71,"152;33;21;20;17;5;12;29;24;6;1;3;19;1;15;26;10;8;1;6;10;4;1;4;19;2;2;2;16;2;6;9;19;1;1;2;0;1;2;0;1;0;1;0;2;0;5;4;20;5;2;2;2;1;3;8;9;2;1;2;15;2;7;11;26;9;4;10;7;2;6;10;8;2;1;2;6;3;3;9;7;2;1;0;0;2;0;3;6;3;0;2;3;2;2;4;27;3;4;3;2;2;4;12;4;0;0;0;5;1;0;6;26;12;0;5;5;5;2;18;21;8;1;7;17;4;7;51;154;32;21;22;19;5;14;38;26;4;1;6;24;1;17;29;12;10;2;4;8;4;1;6;17;2;1;5;15;2;7;11;19;2;0;1;0;1;2;0;1;0;1;0;2;0;5;4;21;3;1;1;3;1;3;10;13;2;2;4;15;2;7;12;23;8;3;8;6;2;7;10;7;1;1;0;5;3;6;9;6;1;1;1;0;2;1;2;5;3;0;2;3;2;2;3;22;2;3;3;3;2;5;12;3;0;0;0;5;1;0;7;22;10;0;4;4;4;2;13;19;7;1;5;15;3;7;49;155;33;21;21;21;5;13;35;28;4;0;7;20;2;17;26;11;9;2;6;8;4;2;5;16;2;3;3;16;2;7;9;20;2;0;1;0;1;2;0;2;0;1;0;2;0;5;5;19;4;1;2;2;2;3;9;11;2;1;3;16;2;7;11;24;8;2;8;7;3;7;10;7;0;1;0;4;3;8;10;5;2;1;0;1;2;1;2;6;3;0;2;3;2;2;3;23;2;3;4;3;1;4;11;3;0;0;0;5;1;0;7;21;11;0;5;4;3;2;16;19;9;2;7;14;4;5;49"
72,"128;30;19;25;18;8;21;37;24;3;0;4;15;4;11;17;22;5;1;2;0;0;3;5;17;0;2;4;10;0;7;18;17;1;2;4;3;0;2;0;9;1;0;0;0;0;1;3;14;4;1;4;2;1;2;3;19;2;1;4;11;2;2;11;29;6;4;8;7;1;5;8;10;4;0;3;3;1;2;9;3;2;1;3;1;1;0;4;0;1;1;3;5;1;3;10;30;11;4;5;6;2;2;5;2;1;0;1;4;1;1;3;25;13;2;10;10;6;5;13;23;11;2;4;18;14;14;51;140;31;20;29;22;6;21;31;22;5;1;5;15;3;12;23;18;5;3;2;1;0;2;5;14;2;3;5;8;4;7;9;13;2;1;3;4;0;1;1;8;1;0;0;2;0;1;3;13;7;1;3;1;1;1;3;18;2;1;4;11;1;4;14;24;6;4;6;7;4;7;11;8;5;0;4;6;1;3;6;3;4;1;2;1;0;0;5;1;0;1;4;3;1;2;10;31;10;3;6;5;3;1;8;1;1;0;1;3;1;1;6;26;15;1;13;11;7;6;12;21;6;3;2;16;13;10;42;135;31;19;30;23;7;23;33;22;5;1;5;16;3;9;22;18;6;3;3;0;0;2;4;16;1;2;5;8;4;10;12;16;3;1;2;4;0;1;2;9;1;2;0;0;0;2;3;11;8;2;3;1;1;1;2;19;2;0;4;10;1;3;14;29;7;5;7;6;3;5;11;8;3;0;4;6;2;4;7;4;3;1;2;1;0;0;4;0;1;1;4;3;1;3;9;30;10;3;5;6;3;1;6;1;1;0;1;3;0;0;4;25;14;1;13;10;5;7;11;21;6;2;2;14;13;9;47"
73,"82;14;6;66;11;1;14;74;21;4;0;5;18;1;9;14;5;2;2;8;0;0;1;5;12;2;1;0;15;0;3;11;6;2;1;0;1;0;0;2;1;0;0;0;2;0;0;0;10;1;0;2;1;0;1;3;39;6;1;5;40;5;4;13;19;2;3;50;5;0;2;57;2;0;0;0;3;0;2;4;0;1;0;0;1;1;0;5;0;0;0;1;0;0;2;4;19;3;0;4;1;1;1;9;4;2;0;0;5;3;0;2;28;6;0;10;4;0;8;18;69;9;0;9;35;3;10;44;83;16;6;66;12;1;15;74;22;3;0;5;19;1;8;13;5;1;1;6;0;0;0;5;11;2;1;3;16;0;0;14;7;1;1;0;1;1;0;1;2;0;0;0;1;0;0;0;11;3;0;2;1;1;1;5;34;7;1;2;40;5;3;13;18;3;4;50;4;0;2;53;2;0;0;0;5;0;4;3;0;0;1;0;1;1;0;6;0;1;0;0;0;0;0;4;16;3;0;4;1;0;3;7;5;0;0;0;4;3;0;2;29;5;0;12;5;0;8;17;72;7;0;13;31;7;10;45;82;16;6;64;11;1;16;74;21;3;0;5;18;0;9;14;4;1;2;6;0;0;0;5;12;2;1;3;16;0;0;15;7;1;1;0;1;2;0;1;2;0;0;0;1;0;0;0;11;3;0;2;1;0;1;4;36;7;1;2;40;6;4;12;18;3;4;48;4;0;2;57;2;0;0;0;5;0;4;3;0;0;0;1;1;1;0;4;0;1;0;0;0;0;1;4;17;2;0;4;1;0;2;7;5;0;0;0;4;3;0;2;34;5;0;11;5;0;8;20;69;7;0;14;30;7;9;42"
74,"128;9;8;14;10;2;13;100;71;2;1;3;13;0;10;44;2;0;0;2;0;0;0;8;10;3;0;2;4;0;1;17;0;0;0;0;0;0;0;2;3;0;0;0;0;0;0;0;2;0;0;0;0;0;0;5;24;2;0;3;9;1;4;27;16;1;2;4;1;0;3;22;2;0;0;0;3;0;2;2;1;0;0;3;0;0;0;7;0;0;0;0;0;0;1;3;11;0;0;1;3;0;4;14;4;1;0;0;3;0;1;3;62;11;1;21;1;3;5;44;69;10;0;7;21;4;7;81;129;9;9;14;5;3;11;107;71;2;2;2;14;0;9;45;3;0;0;1;0;0;0;7;11;4;0;2;2;0;1;15;0;0;0;0;0;0;0;2;2;0;0;0;0;0;0;0;1;0;0;1;0;0;0;7;21;2;0;3;9;1;3;25;17;1;2;2;2;0;3;20;2;0;0;0;3;0;2;2;2;0;0;3;0;0;0;6;0;0;0;0;0;0;1;3;11;1;0;1;3;0;4;15;5;0;0;0;5;0;2;3;59;10;0;19;2;2;6;48;73;10;0;7;17;5;7;83;129;9;9;14;5;3;12;107;71;2;2;2;13;0;10;45;3;0;0;1;0;0;1;8;10;4;0;2;4;0;1;15;0;0;0;0;0;0;0;2;2;0;0;0;0;0;0;0;1;0;0;1;1;0;0;4;21;2;0;3;9;1;3;27;17;1;2;2;2;0;3;19;2;0;0;0;4;0;1;3;2;0;0;3;0;0;0;5;0;0;0;0;0;0;1;3;10;1;0;1;3;0;4;16;4;0;1;0;4;1;2;2;54;12;0;19;1;2;5;48;74;11;0;7;17;4;8;84"
75,"112;8;4;22;4;1;9;90;54;2;0;1;17;2;9;26;4;2;0;2;0;0;2;9;11;6;0;1;12;0;9;9;1;1;0;0;0;0;0;2;0;0;0;0;0;0;0;0;8;0;1;0;2;0;0;6;28;1;0;2;8;1;9;18;16;3;1;4;2;1;1;13;12;2;0;0;0;0;3;4;1;1;0;0;0;0;1;2;0;0;0;1;1;1;0;3;26;4;1;3;2;1;1;11;1;2;0;1;1;0;0;4;70;9;0;14;6;0;6;60;71;13;2;11;27;2;12;74;120;4;4;24;8;2;12;90;51;1;0;2;18;1;10;27;7;2;0;1;0;0;1;9;9;6;0;0;12;2;6;10;2;1;0;0;0;0;0;2;0;0;0;0;0;0;0;0;7;0;1;1;0;0;0;6;24;1;0;1;12;0;9;17;16;3;1;2;1;0;1;12;10;1;0;1;1;1;1;3;2;0;0;0;0;0;1;3;0;0;0;1;1;0;0;2;23;3;0;5;2;1;1;8;2;1;0;1;2;0;0;5;72;11;1;12;8;2;7;60;77;10;1;12;17;3;16;74;125;3;4;24;8;2;10;89;55;1;0;2;16;2;9;27;4;2;0;1;0;0;2;8;11;6;0;0;9;2;10;10;1;1;0;0;0;0;0;2;0;0;0;0;0;0;0;0;7;0;1;1;0;0;1;6;23;1;0;1;9;0;8;17;18;4;1;2;1;0;1;13;8;1;1;0;1;1;1;3;1;0;0;0;0;0;1;2;0;0;0;1;1;0;0;2;24;4;0;5;2;1;1;9;2;1;0;1;1;0;1;5;71;11;0;13;6;1;7;61;74;11;1;14;21;2;16;73"
76,"126;16;6;25;8;1;15;105;48;3;0;2;18;1;10;34;8;0;0;1;0;0;0;6;14;3;0;0;4;1;3;22;2;0;0;0;0;0;0;1;2;0;0;0;0;0;0;1;8;0;1;3;1;0;0;7;9;1;0;2;5;1;7;13;25;6;0;10;3;0;5;22;3;0;0;0;1;0;1;7;1;1;0;1;1;0;0;2;0;0;0;1;0;0;0;2;16;3;1;4;1;0;1;17;6;2;0;0;2;0;1;1;38;8;1;16;3;3;9;61;74;17;0;12;17;4;10;60;140;15;2;20;5;1;14;106;50;3;0;5;17;2;11;31;7;1;0;2;0;0;0;5;9;2;0;2;3;1;3;20;3;0;0;0;0;0;0;0;4;0;0;0;0;0;0;1;8;0;1;1;3;0;0;6;9;1;0;2;2;3;7;16;23;5;2;6;2;1;4;19;5;0;0;0;1;0;1;5;3;1;0;1;1;0;0;3;1;0;0;0;0;0;0;3;15;3;1;2;2;0;0;17;6;0;0;0;1;0;1;4;41;9;4;19;2;1;10;59;72;15;0;12;21;2;8;66;138;17;4;20;8;1;13;108;49;3;1;4;19;1;10;31;6;1;0;2;0;1;0;4;12;3;0;2;3;0;3;18;4;0;0;0;0;0;0;1;3;1;0;0;0;1;0;1;7;0;1;2;1;0;0;5;8;1;0;2;2;2;6;19;23;6;1;6;2;1;4;19;2;0;0;0;1;0;2;4;1;2;0;1;1;0;0;3;2;0;0;0;0;0;0;4;15;2;0;4;2;0;1;17;7;1;0;0;1;1;0;2;38;6;3;19;3;1;12;64;73;13;0;14;21;2;6;62"
77,"164;23;13;29;17;10;19;68;16;8;3;3;11;1;12;40;18;4;1;2;1;0;2;8;14;1;0;1;11;1;11;9;8;3;1;2;2;0;0;2;3;0;0;0;1;0;0;1;15;0;2;1;2;0;0;4;12;0;0;4;4;1;2;14;24;11;3;6;5;0;3;15;4;0;0;0;1;0;0;3;3;2;0;1;0;1;0;2;3;1;0;0;2;0;1;4;28;7;0;5;3;0;3;6;9;1;0;0;2;2;0;4;59;18;1;13;5;1;4;24;58;7;3;3;10;4;5;39;168;23;10;29;15;8;16;72;16;7;3;3;11;1;13;38;20;4;1;1;1;0;1;9;12;1;0;1;12;1;10;9;5;2;1;2;3;0;0;1;4;0;0;0;1;0;0;1;12;0;1;2;2;0;2;4;18;0;0;5;6;0;3;13;27;13;2;5;4;1;2;14;4;0;0;0;0;0;1;3;3;1;0;1;0;1;1;2;3;0;0;0;0;0;1;6;29;7;2;5;3;0;5;9;8;2;0;0;1;2;0;4;55;16;1;13;2;4;2;26;56;6;2;3;16;4;4;38;172;19;12;29;14;9;15;68;19;5;4;0;13;1;12;38;16;2;1;2;2;0;1;11;12;2;0;1;12;4;11;8;7;1;1;2;2;0;0;2;4;0;0;0;1;0;1;1;18;0;1;1;2;0;2;3;13;2;1;4;6;2;5;13;25;7;2;2;5;2;4;14;3;1;0;1;0;0;1;4;3;3;0;1;0;1;0;3;5;0;0;2;2;1;1;6;25;6;1;4;5;0;4;8;7;1;0;0;1;2;0;3;55;20;1;13;3;1;2;23;50;11;2;4;16;5;4;38"
78,"153;28;17;19;19;5;20;42;26;5;4;4;13;6;16;36;22;5;2;4;1;1;1;5;12;3;1;3;5;1;2;13;14;3;1;0;3;0;1;0;2;0;0;0;2;0;0;1;17;3;1;3;2;2;2;3;13;3;1;1;4;1;4;12;27;13;4;4;2;1;5;9;5;0;1;2;0;1;3;9;10;5;1;0;0;0;1;1;3;1;1;1;1;1;1;7;35;13;5;4;7;2;6;9;3;1;1;2;6;3;3;6;44;12;7;5;4;4;6;21;18;8;2;3;5;5;6;55;159;25;15;17;20;6;28;38;25;6;5;5;16;5;14;34;22;4;1;2;3;1;1;7;8;4;1;5;5;1;5;13;12;2;0;1;4;0;1;0;1;0;0;0;2;0;0;2;18;4;2;3;0;2;3;4;13;2;1;1;4;3;5;13;30;10;2;6;2;1;5;3;3;1;0;2;2;0;3;13;6;5;1;1;1;0;1;1;3;1;1;1;2;1;3;4;31;10;5;3;6;2;4;9;5;2;1;3;4;2;2;6;50;13;9;5;5;4;8;17;17;6;2;4;9;5;9;47;171;26;16;17;18;8;26;42;26;5;4;5;11;6;16;33;21;4;1;3;2;1;1;7;7;3;1;4;4;1;2;13;12;3;0;0;3;0;1;0;1;0;0;0;2;0;0;3;17;4;2;3;0;2;2;3;12;2;1;0;4;2;4;11;32;9;4;4;3;2;3;4;2;1;0;2;1;1;4;14;9;5;1;1;1;0;1;1;4;1;1;2;1;1;0;5;33;14;4;4;5;2;5;10;4;2;1;3;5;2;2;5;46;11;7;7;7;2;8;17;18;8;2;3;7;3;8;50"
79,"127;31;6;24;16;6;16;31;35;4;3;5;14;1;26;48;17;2;3;1;3;0;2;3;14;2;0;2;11;2;11;17;14;0;1;0;2;0;0;2;1;0;0;0;0;0;0;3;22;4;1;1;1;2;1;4;7;3;1;2;5;3;7;6;23;6;5;7;4;1;3;12;1;2;1;3;3;0;7;13;2;2;0;1;2;0;2;2;2;0;0;1;2;0;0;8;42;10;0;8;2;4;5;7;3;1;0;0;4;2;1;4;53;23;1;8;10;3;13;20;18;6;1;4;17;3;10;50;130;25;9;23;17;5;18;30;30;7;3;4;13;2;31;46;19;8;2;0;2;1;1;3;11;1;0;1;14;3;11;21;13;0;2;1;3;0;1;2;1;0;0;0;0;0;1;4;23;4;1;1;0;1;1;1;13;3;3;1;5;2;2;2;27;7;6;5;5;1;4;6;3;1;0;3;2;0;9;15;2;2;0;0;1;0;1;3;3;1;0;0;0;0;1;12;35;10;0;4;2;3;6;10;3;2;0;0;5;3;4;3;54;16;3;9;11;4;12;19;19;4;2;3;12;5;14;45;130;29;6;24;18;7;20;31;31;5;3;7;11;2;31;46;20;4;1;0;1;1;1;3;13;1;1;1;10;3;14;21;12;1;0;1;1;0;1;3;1;0;0;0;1;0;0;3;23;4;0;2;0;1;1;3;11;2;3;1;4;2;4;3;31;5;6;6;5;1;3;6;3;1;0;3;2;0;6;15;1;2;0;0;1;0;1;3;2;1;0;0;0;0;3;10;36;8;0;5;2;4;4;10;4;2;0;0;5;3;2;4;60;18;2;10;9;4;11;18;19;4;1;3;13;4;11;47"
80,"106;31;11;17;22;3;11;20;17;9;3;16;10;4;19;97;22;7;1;2;5;1;2;3;11;3;2;1;4;2;6;18;11;1;0;2;1;0;4;2;0;0;0;4;0;0;3;1;27;2;0;1;1;2;5;4;4;0;1;1;5;0;4;6;21;10;2;0;1;1;3;8;2;0;1;1;0;0;4;22;1;0;0;0;1;0;0;1;0;2;0;1;3;0;0;3;40;7;0;3;1;2;1;6;1;1;0;0;1;0;9;15;120;15;3;3;8;2;8;17;15;2;1;8;11;3;11;44;112;30;9;20;21;5;10;22;17;9;4;16;10;2;23;99;23;7;1;0;5;1;2;4;6;3;4;0;5;1;6;16;10;0;0;1;2;0;4;0;0;0;0;4;0;0;1;3;30;1;0;2;1;0;4;3;5;0;0;1;5;0;3;4;16;8;2;1;1;2;3;9;2;0;0;2;0;0;7;17;1;2;0;1;1;0;0;2;1;0;0;0;2;0;0;2;36;7;0;3;3;2;1;7;2;1;0;1;1;0;7;16;123;13;4;2;10;4;9;15;17;4;0;7;11;1;10;48;110;30;8;17;20;5;9;17;19;11;4;17;6;2;22;95;27;7;0;1;3;0;2;4;5;3;4;1;6;2;5;12;9;0;0;1;1;0;4;0;0;0;1;4;0;0;1;1;28;3;1;2;2;1;2;4;5;0;0;1;5;0;3;5;21;8;1;2;1;1;2;8;2;1;0;2;0;0;5;18;0;2;1;2;2;0;0;1;1;0;0;0;1;0;0;2;39;7;0;4;5;2;1;7;3;0;0;0;2;0;7;17;122;16;4;2;11;4;11;15;17;4;1;8;12;1;11;49"
81,"108;24;12;17;17;2;12;14;16;4;8;9;16;2;23;25;16;6;1;2;4;0;1;2;19;5;1;4;16;3;19;16;19;6;1;1;0;1;1;1;0;0;0;0;0;1;4;4;25;5;0;6;0;3;1;1;11;2;0;2;2;2;6;7;24;23;1;8;3;1;4;5;5;0;0;2;2;1;8;7;6;3;0;2;2;1;0;3;1;0;0;0;4;0;3;6;64;24;4;6;6;1;4;8;3;3;0;0;1;2;1;14;54;24;0;8;5;3;3;11;17;9;1;3;18;8;23;35;114;24;10;18;16;2;10;15;17;4;6;10;15;2;20;21;16;7;0;2;4;0;2;1;18;6;2;4;14;1;19;18;17;5;1;1;0;1;1;2;0;0;0;0;0;1;5;3;25;5;0;4;0;3;1;0;11;2;1;2;2;2;5;7;32;25;1;9;3;0;4;9;5;0;0;1;2;1;8;7;4;3;0;2;2;1;0;3;1;0;1;0;3;0;2;5;65;31;4;7;6;2;4;6;2;3;0;0;1;3;2;14;52;25;0;10;4;3;3;11;16;7;0;5;17;7;24;31;112;27;9;20;12;3;7;16;18;3;7;9;13;3;21;24;18;6;0;2;3;0;2;1;20;5;1;4;13;1;22;14;17;5;1;1;0;0;1;2;0;0;0;0;2;1;4;3;25;5;0;3;2;3;0;0;13;3;1;2;2;2;4;6;31;26;1;8;4;0;3;8;5;0;1;0;2;1;5;5;6;2;0;3;1;1;0;3;1;1;0;0;3;0;3;6;59;28;4;10;4;5;5;9;2;3;0;2;1;3;5;13;53;23;1;12;4;3;4;12;15;8;0;3;17;7;24;31"
82,"83;40;18;45;17;2;11;51;11;4;3;7;15;2;31;39;16;2;0;4;1;0;1;0;20;0;2;2;13;4;30;20;16;4;0;0;0;1;0;3;0;0;0;0;0;1;3;2;22;4;2;0;2;0;0;0;15;0;0;2;10;1;3;8;21;23;3;9;4;5;2;16;3;1;0;0;1;0;2;7;6;0;0;0;0;0;0;1;2;0;2;1;3;0;4;7;45;14;1;9;6;5;2;5;1;1;0;0;3;2;4;10;59;21;1;3;4;4;2;7;22;3;0;5;21;3;10;35;88;43;18;44;17;1;12;46;13;4;3;7;13;1;28;39;15;2;0;5;1;0;1;1;22;0;2;1;10;4;31;18;15;4;0;0;1;1;0;2;0;0;0;0;1;1;4;3;24;4;1;0;1;0;1;0;13;0;1;4;9;1;1;7;22;22;3;9;4;5;2;18;3;1;0;0;0;0;4;7;5;0;0;0;0;0;0;1;2;0;2;1;2;0;4;9;46;14;1;10;7;6;1;7;1;1;0;0;3;1;4;11;59;20;1;3;5;3;2;8;25;2;0;5;23;3;9;28;87;39;18;45;17;1;13;47;14;4;3;8;14;1;26;38;12;2;1;4;1;0;1;0;21;0;3;1;13;4;32;22;16;3;0;0;1;1;0;2;0;0;0;0;0;1;5;4;22;4;1;0;1;0;1;1;14;0;1;3;7;1;1;6;29;21;3;9;2;6;3;15;4;0;0;0;0;0;4;6;5;0;0;0;0;0;0;0;2;0;2;1;3;0;3;10;41;16;1;10;11;6;1;7;2;1;0;0;3;1;4;10;58;19;1;5;3;2;3;7;22;2;1;4;23;4;5;35"
83,"111;35;17;28;16;8;19;29;17;5;3;2;10;5;27;32;12;4;2;1;1;0;2;5;17;4;0;2;34;1;20;21;9;4;0;0;1;0;0;2;2;0;1;0;1;0;2;0;23;0;2;2;1;2;0;2;17;2;1;0;12;1;6;6;25;23;1;15;10;1;4;9;1;1;0;0;3;1;2;6;4;3;0;1;1;0;0;2;2;1;0;2;3;2;4;8;47;25;1;6;1;2;2;4;2;1;0;0;3;0;1;3;40;22;3;11;2;5;7;8;20;9;0;4;23;10;10;28;107;35;15;28;13;8;15;24;15;3;2;1;13;5;34;29;14;6;3;2;2;2;2;4;25;4;0;3;27;0;27;16;12;6;0;0;2;0;1;2;1;0;0;0;2;0;2;0;22;0;3;2;1;3;1;2;13;3;1;0;8;1;7;6;30;25;4;17;12;1;4;10;2;0;1;0;2;2;1;6;4;4;0;2;1;1;0;2;0;1;0;1;4;2;4;6;48;27;1;7;2;1;1;3;2;1;0;0;3;0;0;3;41;21;2;12;1;2;4;5;22;11;0;5;19;7;12;27;112;34;16;26;13;9;13;26;17;3;3;0;12;7;32;33;14;5;3;2;2;1;3;4;25;3;0;3;29;0;28;14;14;6;0;1;4;0;1;3;1;0;0;0;0;0;2;0;18;0;2;2;1;3;0;2;13;3;1;0;8;1;8;4;30;23;5;17;13;1;4;11;2;0;1;0;2;2;2;6;3;5;0;2;1;0;0;1;0;1;0;1;3;2;4;7;49;25;1;6;2;1;1;3;1;1;0;0;2;0;0;3;43;22;3;11;2;1;4;4;23;10;0;5;20;6;8;28"
84,"129;16;15;47;11;8;11;35;12;3;2;0;18;1;12;23;10;4;2;2;0;1;4;3;16;4;2;4;20;3;16;21;25;4;1;2;0;0;0;1;1;0;0;0;2;0;1;1;16;4;2;1;2;2;0;3;16;0;2;4;21;4;10;4;40;27;3;11;5;1;7;15;4;0;1;1;3;3;3;10;3;6;1;3;0;1;0;0;6;1;0;1;1;5;3;17;45;17;0;8;3;4;1;5;1;1;0;0;2;3;2;4;21;13;1;5;5;1;2;7;20;4;1;6;17;20;9;30;132;16;12;46;13;7;16;32;11;3;2;0;20;1;16;24;12;3;2;2;1;1;4;3;18;4;2;4;20;3;16;22;23;4;1;1;0;0;0;1;1;0;0;0;2;1;1;1;16;3;2;1;2;2;1;5;17;0;2;4;21;5;11;4;37;25;3;11;4;2;6;15;4;0;0;1;2;2;4;9;3;6;1;3;0;1;0;0;5;1;0;1;1;6;4;17;42;16;0;8;3;3;1;5;1;1;0;0;2;3;2;4;19;11;1;5;5;1;2;7;20;6;1;6;19;18;8;30;128;15;13;42;14;7;11;35;11;4;3;0;20;1;14;22;14;4;3;1;0;1;4;2;18;3;2;3;19;4;18;23;23;5;1;3;0;0;0;0;0;0;0;0;2;1;1;0;15;3;3;2;2;2;0;4;19;0;2;4;21;4;9;8;40;27;2;14;4;2;7;13;5;0;0;1;2;1;4;11;2;6;1;3;0;1;0;0;5;1;0;1;3;6;3;16;41;17;0;9;5;3;1;5;1;1;0;0;3;4;2;4;22;13;1;5;4;1;2;5;17;4;0;7;17;18;9;29"
85,"118;31;18;42;21;2;26;30;15;3;0;2;18;0;9;17;16;14;0;2;2;1;3;3;16;2;1;6;15;1;12;17;19;3;1;2;5;1;0;0;3;0;0;0;6;0;0;2;23;4;1;1;4;0;1;4;23;0;2;4;17;9;9;9;40;18;5;21;4;3;5;11;3;0;0;3;3;1;1;6;4;2;0;5;0;0;0;0;2;2;0;3;3;1;6;4;29;9;4;7;3;0;0;5;5;0;0;0;5;1;0;4;24;11;2;14;2;2;1;9;27;12;0;6;19;7;5;39;115;32;18;41;21;2;27;28;15;2;0;2;21;0;6;17;16;14;0;2;2;1;3;4;17;3;1;6;16;2;15;15;19;2;1;2;5;1;0;0;3;0;0;0;6;0;0;1;22;4;1;1;4;0;0;5;20;1;1;4;18;10;7;10;41;16;7;23;5;3;5;9;2;0;0;3;3;0;3;10;5;3;0;7;0;1;0;0;1;2;0;2;4;1;6;4;25;7;3;5;3;1;2;5;5;1;0;0;5;1;1;4;22;12;1;10;2;3;1;10;26;12;0;6;18;6;7;42;114;29;17;43;21;3;28;30;16;3;0;1;20;0;7;16;17;14;0;2;2;1;3;4;15;3;1;6;15;1;14;15;18;2;1;2;5;1;0;0;3;0;0;0;6;0;0;1;21;5;1;1;4;0;1;4;22;1;1;4;18;9;6;12;39;16;7;22;4;3;3;11;3;0;0;2;3;0;4;9;6;2;0;7;0;0;0;1;1;2;0;2;4;1;6;3;24;10;4;5;4;0;2;6;5;1;0;0;5;1;1;4;22;15;1;10;2;3;1;10;26;12;0;7;19;5;6;42"
86,"128;33;25;45;21;3;14;34;6;1;0;5;24;2;10;17;12;3;2;2;1;2;2;4;17;1;4;3;13;7;10;16;17;3;1;1;1;0;2;2;4;1;0;0;4;0;1;0;10;4;2;3;1;0;0;1;28;5;4;4;23;2;5;14;35;33;4;19;2;2;7;15;0;0;0;1;3;2;4;5;2;2;0;3;1;2;0;0;5;1;1;2;4;4;2;13;24;16;4;9;0;3;4;5;3;0;0;0;2;1;3;5;25;14;0;6;3;1;2;12;19;4;1;6;21;13;3;31;125;32;26;53;20;4;19;38;7;1;0;6;26;2;12;13;15;4;2;3;0;2;1;3;20;0;3;3;13;8;13;14;20;2;1;1;2;0;1;3;5;2;0;0;2;0;1;0;12;4;2;1;1;0;0;1;23;5;4;2;23;1;4;15;29;25;3;21;2;2;7;11;1;0;0;1;4;2;3;5;4;2;0;3;0;2;0;2;3;0;1;3;5;6;3;12;27;10;4;8;0;2;3;4;3;0;0;0;2;1;2;5;30;12;1;5;3;1;3;9;20;6;1;6;18;12;5;33;122;31;26;48;23;4;16;32;7;1;1;7;26;2;11;12;14;3;3;2;0;2;1;3;20;2;3;3;13;7;15;16;20;3;1;1;2;0;0;2;5;2;0;0;2;0;1;0;12;3;2;1;1;0;1;0;26;5;4;3;25;2;5;11;37;28;5;22;2;3;5;16;1;0;0;1;2;2;4;5;4;4;0;3;0;2;0;1;4;1;1;2;3;3;2;12;23;15;4;10;0;2;3;3;3;0;0;0;2;1;2;5;29;12;1;5;4;1;2;11;19;5;2;6;17;12;4;30"
87,"57;15;8;81;17;1;20;90;12;3;1;2;19;1;12;31;2;0;0;3;1;0;1;8;10;1;0;2;14;3;12;9;3;0;0;1;1;0;0;2;1;0;0;1;2;0;2;0;5;3;0;2;1;0;0;5;34;5;0;2;23;3;5;12;28;14;3;47;1;1;3;54;2;1;0;0;1;1;1;4;2;1;0;0;0;0;0;1;1;0;0;0;1;0;1;3;25;7;1;5;1;0;1;14;6;1;0;0;1;0;1;1;44;9;1;15;2;0;4;11;74;16;1;7;13;3;5;35;54;17;9;72;16;1;21;94;14;2;1;4;19;1;13;28;5;0;0;2;1;1;1;8;8;1;0;2;16;3;11;10;4;0;0;1;1;0;0;3;1;0;0;1;1;0;2;0;5;2;0;2;1;1;0;2;32;4;0;2;26;3;5;19;26;16;3;43;3;1;3;45;2;2;0;0;2;1;0;7;3;1;0;2;0;1;0;4;1;0;0;0;1;0;1;3;30;5;1;6;1;0;2;12;6;0;0;0;2;0;1;3;44;12;2;13;2;0;3;12;74;14;0;7;11;3;6;28;53;16;9;74;18;3;19;92;14;1;1;4;22;2;12;30;3;0;0;3;1;0;0;7;8;1;0;2;13;3;12;8;5;0;0;1;2;0;0;2;1;0;0;1;2;0;2;2;2;1;0;2;1;0;0;2;34;5;0;2;21;5;6;16;28;15;3;44;2;1;3;45;3;2;0;1;1;1;0;5;3;1;0;2;0;1;0;3;2;0;0;0;1;0;0;4;32;5;1;6;1;0;2;11;4;1;0;0;2;0;1;2;45;13;2;13;1;0;6;13;75;15;0;5;10;3;4;34"
88,"63;6;1;29;6;0;11;149;17;1;2;2;13;1;11;60;3;3;0;2;0;0;1;4;2;1;0;1;3;0;3;13;6;0;0;1;0;0;0;1;1;0;0;0;0;0;0;0;7;1;0;0;0;0;0;5;28;3;0;2;10;1;2;12;17;4;0;3;0;1;2;17;3;2;1;0;1;0;0;1;3;0;0;0;0;0;0;1;1;0;0;0;0;0;0;2;21;4;0;1;0;2;0;12;6;0;1;0;1;1;0;3;151;9;2;14;1;1;4;21;146;8;1;6;21;4;7;29;69;4;1;24;8;1;10;161;17;0;2;1;8;1;11;57;2;3;0;2;0;1;0;8;9;2;0;1;3;0;1;15;5;0;0;0;0;0;0;1;0;0;0;1;0;0;0;0;6;1;0;1;0;0;0;3;23;2;0;2;11;1;2;13;19;3;1;2;0;1;2;14;3;1;1;0;1;0;0;2;3;0;1;0;0;0;0;1;2;0;0;0;0;0;0;1;19;0;0;1;1;1;0;11;5;0;1;0;1;1;0;6;155;14;1;15;2;1;3;18;144;10;4;5;17;4;6;26;64;5;0;25;5;0;9;155;22;0;2;2;8;1;15;50;5;2;0;2;0;1;0;7;5;2;0;0;4;0;0;15;7;0;0;1;0;0;0;0;0;0;0;1;0;0;0;2;7;2;0;1;0;0;0;4;25;3;0;1;9;1;2;13;20;4;0;3;0;2;2;13;3;0;1;0;1;0;0;1;2;0;1;0;0;0;0;1;2;0;0;0;0;0;0;0;19;1;0;3;1;1;0;11;6;1;1;0;1;1;0;3;164;10;1;11;2;1;4;19;147;10;2;6;17;5;8;27"
89,"78;14;2;34;7;1;8;125;25;0;0;1;15;1;27;60;5;0;0;2;0;0;0;8;13;1;1;1;7;0;7;14;3;0;0;1;1;0;0;2;0;0;0;0;0;0;2;0;4;0;0;0;0;0;0;4;24;2;0;3;24;0;1;14;35;9;0;8;1;1;0;9;1;0;0;0;0;0;2;4;0;1;0;1;0;0;0;3;2;1;0;1;1;1;0;1;23;5;1;6;0;0;0;8;4;1;0;0;0;0;0;3;124;10;1;13;2;3;5;29;72;15;0;6;24;6;9;30;83;20;5;34;5;2;10;138;22;2;0;2;13;2;24;56;6;0;0;1;0;0;0;9;12;0;0;1;7;1;5;13;3;0;0;1;0;0;0;0;0;0;0;0;0;0;1;0;5;0;0;1;0;0;0;3;19;3;0;5;17;1;1;14;40;6;0;5;3;1;0;8;0;2;0;1;0;0;2;3;2;0;0;0;0;0;0;3;0;1;0;1;0;1;0;1;26;5;0;3;0;0;0;7;6;0;0;0;0;0;1;2;125;10;2;15;3;2;3;35;80;8;0;8;15;7;7;27;93;18;4;30;6;0;11;138;22;2;0;2;13;1;23;55;5;0;0;1;0;0;1;11;12;0;0;1;6;1;5;14;3;0;0;1;0;0;0;0;0;0;0;0;0;0;1;1;6;0;1;1;0;0;0;4;21;2;0;4;15;1;1;12;36;5;0;2;3;1;0;10;0;1;0;0;0;0;2;5;2;0;0;0;0;0;0;3;1;0;0;1;0;2;0;3;25;4;0;3;0;0;0;7;5;0;0;0;0;0;1;2;127;10;2;13;3;2;4;30;80;9;0;8;16;8;9;30"
90,"86;8;2;20;11;1;14;152;32;1;1;2;17;3;19;66;2;0;0;3;0;1;1;9;12;0;0;1;5;0;6;16;2;0;0;0;0;0;0;4;2;0;0;0;1;0;0;0;3;2;1;4;0;0;0;6;18;3;0;2;5;0;4;17;17;6;0;3;1;1;1;17;5;0;0;0;1;0;0;3;1;1;0;0;1;0;0;3;1;0;0;0;1;0;0;1;25;3;0;5;1;1;1;5;2;0;0;0;2;0;1;0;97;10;1;14;7;0;1;35;92;13;0;7;19;3;9;41;83;9;4;12;8;1;10;171;35;1;1;3;19;2;16;81;2;0;0;3;0;1;1;11;10;0;0;0;1;0;2;11;2;0;0;0;0;0;0;3;2;0;0;0;0;0;1;1;3;2;0;3;0;0;0;9;13;2;0;3;5;0;3;17;20;2;0;3;1;0;1;15;5;0;0;0;0;0;0;4;1;1;0;0;0;0;0;5;0;0;0;0;1;0;1;1;22;2;0;1;0;1;1;6;3;0;0;0;3;0;1;0;101;8;1;14;4;1;3;29;108;9;0;11;14;3;5;45;83;7;1;11;9;0;13;173;37;2;2;2;17;2;15;76;4;0;0;3;0;1;1;11;10;0;0;0;3;0;1;15;2;0;0;0;0;0;0;2;2;0;0;0;1;0;1;2;2;2;0;3;1;0;0;9;14;1;0;2;4;0;1;19;20;5;0;2;2;0;0;14;5;0;0;0;0;0;0;2;2;0;0;0;0;0;0;1;0;0;0;0;1;0;0;0;23;1;0;1;1;1;2;5;3;0;0;0;2;0;1;0;100;8;1;16;3;2;1;34;112;8;1;9;14;3;8;43"
