0,"95;21;13;27;8;5;10;103;15;0;2;1;12;0;13;56;13;0;1;0;3;0;0;1;14;0;1;1;15;1;10;16;15;3;2;1;0;0;0;3;0;0;1;0;0;1;0;1;10;1;2;1;3;0;2;1;8;0;0;0;21;4;13;7;19;24;1;25;2;3;2;12;2;1;0;0;3;0;0;2;3;1;1;2;0;0;0;2;9;0;0;0;2;0;2;3;28;29;1;11;0;0;0;5;3;3;0;1;1;0;2;1;72;21;4;8;1;2;2;17;69;4;2;1;14;7;9;28;97;18;10;31;9;6;10;97;11;4;1;0;8;3;10;54;9;1;0;0;5;0;0;1;14;1;1;2;17;1;7;9;13;1;2;0;0;0;0;1;0;0;1;0;0;0;0;1;10;1;2;1;2;0;1;1;11;0;0;1;16;0;14;6;28;31;1;18;1;1;0;13;4;1;0;0;1;1;0;6;2;2;1;1;0;0;0;4;4;0;0;1;2;1;1;3;36;31;2;17;0;1;1;8;0;3;0;1;0;0;1;1;83;20;4;8;1;3;3;17;69;5;0;1;13;8;7;30;103;24;12;31;8;3;10;104;18;1;2;1;15;2;7;52;13;1;0;0;3;0;1;3;15;0;0;2;8;2;10;10;11;2;3;2;0;0;0;2;0;0;1;0;0;0;1;1;9;0;1;0;2;0;1;3;12;1;0;0;17;1;10;10;20;26;1;18;2;1;2;19;4;0;0;0;0;1;1;5;3;0;1;0;0;0;0;3;4;0;0;1;1;3;3;4;29;21;2;16;3;0;0;7;1;3;0;1;0;1;0;1;79;19;3;6;2;1;1;17;67;4;0;4;13;9;10;30"
1,"130;21;12;15;19;2;22;39;26;0;4;2;15;3;17;50;16;1;1;4;3;0;3;2;15;1;1;4;36;7;32;24;11;3;1;1;2;0;1;3;1;0;0;0;1;0;4;1;18;1;0;6;2;1;1;0;14;1;1;1;24;3;21;14;19;13;0;13;2;2;1;6;2;1;0;1;1;2;2;2;2;2;1;2;0;1;1;3;0;2;0;1;5;4;3;8;27;9;0;9;1;1;2;10;3;2;0;1;2;0;2;5;38;4;2;6;5;1;4;13;38;7;2;4;25;3;8;24;133;23;16;20;15;2;14;37;25;0;4;2;15;5;16;42;16;2;2;5;2;0;4;0;14;2;1;4;34;6;35;23;15;3;0;2;0;1;1;4;1;0;0;0;1;1;2;2;18;1;0;4;5;1;1;1;12;2;1;0;21;3;19;14;16;16;1;12;2;4;0;8;5;1;0;1;2;2;2;1;2;1;1;1;0;2;1;3;1;1;0;1;4;2;3;10;27;9;2;6;4;0;1;11;3;3;0;1;1;1;3;2;42;8;1;6;1;0;3;15;37;4;1;2;23;5;9;32;122;20;9;22;21;0;19;38;29;2;2;1;13;2;16;47;22;0;2;3;3;0;3;5;15;2;1;4;32;8;29;27;11;1;0;1;0;0;2;2;4;0;0;0;0;0;3;1;16;2;0;2;4;1;1;3;14;1;0;0;25;5;20;16;19;21;1;15;2;1;2;9;3;0;0;1;0;2;2;4;2;3;0;1;0;0;1;2;1;1;0;1;2;4;1;6;25;10;0;10;2;0;2;11;2;1;0;3;2;2;1;2;42;4;2;7;1;4;2;13;32;5;2;0;29;2;16;29"
2,"61;16;7;32;22;4;19;232;13;1;2;2;11;0;8;35;2;0;1;1;0;0;1;8;2;2;0;0;11;0;7;22;4;2;0;2;1;0;0;2;2;0;0;0;1;0;0;1;3;1;3;1;0;0;0;4;25;0;0;1;42;3;11;14;10;13;1;17;5;1;1;22;4;0;0;2;1;1;0;5;1;4;0;3;0;0;0;0;1;0;0;2;0;3;1;3;20;9;1;8;0;0;0;6;4;2;0;0;1;1;1;3;26;7;0;6;0;0;2;17;87;10;0;6;21;5;5;30;79;14;7;45;14;6;14;221;11;1;1;2;6;2;4;40;1;2;0;1;0;1;1;13;1;0;0;1;6;1;4;19;4;0;0;2;1;0;0;2;5;0;0;0;1;1;0;0;4;1;1;1;0;1;1;7;20;0;1;5;35;2;11;14;13;8;0;22;1;1;1;29;5;0;0;1;2;1;2;5;3;0;0;2;0;0;0;1;1;0;0;2;0;1;0;5;18;7;0;4;1;0;1;6;5;1;0;0;1;1;0;4;39;4;1;6;0;0;1;10;99;12;0;7;13;8;2;29;73;10;9;31;21;0;18;244;15;0;1;3;10;0;7;35;1;1;0;2;0;1;3;10;6;1;1;0;5;0;6;22;3;0;2;2;1;0;0;4;4;0;0;0;1;0;0;0;6;1;0;3;0;1;0;1;23;0;0;2;30;4;13;16;12;13;1;14;5;1;1;20;2;2;0;0;2;0;1;7;4;0;1;2;1;0;0;3;0;2;0;1;0;3;0;3;14;4;0;6;0;0;0;7;3;2;0;0;1;1;0;1;33;2;1;9;0;0;1;12;96;7;0;9;25;5;4;27"
3,"130;32;12;22;8;2;9;15;11;3;1;1;17;2;5;2;4;1;2;1;6;2;1;7;10;4;2;1;73;2;45;8;13;3;2;1;3;0;1;0;2;0;1;0;1;0;0;0;3;3;0;1;1;0;4;2;10;2;1;2;45;1;27;15;50;55;3;39;2;2;0;12;1;2;0;0;2;1;1;5;1;0;1;1;0;1;0;1;1;3;0;1;3;16;1;7;15;36;1;31;2;1;1;7;3;0;0;0;2;0;1;0;5;9;3;14;1;1;0;12;20;6;0;11;14;5;4;22;138;26;12;20;9;2;7;14;10;2;3;2;18;3;7;0;2;1;2;1;4;1;1;9;12;3;1;1;65;3;43;7;14;5;3;3;1;0;0;2;2;0;1;0;2;0;0;0;4;2;1;0;0;0;2;1;6;2;0;1;44;1;23;14;45;67;2;43;2;5;0;12;2;2;0;1;0;4;1;5;2;2;1;1;1;2;0;1;2;3;0;1;4;7;2;6;19;30;2;30;3;1;1;5;3;0;0;1;2;1;1;0;7;7;1;13;2;1;1;13;18;10;1;14;12;5;4;27;134;37;17;28;14;0;8;17;17;0;1;2;17;0;7;2;8;3;4;0;3;0;2;5;12;1;2;0;68;3;43;10;9;6;2;0;2;0;2;0;1;1;0;0;3;0;1;1;2;2;0;0;2;1;5;3;12;1;0;3;33;3;23;17;33;55;3;34;2;4;0;22;1;4;0;0;1;4;1;5;0;1;0;2;0;0;0;1;0;2;0;2;3;3;3;7;15;40;2;27;2;2;0;6;2;0;0;0;1;0;0;2;6;11;4;11;1;2;1;8;17;5;3;7;14;7;5;30"
4,"49;10;15;77;3;2;8;121;5;0;0;0;4;0;12;26;1;2;1;0;0;0;0;2;2;1;0;0;29;0;52;33;6;2;2;1;1;0;0;0;3;0;1;0;0;0;1;0;5;0;1;3;0;0;1;1;9;3;0;1;10;1;14;9;15;42;4;125;4;2;4;47;1;1;0;0;3;2;1;13;0;0;0;2;0;1;0;1;1;0;0;0;0;0;0;7;8;8;2;13;0;0;1;4;1;0;0;2;0;0;0;0;5;3;1;3;0;0;0;8;92;17;0;7;12;5;5;21;48;15;18;71;2;2;6;120;4;0;0;1;4;3;13;30;1;0;1;5;0;0;1;6;3;0;0;0;32;1;53;26;7;2;2;1;2;0;0;0;2;0;0;0;0;0;1;0;6;0;0;2;0;0;0;2;8;3;2;3;9;0;14;15;17;38;5;119;1;4;2;36;1;0;0;1;4;3;2;15;0;1;0;2;0;0;0;1;4;0;0;0;0;2;1;10;8;10;2;16;2;1;0;1;2;0;0;2;1;0;0;2;6;1;0;2;0;1;0;6;91;14;0;11;8;3;4;14;53;19;12;79;5;2;9;120;6;0;0;0;3;1;11;30;1;0;0;2;1;0;0;4;2;0;1;0;27;1;47;28;6;0;5;1;1;0;0;0;0;0;0;0;0;0;0;0;2;0;1;3;0;0;0;1;7;4;0;2;10;1;17;13;21;37;4;119;0;1;3;47;2;1;0;1;1;3;1;13;0;1;0;2;0;1;0;3;1;0;0;1;1;0;0;7;10;12;2;12;1;0;0;4;4;0;0;2;1;0;1;1;1;1;1;5;0;0;0;6;90;18;1;8;10;3;2;19"
5,"862;2;1;0;1;0;0;0;1;0;0;0;0;0;0;0;4;1;0;0;0;0;0;0;3;0;0;0;5;0;3;0;5;1;0;0;0;0;0;0;0;0;0;0;1;0;0;0;7;0;0;0;1;0;0;0;2;0;0;1;1;0;0;2;9;2;0;1;0;2;0;0;2;0;1;0;1;0;1;0;1;0;0;0;0;0;0;1;3;0;0;1;4;7;2;4;3;3;1;2;2;0;1;0;2;0;0;0;0;1;0;2;5;5;0;2;2;1;1;2;6;0;2;2;6;7;6;14;286;13;14;3;20;4;1;3;19;1;5;1;7;1;5;0;45;3;0;1;1;0;2;1;21;1;1;1;12;1;9;4;36;1;2;2;2;0;1;1;3;0;0;0;0;0;1;2;30;1;2;3;3;2;3;0;16;0;1;1;8;1;3;6;39;9;4;1;2;3;1;1;4;2;1;0;3;0;3;3;7;4;2;0;2;2;1;2;6;1;1;2;7;6;4;6;23;9;1;2;2;1;4;5;2;2;1;0;2;4;1;4;55;23;3;3;7;4;4;6;16;6;6;5;27;9;19;22;248;18;15;4;14;4;6;7;9;3;4;3;10;1;9;2;34;3;2;0;2;0;0;2;27;2;1;5;31;0;6;7;35;1;2;2;0;1;1;0;4;0;0;0;1;0;1;0;26;1;1;1;3;1;4;0;12;1;2;0;7;4;3;6;40;19;5;4;2;2;2;4;4;0;1;1;2;0;3;2;10;2;0;2;1;1;0;2;7;4;0;1;3;6;3;9;25;8;2;3;1;1;6;6;3;1;0;0;3;1;1;1;58;26;1;1;5;3;4;6;14;5;6;3;32;12;12;33"
6,"1009;0;0;0;0;0;0;0;0;0;0;0;0;0;0;0;0;0;0;0;0;0;0;0;0;0;0;0;0;0;0;1;0;0;0;0;0;0;0;0;0;0;0;0;0;0;0;0;0;0;0;0;0;0;0;0;0;0;0;0;0;0;0;0;0;0;0;0;0;0;0;0;0;0;1;0;0;0;0;0;0;0;0;0;0;0;0;0;0;0;0;0;0;1;0;0;0;0;0;1;0;0;0;0;0;0;0;0;0;0;0;0;0;0;0;1;0;1;0;1;0;1;0;0;1;0;1;5;754;0;1;0;0;0;0;2;2;1;0;0;0;0;0;0;8;0;0;0;0;0;0;0;10;0;1;0;2;0;0;1;15;1;0;0;0;0;0;0;1;0;0;0;0;0;0;0;12;0;0;0;0;0;1;0;6;0;0;0;2;0;1;2;13;6;0;1;2;0;0;1;3;0;1;0;0;0;0;0;7;0;0;0;0;2;1;0;3;1;0;0;0;1;1;0;16;1;1;1;0;0;0;0;0;0;1;0;0;0;0;0;62;13;3;2;0;3;0;6;8;9;2;1;17;5;0;7;748;1;2;2;0;0;0;0;2;1;0;0;0;0;0;0;3;0;2;0;0;0;0;0;7;0;1;0;10;0;0;0;14;2;0;0;0;0;0;0;0;0;0;0;0;0;0;0;11;0;0;0;0;0;0;0;6;0;0;0;3;0;1;2;8;12;0;0;1;0;0;1;3;1;0;0;1;0;0;1;7;1;1;0;0;2;0;1;4;1;0;0;1;0;0;0;15;3;1;2;0;0;0;0;0;0;0;1;0;0;0;1;57;13;1;1;1;2;1;9;8;8;1;2;16;7;1;9"
7,"1023;0;0;0;0;0;0;0;0;0;0;0;0;0;0;0;0;0;0;0;0;0;0;0;0;0;0;0;0;0;0;0;0;0;0;0;0;0;0;0;0;0;0;0;0;0;0;0;0;0;0;0;0;0;0;0;0;0;0;0;0;0;0;0;0;0;0;0;0;0;0;0;0;0;0;0;0;0;0;0;0;0;0;0;0;0;0;0;0;0;0;0;0;0;0;0;0;0;0;0;0;0;0;0;0;0;0;0;0;0;0;0;0;0;0;0;0;0;0;0;0;0;0;0;0;0;0;1;780;1;0;1;0;0;0;0;1;0;0;0;0;0;0;0;18;0;0;0;0;0;0;0;9;0;0;0;5;0;0;0;5;0;0;0;0;0;0;0;2;0;0;0;0;0;0;0;18;0;2;0;1;0;0;0;2;0;0;0;0;0;0;0;13;2;0;0;0;0;1;0;1;0;1;0;0;0;0;0;5;1;0;0;0;0;0;0;1;0;0;0;0;0;0;0;11;0;0;0;1;0;0;0;1;0;0;0;0;0;0;0;82;7;2;1;1;1;1;0;19;6;1;0;13;1;2;4;771;1;1;2;1;1;2;0;2;0;0;0;1;0;0;0;12;0;0;0;0;0;0;0;10;2;0;1;6;0;0;0;5;0;0;0;1;0;0;0;2;0;0;0;0;0;0;0;13;0;1;0;0;0;0;1;2;0;0;0;1;1;0;1;15;2;2;0;0;0;0;0;0;0;0;0;0;0;0;1;5;1;0;0;0;0;0;0;0;0;0;0;2;1;0;1;16;0;0;0;0;0;1;0;1;0;0;0;0;0;0;0;72;11;2;0;1;1;0;1;15;5;1;1;15;2;3;5"
8,"721;23;7;12;1;1;0;2;3;1;0;0;2;0;0;0;3;1;0;0;0;0;0;0;2;1;0;1;0;0;0;1;3;2;0;2;0;0;0;1;0;0;0;0;0;0;0;1;6;1;0;1;0;0;0;0;0;0;0;0;0;0;0;0;30;31;1;18;1;3;3;3;2;2;0;1;0;1;0;1;2;5;0;2;0;0;1;1;0;1;0;0;0;0;0;1;17;12;4;14;1;1;0;5;1;2;0;2;0;0;0;3;7;7;1;11;0;2;2;1;1;4;0;3;1;2;0;11;364;50;15;24;5;5;4;11;4;3;0;1;1;1;0;1;5;2;1;1;2;0;0;0;5;0;0;0;2;2;0;2;17;4;3;8;0;0;0;1;1;1;0;0;1;0;1;1;3;6;2;0;0;0;0;0;2;1;1;0;0;0;0;2;65;56;4;24;1;5;1;11;7;2;2;1;0;1;0;3;2;8;3;2;1;1;1;1;2;2;0;2;0;1;0;3;39;21;3;18;3;3;2;10;5;5;0;5;0;3;0;3;29;23;1;10;0;3;1;8;2;5;3;6;5;2;3;25;378;49;8;27;3;0;2;12;4;1;0;1;4;1;0;0;5;0;1;2;1;0;0;0;2;0;0;0;1;0;0;2;12;6;2;4;0;0;0;4;1;0;1;2;0;0;0;1;8;3;2;0;0;0;0;1;0;4;0;1;0;0;0;0;68;66;4;31;0;2;2;14;4;0;0;2;1;0;0;1;3;6;3;2;1;0;1;2;2;0;0;0;0;2;0;5;40;30;4;21;1;4;0;5;1;7;0;1;2;2;0;3;22;25;1;15;0;1;3;5;5;10;2;10;2;3;2;19"
9,"223;16;13;6;17;1;10;4;23;1;4;3;16;1;10;9;33;3;6;6;7;2;7;1;22;4;6;3;15;4;11;8;34;3;3;0;4;1;0;2;3;1;0;1;3;2;0;2;23;4;3;5;6;1;1;3;13;3;3;3;16;3;7;10;34;4;2;2;6;1;3;5;5;1;1;0;6;5;1;3;2;5;0;3;3;0;2;2;9;4;1;1;6;5;6;6;14;8;3;3;3;0;5;0;3;3;1;0;3;1;1;3;28;9;4;3;4;3;2;3;26;9;3;3;14;12;17;41;220;15;13;6;17;2;10;5;24;1;4;3;15;1;8;6;38;3;5;5;5;2;7;4;21;4;7;1;10;3;8;9;37;3;2;0;2;1;1;1;3;1;0;1;2;2;0;2;22;5;2;5;6;1;0;3;16;3;4;3;16;1;4;13;37;7;1;3;6;1;4;5;8;1;0;0;6;5;2;4;5;4;0;3;1;0;2;3;10;0;2;1;7;3;2;7;20;4;3;3;3;0;5;1;1;4;1;0;3;1;2;5;17;12;3;4;4;4;4;8;21;12;2;4;17;7;22;43;208;14;11;5;15;1;9;8;19;0;4;2;15;1;9;8;33;3;7;2;4;2;6;3;24;1;6;1;17;3;15;12;35;4;2;0;1;1;0;0;3;0;0;1;4;2;0;1;24;5;4;3;6;2;2;2;19;3;3;4;20;1;7;10;37;5;1;4;6;0;2;2;4;2;0;0;4;5;3;4;6;6;0;2;2;0;3;1;13;1;2;2;7;2;3;4;16;5;3;4;4;0;4;1;2;3;1;0;3;1;2;5;30;10;3;4;4;3;1;4;26;13;2;3;26;10;23;38"
10,"239;28;16;29;16;5;14;12;17;4;1;1;8;6;5;9;14;2;2;0;2;3;2;2;5;2;3;1;8;1;12;12;12;6;3;3;5;0;1;3;3;0;2;0;0;0;2;1;9;0;2;2;2;1;2;4;2;2;0;0;13;1;6;5;21;23;6;59;4;5;2;11;2;2;0;3;2;6;3;8;2;3;3;1;2;3;0;3;0;4;1;1;1;7;2;13;19;22;3;22;5;2;2;7;1;3;0;2;1;0;1;7;34;16;3;14;0;3;3;13;4;6;0;2;8;10;1;34;216;18;17;24;15;8;23;28;18;5;1;3;8;5;8;14;19;1;3;6;5;2;2;3;6;0;1;1;12;1;11;17;10;7;4;2;4;0;0;4;4;1;1;1;2;0;1;2;11;0;7;1;1;1;2;2;2;2;1;0;12;2;4;7;22;17;4;45;2;3;3;10;4;1;2;1;3;2;1;5;1;3;3;2;2;1;0;7;3;5;2;2;2;5;3;11;20;22;2;11;0;1;3;7;2;2;0;2;1;1;1;8;38;15;3;10;1;4;4;19;5;9;0;1;10;12;3;31;197;24;18;30;20;3;18;26;27;4;1;2;7;8;8;19;17;3;2;3;5;2;3;4;6;3;0;1;9;2;10;15;11;7;4;2;5;0;1;1;1;0;2;0;0;1;3;3;10;1;3;1;2;2;1;6;3;2;0;1;13;3;2;5;19;17;3;48;2;3;4;20;2;3;1;2;5;1;2;6;1;3;4;2;1;1;0;2;2;1;2;2;1;7;3;13;20;14;1;14;1;4;2;9;1;3;0;1;2;1;2;9;37;20;2;9;0;3;4;20;5;4;1;1;11;9;2;36"
11,"127;16;11;29;8;1;9;21;47;7;2;5;9;9;8;29;9;2;3;3;0;2;0;2;22;3;1;0;7;2;6;11;5;2;2;1;0;1;1;1;1;1;0;0;2;1;0;2;9;3;0;2;0;0;0;1;13;2;2;2;23;1;8;6;18;14;6;35;1;2;2;10;0;0;1;4;2;2;2;14;2;4;0;0;0;0;0;2;0;0;0;1;1;6;1;15;17;13;0;12;2;1;3;10;3;0;0;0;4;0;2;15;42;14;2;6;11;4;11;51;27;6;3;5;12;10;11;79;129;15;9;24;5;3;12;22;47;8;6;12;12;6;6;26;10;4;2;3;2;0;0;3;19;3;0;0;8;2;7;7;8;2;2;0;2;1;0;2;3;1;1;0;1;1;1;1;7;3;1;3;0;0;0;1;17;1;1;2;16;1;12;6;19;11;5;29;0;2;1;12;0;0;0;3;3;1;2;12;1;3;0;3;0;0;0;3;0;0;0;2;2;3;0;13;18;11;2;11;2;0;3;8;3;1;0;0;1;0;3;13;38;14;2;8;13;7;10;55;33;8;3;5;10;10;15;78;123;18;9;28;7;1;7;21;50;10;5;8;12;4;6;26;10;2;3;1;2;1;1;2;20;2;0;0;5;3;10;9;10;3;2;0;3;0;0;0;2;0;0;0;2;1;0;1;10;1;3;2;0;0;1;0;15;3;1;3;16;2;8;6;14;18;1;24;3;0;2;15;2;0;0;3;2;2;1;10;1;3;0;3;0;0;0;2;1;0;0;1;3;2;0;14;20;12;2;12;3;2;4;13;2;0;0;2;2;0;4;13;40;15;1;9;15;3;11;53;28;9;4;4;9;11;14;79"
12,"98;15;0;2;6;0;8;14;21;18;2;42;1;1;7;120;40;1;0;0;1;0;1;0;1;1;0;0;4;0;4;12;3;0;0;0;0;0;2;0;0;0;0;0;0;0;2;3;41;0;0;0;8;0;3;3;0;0;0;0;1;0;6;4;12;3;1;0;3;3;3;9;4;0;0;0;1;0;3;15;1;1;0;0;2;0;0;3;1;1;0;0;0;0;1;7;39;8;1;7;9;1;5;18;2;1;0;0;1;0;1;9;140;26;2;9;9;4;12;16;26;11;3;5;17;2;14;56;102;13;1;2;3;1;8;18;22;21;1;38;1;1;4;126;36;1;0;0;1;1;1;1;1;1;0;0;4;0;5;9;2;0;0;0;1;0;2;0;0;0;0;0;0;0;2;4;42;0;0;0;6;0;3;2;0;0;0;0;0;0;6;4;10;2;1;0;6;2;3;10;2;0;0;0;1;0;1;18;2;3;0;0;0;0;0;3;1;1;0;0;1;0;1;5;31;11;4;9;6;2;4;17;4;1;1;0;1;0;4;9;150;24;1;8;12;2;12;13;23;14;1;4;18;2;14;52;104;18;0;2;4;2;9;17;15;19;1;42;0;1;6;127;34;2;0;0;2;0;2;1;4;0;0;0;2;1;2;9;2;0;0;0;3;0;0;3;0;0;0;0;1;0;2;3;44;0;0;0;5;0;2;1;1;0;0;0;1;0;7;5;9;4;0;0;4;2;3;11;3;1;0;0;2;0;1;16;1;2;0;0;1;0;0;3;3;0;0;0;1;0;1;7;28;9;5;11;4;1;4;18;3;2;1;0;2;0;4;12;147;26;0;6;11;1;12;15;17;10;1;5;18;3;13;54"
13,"150;28;20;20;13;1;12;7;18;3;3;5;9;8;11;5;13;2;8;0;4;2;4;2;13;2;3;4;34;4;16;12;17;6;4;1;1;0;4;2;3;0;0;0;0;1;2;0;12;1;2;1;4;1;1;5;11;1;2;1;20;3;17;9;34;61;4;32;0;1;0;5;3;1;1;1;0;4;4;6;3;2;0;1;0;1;1;1;4;1;0;3;9;5;3;8;15;41;6;33;5;3;1;8;2;1;1;0;0;1;0;7;13;7;2;4;8;3;2;8;10;6;0;4;11;6;10;39;149;30;15;23;11;2;8;4;23;2;3;3;7;8;10;4;16;1;5;0;3;2;5;1;11;2;2;1;33;6;15;9;18;7;3;1;4;0;2;1;2;0;0;0;4;0;1;0;8;2;1;1;5;1;1;2;12;1;1;0;25;5;12;11;39;61;7;31;0;3;0;9;3;1;0;2;0;3;3;7;7;2;0;0;0;0;1;2;4;0;1;4;9;0;3;8;19;48;5;39;5;3;3;8;3;0;0;1;0;0;0;9;14;8;2;5;2;0;2;13;8;5;2;3;14;6;6;36;164;21;19;19;14;3;10;13;25;4;2;4;7;5;9;5;15;1;5;1;5;2;4;0;7;4;2;3;25;4;17;19;23;7;4;2;4;0;3;1;2;0;0;0;1;0;1;1;9;6;2;1;1;0;4;2;11;1;2;2;19;4;13;11;33;52;5;29;0;3;1;8;3;2;0;0;1;4;4;6;6;2;0;1;0;1;0;0;2;1;0;3;8;0;4;11;15;42;3;24;4;2;0;9;1;0;0;1;1;2;0;5;11;6;1;7;5;3;2;7;9;7;1;7;18;12;10;44"
14,"117;33;16;26;20;1;16;35;21;4;3;6;20;2;13;19;17;1;3;1;3;0;3;6;13;2;0;1;34;7;22;8;16;4;0;3;3;0;1;3;2;0;0;1;1;0;0;0;15;2;0;1;1;1;0;3;16;3;1;0;24;4;16;15;29;37;4;26;1;3;0;5;4;0;0;0;1;1;2;4;7;6;0;5;0;0;0;2;0;2;0;0;12;5;2;8;17;27;2;17;0;4;1;11;1;1;0;1;0;0;0;4;24;6;5;9;4;2;7;6;28;7;2;4;9;11;9;30;112;29;20;31;18;1;17;33;22;4;2;3;22;4;15;22;15;2;1;1;4;0;4;6;13;2;0;2;37;4;23;9;11;3;1;3;3;0;1;1;0;1;0;0;1;0;2;0;14;2;0;2;0;1;1;2;17;2;2;1;20;7;21;11;23;38;2;17;2;1;0;8;1;0;2;1;2;3;3;7;4;2;0;3;0;2;0;2;2;2;0;1;11;8;3;7;18;30;3;25;1;2;2;5;1;0;1;0;0;2;0;3;25;9;4;7;6;2;6;12;26;6;0;3;10;9;8;33;122;29;19;24;13;0;18;29;16;4;5;4;17;2;11;19;13;0;1;4;2;0;1;5;27;2;1;2;35;5;20;14;13;5;3;3;1;0;1;2;2;0;0;0;0;0;1;1;17;2;0;2;4;0;1;2;15;1;2;0;31;4;13;12;33;35;1;29;0;1;0;5;0;1;0;0;2;1;2;3;2;2;1;5;0;0;1;2;0;2;0;1;9;9;2;9;20;22;2;20;1;2;1;11;1;1;1;1;0;2;1;3;25;6;1;9;4;1;7;7;22;5;2;5;17;13;14;37"
15,"63;19;17;25;0;0;4;6;0;0;2;1;6;1;3;2;1;0;0;0;2;0;0;0;3;0;0;0;57;2;26;3;15;4;7;1;0;0;3;1;0;0;0;0;0;0;2;0;5;0;1;0;0;0;1;0;2;0;0;0;36;1;24;0;27;148;0;134;0;2;0;9;0;2;0;1;0;0;0;1;0;5;0;0;0;0;0;1;0;1;0;1;6;33;2;25;22;98;0;57;1;1;0;7;0;3;0;0;0;2;0;0;8;16;1;4;0;1;0;5;3;1;0;1;4;23;4;18;61;18;24;21;2;0;5;6;0;0;0;0;7;1;2;2;1;0;0;0;0;0;0;0;6;0;0;0;57;1;32;3;11;2;6;0;0;0;1;1;2;0;0;0;1;0;1;1;7;0;0;0;0;0;1;0;2;0;2;0;35;2;22;0;24;147;1;141;1;3;0;7;0;3;1;1;0;0;0;1;0;5;0;1;0;0;0;0;0;1;0;1;6;34;2;25;21;97;0;56;1;1;1;6;0;1;0;0;0;2;0;0;9;12;0;7;0;1;0;5;3;0;0;1;4;23;3;19;64;14;22;24;1;0;3;4;6;1;0;0;3;1;6;5;1;0;2;0;0;0;0;0;1;0;0;0;49;2;24;2;11;4;7;1;1;0;0;1;0;0;0;0;0;0;2;1;5;1;0;0;0;0;2;0;4;0;0;0;30;0;20;1;20;150;0;138;1;2;0;7;0;1;0;1;0;0;0;2;0;4;0;0;0;0;0;0;1;1;0;1;3;35;2;30;27;95;2;65;0;0;0;4;0;1;0;1;0;2;0;0;11;19;2;5;1;1;0;6;4;0;0;0;6;25;4;18"
16,"112;23;20;32;10;0;13;20;9;0;0;1;18;2;13;4;2;3;3;3;1;3;3;7;2;1;1;2;65;3;52;21;8;5;3;4;3;0;0;2;5;0;0;0;2;0;3;0;9;2;1;3;1;0;3;2;11;3;0;2;44;1;37;13;46;42;3;32;4;3;2;11;4;1;1;2;2;2;1;3;0;1;0;1;0;0;1;2;0;1;0;1;0;6;3;13;14;29;1;24;1;2;0;8;7;1;0;2;0;1;0;0;9;9;1;12;0;0;0;9;27;9;1;3;11;8;5;26;101;34;22;30;14;0;15;24;13;0;0;2;11;1;13;3;4;1;1;4;1;1;5;3;4;0;0;0;70;5;48;17;6;3;5;2;2;0;0;1;5;0;0;0;5;0;1;0;7;3;1;4;1;0;1;5;7;4;1;1;37;0;37;14;45;51;1;29;2;2;4;13;4;1;1;3;2;3;2;4;0;2;0;1;0;0;0;5;1;1;0;1;1;1;3;9;17;26;2;30;2;2;2;4;7;1;0;1;0;2;0;2;10;7;1;14;0;0;0;11;22;11;2;2;12;7;3;32;121;29;16;32;12;1;15;21;8;0;2;2;15;2;17;7;4;1;2;4;2;1;2;5;10;0;0;0;60;5;47;20;10;4;5;2;2;0;0;2;2;1;0;0;4;0;2;0;5;3;1;2;1;1;2;5;5;3;2;1;45;0;33;16;40;45;2;34;1;2;3;14;5;2;1;1;1;4;2;2;0;0;2;1;0;0;0;4;1;0;0;1;2;7;1;10;13;26;2;25;1;1;0;6;4;1;0;2;1;2;1;2;7;5;1;14;0;1;0;7;25;11;2;4;11;8;5;26"
17,"102;25;13;25;11;1;7;30;12;1;1;0;7;1;6;7;5;0;1;3;0;0;3;4;8;1;1;0;58;3;33;15;14;1;6;2;2;1;0;1;0;0;1;0;4;0;0;0;5;0;2;2;3;0;5;1;11;0;0;0;39;5;23;10;27;82;5;66;0;0;0;15;3;2;0;0;1;0;0;1;0;0;1;1;1;0;0;3;1;3;0;2;7;9;3;9;20;39;2;43;0;1;1;6;4;1;1;1;0;2;0;2;5;12;0;7;2;0;1;10;23;10;0;6;10;10;9;32;104;27;16;25;9;1;10;32;15;1;0;0;12;0;7;5;3;0;0;3;0;0;4;5;8;3;0;1;55;5;33;15;12;2;7;2;3;0;1;2;2;0;1;0;4;0;0;1;7;0;4;2;2;0;5;0;10;0;1;0;43;4;19;10;22;71;1;65;0;0;2;15;2;1;0;0;0;0;0;2;0;0;1;1;0;0;1;2;2;2;0;2;5;9;4;12;20;44;1;38;0;1;1;9;4;1;1;1;1;2;0;3;5;13;1;6;1;0;1;9;23;11;1;6;11;10;7;27;112;27;16;30;6;1;8;29;10;1;2;0;5;3;7;5;4;1;1;4;0;0;3;3;12;1;0;0;52;6;29;16;18;2;6;3;2;1;2;0;0;0;1;0;4;0;0;1;6;0;3;1;3;0;6;2;10;0;1;0;37;4;22;9;22;66;1;58;0;0;2;14;3;2;0;1;0;0;0;1;1;2;1;1;0;1;0;3;3;0;0;1;9;8;4;11;22;37;3;33;2;0;1;12;3;2;1;0;2;2;0;2;9;15;0;9;0;0;0;12;24;10;0;5;11;12;7;35"
18,"126;10;24;8;17;3;11;8;12;3;6;1;8;3;10;8;18;2;3;1;3;0;2;3;5;2;5;0;64;7;61;15;19;4;3;1;1;0;1;3;4;0;0;1;2;0;1;2;9;1;4;3;2;0;5;0;17;2;1;1;49;4;29;11;16;22;1;28;2;1;0;12;3;2;0;1;1;1;0;7;8;0;1;4;2;0;0;2;4;1;0;0;4;14;1;18;14;11;3;11;0;1;1;7;5;2;0;0;0;4;0;1;13;5;0;7;1;1;1;4;36;8;2;8;21;19;13;40;128;11;24;6;14;4;9;13;9;2;4;1;7;2;7;13;20;3;3;0;4;0;1;3;9;1;5;1;60;9;60;15;17;4;5;1;1;1;0;2;4;0;0;1;1;0;1;1;9;1;3;1;2;0;4;0;16;5;3;3;50;6;34;7;21;27;2;35;2;0;0;9;3;0;0;1;1;1;0;5;7;0;1;6;0;0;1;2;2;1;0;0;2;14;2;16;12;9;5;7;1;0;1;4;4;1;0;0;1;2;0;3;19;4;0;6;2;0;1;4;37;8;3;12;23;17;11;35;115;13;30;10;10;5;12;21;9;3;5;2;12;1;8;15;16;1;1;1;3;0;3;2;8;2;4;2;63;7;55;17;23;6;7;2;2;0;0;3;3;0;0;1;1;0;1;2;9;0;1;2;3;0;3;0;14;2;1;1;48;3;30;12;11;19;1;37;3;1;0;15;4;1;0;1;1;3;0;6;5;0;1;3;2;1;0;6;1;1;0;0;2;16;2;17;9;8;5;7;0;1;1;5;2;1;1;0;0;3;0;2;18;5;1;7;2;2;1;4;34;10;1;11;24;13;11;39"
19,"202;25;16;9;16;6;7;13;13;6;0;3;8;2;7;4;18;5;4;6;4;0;2;3;18;0;1;4;5;1;1;3;34;5;4;5;0;0;3;1;4;2;0;0;0;1;1;2;22;3;2;1;3;0;2;0;10;3;1;2;1;1;1;8;49;16;5;11;1;2;0;7;11;1;1;2;2;1;1;4;9;3;1;1;1;1;4;4;8;2;1;1;6;2;2;9;40;11;4;8;5;2;0;10;3;4;1;0;5;2;1;7;39;18;3;12;4;2;6;13;22;13;0;11;16;11;8;40;192;31;18;15;11;6;7;11;16;3;0;3;6;2;1;3;25;2;3;5;1;0;1;2;6;1;2;3;2;1;4;4;36;2;3;3;1;0;1;1;8;0;0;0;1;4;1;1;16;5;0;3;0;1;0;0;8;3;1;1;2;3;2;4;59;13;8;10;2;2;3;6;6;4;1;1;3;2;3;8;13;6;1;2;2;2;3;4;9;5;0;1;1;3;5;7;50;13;7;7;3;5;2;5;5;3;1;0;1;2;0;9;44;18;5;12;4;3;2;11;17;23;0;11;15;13;8;32;174;25;9;17;11;3;9;11;13;4;0;2;10;2;4;5;25;3;4;6;1;0;2;2;10;2;0;7;5;1;3;6;35;8;6;4;1;0;3;1;3;2;0;0;1;1;0;1;21;3;5;1;0;1;1;1;15;3;2;1;3;1;2;3;54;26;5;6;4;2;2;9;10;4;0;2;1;0;3;7;14;4;0;3;1;1;0;4;7;2;0;3;3;3;5;9;45;8;2;10;8;2;2;8;6;3;1;0;3;2;2;9;28;30;3;9;3;3;1;11;23;10;2;8;24;16;7;36"
20,"192;20;14;12;21;13;21;39;30;1;4;2;10;3;12;27;34;5;4;3;5;0;3;4;21;0;1;0;3;3;5;7;31;1;1;0;1;1;2;1;2;1;0;0;0;1;0;3;27;1;1;2;4;1;1;5;11;1;3;1;9;4;4;8;25;1;3;0;3;1;1;3;3;0;1;0;0;1;2;6;13;2;0;3;1;1;1;1;11;3;1;2;6;2;1;13;26;3;2;1;6;0;4;3;6;1;1;0;0;1;0;5;35;10;3;6;3;1;3;13;24;13;3;11;19;14;9;40;184;11;12;9;16;10;18;52;28;2;2;1;4;5;12;41;38;3;2;3;3;1;5;4;17;0;0;0;4;2;6;10;22;4;2;0;0;3;2;2;4;1;0;0;0;1;1;3;27;2;1;2;2;1;0;4;14;1;4;5;6;2;5;8;30;4;5;0;2;1;1;4;2;0;0;0;0;1;2;3;16;1;0;2;1;1;1;3;9;4;2;1;5;1;3;8;32;4;3;2;8;0;3;0;2;1;1;1;1;2;1;4;36;7;3;8;4;2;1;11;32;14;2;9;24;9;11;39;182;7;14;16;18;6;23;48;24;2;3;2;10;4;13;32;24;3;2;2;2;2;2;5;18;0;3;2;7;4;5;14;33;1;2;0;0;2;2;1;1;1;0;0;0;2;0;6;26;5;1;0;1;1;1;3;9;2;3;3;6;2;3;9;22;8;1;0;1;3;1;7;3;2;0;0;4;1;0;4;15;3;3;2;1;0;0;1;6;2;2;1;8;1;4;11;30;6;1;4;2;3;4;3;3;4;0;0;0;0;1;4;41;11;2;5;4;1;4;12;25;16;3;10;25;11;13;34"
21,"186;22;16;13;20;2;6;10;25;5;4;2;8;5;2;20;28;2;2;4;1;1;5;0;18;1;1;1;5;9;4;5;29;1;3;3;2;1;2;2;3;0;0;0;2;2;0;0;25;6;4;4;5;0;0;0;19;2;1;1;6;2;3;5;34;10;6;11;4;3;1;10;5;0;0;2;2;1;1;6;13;4;3;2;3;1;0;3;6;3;1;3;5;2;3;7;26;5;5;4;2;1;0;3;7;2;0;2;3;2;1;1;35;17;7;9;5;3;6;11;28;18;3;5;22;10;13;47;185;24;18;6;9;3;5;9;26;3;4;1;9;1;1;23;30;7;1;1;2;1;1;0;21;1;1;1;5;0;3;3;29;4;2;1;3;0;0;1;2;0;1;0;0;1;1;1;30;3;3;0;7;0;4;1;14;3;1;2;5;4;3;6;46;7;10;8;3;0;1;7;5;1;0;2;3;1;1;1;12;3;2;2;4;1;2;4;8;4;0;2;4;5;2;6;35;6;2;3;3;1;1;4;7;0;0;1;3;0;0;3;40;17;8;14;6;3;4;11;42;18;6;6;15;16;14;41;193;15;12;8;12;0;3;11;27;2;3;2;6;0;1;21;30;5;1;3;4;0;1;2;21;3;3;0;7;3;4;3;27;4;5;1;3;0;0;3;4;0;1;0;1;1;1;0;21;5;2;1;5;0;2;3;15;5;0;2;9;3;3;7;44;13;6;9;3;1;2;10;5;3;0;3;4;2;1;0;9;5;2;2;3;0;1;2;6;2;2;5;4;4;2;8;34;9;4;4;1;1;0;4;4;1;0;1;2;2;1;1;39;13;8;9;9;2;4;8;35;17;1;9;20;18;12;48"
22,"165;16;18;12;12;8;7;19;20;2;2;3;7;7;13;13;25;4;3;3;3;0;3;3;11;2;2;3;4;3;3;3;32;3;0;0;4;2;0;3;1;1;0;0;2;1;1;3;30;4;0;2;2;1;0;2;12;2;1;1;2;2;4;8;35;3;4;4;7;0;0;2;8;1;1;0;5;1;2;2;23;3;2;1;0;0;2;0;7;0;3;0;2;2;4;10;50;4;4;0;4;0;1;3;3;3;2;1;1;2;1;2;82;18;3;11;9;2;2;10;47;18;5;10;13;11;8;35;155;17;12;12;13;5;10;15;13;0;3;2;8;3;12;13;26;2;3;1;3;0;4;1;11;2;4;2;3;4;5;8;35;3;1;0;1;1;2;5;2;1;0;0;2;1;1;2;24;4;1;0;1;0;1;2;12;2;1;0;5;2;4;5;41;5;4;4;4;0;0;2;7;0;0;0;4;1;1;5;23;3;1;2;1;0;1;0;8;3;2;0;3;1;3;7;56;5;3;0;5;0;0;2;4;3;4;2;1;3;2;2;94;24;4;8;4;3;2;10;59;18;3;13;18;8;7;28;141;15;21;15;9;3;9;18;19;3;3;3;8;3;13;10;21;3;4;3;2;0;0;2;13;4;2;1;7;2;5;12;33;2;0;2;2;1;2;3;1;1;1;0;2;2;0;1;34;3;3;1;0;0;1;2;7;2;1;0;11;1;6;6;34;8;1;7;4;3;1;6;6;1;0;0;2;2;2;1;19;1;2;3;2;1;3;2;5;1;1;0;1;1;1;12;63;3;3;3;2;2;1;2;3;2;1;3;2;2;0;3;72;25;1;10;8;0;5;6;49;25;5;11;22;12;10;30"
23,"117;24;10;21;5;4;7;43;27;8;5;3;6;1;20;85;12;3;1;0;1;0;1;4;7;2;1;0;5;1;21;21;6;3;0;1;1;0;0;3;0;0;0;0;0;0;0;3;11;1;0;1;0;0;1;3;9;1;1;0;2;1;4;10;9;8;1;8;2;1;0;12;6;1;1;0;2;1;3;7;4;2;0;1;0;0;0;2;1;1;0;0;1;0;3;4;42;16;3;6;6;1;1;8;3;2;1;1;1;0;6;12;90;24;3;6;8;2;8;41;31;7;0;8;5;4;15;54;97;27;6;21;7;2;11;51;34;5;6;3;9;4;21;92;15;3;0;1;1;0;0;3;10;2;1;2;5;2;28;20;5;0;1;1;0;1;0;1;0;0;0;0;0;0;0;2;11;3;0;1;1;0;0;7;11;0;1;0;1;0;4;7;8;4;2;4;2;1;0;16;1;1;0;1;2;1;3;8;1;2;0;1;0;0;0;3;4;0;1;1;0;1;5;3;34;20;1;3;7;1;3;11;4;1;1;0;1;1;6;13;97;16;1;3;6;2;7;38;30;8;1;7;9;3;12;54;102;27;7;18;5;4;12;47;34;7;4;3;13;3;36;97;13;2;1;0;1;0;0;6;8;2;2;1;5;1;17;35;6;1;0;0;0;0;0;2;1;0;0;0;0;1;0;3;11;5;0;1;0;1;1;4;7;0;0;2;4;1;4;12;2;7;1;7;2;1;0;11;3;2;1;0;3;0;2;11;1;0;0;0;0;0;0;1;1;0;0;0;0;0;2;5;30;21;1;4;5;0;6;9;3;0;1;0;0;0;6;11;88;15;2;3;8;2;8;35;30;5;0;6;6;4;13;59"
24,"170;11;0;7;0;0;0;46;91;10;2;6;2;2;2;108;11;0;0;0;0;0;0;0;9;0;0;0;0;0;0;4;2;0;0;0;0;0;0;2;0;0;0;0;0;0;0;2;8;0;0;0;0;0;0;2;5;0;0;0;0;0;1;4;3;0;0;0;0;0;0;13;0;0;0;0;0;0;0;9;2;0;0;0;0;0;0;0;0;0;0;0;0;0;0;5;2;0;0;1;0;0;1;16;1;0;0;0;0;0;0;9;151;8;6;2;8;5;11;103;32;1;0;2;13;3;5;105;175;7;1;8;0;1;1;50;89;11;0;8;1;3;1;108;11;0;0;0;0;0;0;0;8;0;0;0;0;0;0;5;2;0;0;0;0;0;0;2;0;0;0;0;0;0;0;1;8;0;0;0;0;0;0;0;3;0;0;0;0;0;0;4;1;0;0;0;0;0;0;16;1;0;0;0;0;0;0;6;3;0;0;0;0;0;0;0;1;0;0;0;0;0;0;4;2;0;0;0;0;0;0;14;0;0;0;0;0;0;0;12;151;9;7;4;9;4;12;102;34;1;0;1;12;2;2;106;175;8;0;8;1;2;2;51;85;11;0;9;1;1;4;121;9;0;0;0;0;0;0;1;9;0;0;0;1;0;1;5;3;1;0;0;0;1;1;3;1;0;0;0;0;0;0;1;9;0;0;0;0;0;0;1;1;0;0;0;0;0;0;7;1;0;0;0;0;0;0;12;0;0;0;0;0;0;0;8;4;0;0;0;0;0;1;0;0;0;0;0;0;0;0;6;5;0;0;0;0;0;1;9;0;0;0;0;0;0;0;14;124;11;6;5;10;3;11;103;36;1;0;2;13;3;4;97"
25,"105;5;2;3;2;0;7;30;37;27;0;17;4;0;4;218;22;0;0;1;1;0;3;0;2;0;0;0;1;0;4;12;0;0;0;0;1;0;2;2;0;0;0;0;0;0;0;3;30;0;0;0;2;0;3;4;1;1;0;1;5;0;5;3;7;3;2;0;5;2;0;10;0;0;0;0;1;0;1;21;2;1;0;0;1;0;1;1;2;1;0;0;0;1;1;3;14;8;2;4;1;0;1;6;1;1;0;0;1;1;0;14;126;10;5;10;10;2;11;42;20;5;1;0;15;7;10;60;101;5;1;3;3;1;6;19;40;22;0;22;2;0;3;220;24;0;0;1;0;0;4;0;1;0;0;1;1;0;4;10;2;1;0;0;0;0;1;2;0;0;0;0;2;0;0;3;31;0;0;0;1;0;2;3;4;0;0;0;3;0;7;2;9;4;3;0;6;2;1;6;0;0;0;0;1;0;0;19;2;0;0;0;1;0;1;2;2;0;0;0;0;1;0;2;16;8;4;3;0;0;1;8;2;0;0;0;1;0;0;21;135;10;3;7;15;1;15;40;19;8;1;2;14;4;6;60;100;7;0;6;2;2;9;19;39;24;0;17;4;0;3;217;24;0;0;0;0;0;3;0;1;0;0;0;1;0;6;13;2;0;0;1;0;0;2;3;0;0;0;0;2;0;0;2;32;0;0;0;2;0;1;2;2;1;0;0;2;0;5;6;6;3;2;1;3;1;0;9;1;0;0;0;0;0;0;14;2;1;0;0;0;0;1;3;1;1;0;0;0;2;0;3;15;6;3;3;0;0;2;3;2;0;0;0;0;1;1;19;139;11;3;9;18;0;16;34;20;8;1;0;15;5;11;63"
26,"110;18;8;18;14;4;10;35;14;4;1;2;10;1;23;71;9;4;2;0;1;0;2;1;15;0;2;1;25;1;30;17;13;3;2;3;3;0;1;0;2;0;0;0;1;0;1;0;11;3;0;0;1;0;2;2;14;1;0;1;12;2;7;7;20;34;1;22;1;0;3;9;2;0;0;0;1;0;2;1;4;2;0;1;0;1;1;1;2;1;0;0;1;1;0;4;44;43;1;19;1;2;0;6;2;1;1;0;1;0;1;1;80;20;2;9;4;2;3;7;55;4;1;6;15;1;7;25;102;12;12;16;13;4;12;42;16;3;2;1;8;1;18;69;10;4;3;4;0;0;4;0;15;1;0;1;21;3;28;20;18;1;2;0;3;0;1;1;2;0;0;0;2;1;1;0;13;2;0;0;1;0;2;1;10;1;0;1;14;1;2;9;35;21;2;15;2;1;1;10;2;1;0;0;1;0;2;1;9;1;0;2;0;0;0;2;1;1;0;1;0;1;0;4;51;31;0;13;1;1;0;8;2;2;2;0;1;0;0;0;100;26;2;6;5;1;2;4;59;7;1;0;14;3;5;27;113;14;7;23;13;7;8;39;16;2;2;1;12;1;20;64;11;2;5;1;1;0;5;0;15;1;2;0;18;4;27;23;18;4;1;4;3;0;1;0;1;0;0;0;2;0;0;0;9;2;1;0;2;1;1;4;13;1;0;1;13;1;5;7;27;35;4;16;0;0;0;8;3;0;0;0;3;1;0;3;3;1;0;1;0;0;1;1;4;1;0;0;3;2;0;3;38;52;0;14;0;0;0;9;1;0;1;0;2;0;2;6;74;16;4;8;4;4;2;6;48;10;2;1;11;0;10;27"
27,"73;6;7;9;11;2;14;47;21;2;1;0;17;2;42;75;14;0;0;0;1;0;1;2;15;0;2;0;41;1;80;40;14;0;2;0;1;0;0;1;0;0;0;0;1;0;0;0;20;1;0;0;1;0;0;2;34;2;0;1;38;2;21;10;12;3;0;4;1;1;0;4;0;0;0;0;0;0;0;0;1;1;0;1;0;0;0;0;2;0;0;0;2;2;3;8;21;20;1;3;1;0;0;4;3;0;0;0;1;1;0;0;78;16;1;2;0;0;2;16;51;3;1;0;28;10;9;30;63;4;7;10;11;3;15;45;15;1;1;0;25;2;31;72;11;2;1;1;2;0;3;3;25;1;0;0;45;3;83;32;7;0;2;1;0;1;0;0;0;0;0;0;2;0;1;1;19;0;1;1;3;0;1;2;33;2;0;1;43;4;20;12;9;4;1;4;1;0;1;3;2;0;0;0;0;1;1;1;2;1;0;0;0;0;0;1;1;0;0;0;2;0;0;9;21;19;1;2;0;1;1;4;1;0;0;0;1;1;0;1;83;13;2;0;0;1;2;14;58;3;0;1;26;4;12;34;72;6;4;15;10;1;17;38;15;3;0;0;16;3;37;72;11;1;0;1;0;0;2;2;19;2;3;0;36;2;96;36;13;0;1;0;2;0;0;1;1;1;0;0;1;0;0;0;16;1;1;0;1;0;1;1;27;1;0;2;38;3;20;12;12;5;0;4;0;2;0;7;1;1;0;0;0;2;0;0;2;3;0;0;0;0;0;0;3;0;0;0;1;0;3;8;17;19;1;1;2;3;1;3;1;0;0;0;1;0;2;2;78;12;2;2;5;1;0;17;52;5;2;0;29;6;11;31"
28,"173;37;20;35;21;13;22;86;15;7;1;4;12;6;9;49;13;2;1;2;1;0;2;7;8;0;1;1;10;0;4;19;11;0;2;3;1;1;3;7;1;1;1;2;1;0;2;2;11;4;0;0;2;2;0;2;10;2;0;4;6;1;2;15;18;6;4;8;1;2;3;23;1;3;1;2;1;6;2;11;5;1;0;1;1;0;1;7;5;1;0;4;0;0;2;8;15;4;0;5;3;3;3;4;3;1;0;3;1;0;1;5;19;7;0;5;4;0;2;11;60;5;2;2;9;5;3;31;167;38;30;42;27;9;19;66;21;7;2;6;9;6;8;40;17;3;1;3;0;0;2;6;7;0;1;2;5;4;3;12;16;0;0;1;2;2;3;3;2;1;1;3;1;2;1;2;9;5;3;2;2;3;0;3;7;3;0;3;5;2;2;9;16;4;3;8;4;2;4;20;3;1;0;1;1;3;5;12;10;3;1;2;1;0;0;4;2;1;1;3;0;0;3;7;14;3;0;4;5;3;3;6;4;3;1;1;2;1;1;6;25;4;1;6;4;3;4;13;61;7;1;3;6;4;5;34;180;34;21;29;21;5;21;56;21;6;1;6;14;5;7;31;12;2;0;8;1;1;3;3;12;3;1;0;6;4;4;18;10;5;2;2;4;2;4;5;4;2;1;3;1;0;2;3;11;4;1;2;2;2;3;3;9;2;1;3;6;1;5;8;14;9;6;8;6;3;6;18;3;3;0;3;1;3;2;17;4;1;0;0;1;2;2;5;1;2;0;3;1;1;2;9;16;4;3;6;5;1;2;8;3;2;1;3;2;0;1;2;13;7;3;5;5;3;2;17;54;4;1;5;7;8;6;40"
29,"88;28;19;42;15;6;11;125;5;5;1;1;12;2;12;41;7;1;1;2;1;0;1;5;12;1;0;2;26;0;44;24;5;0;2;2;3;0;1;1;4;1;0;0;1;1;1;0;4;2;0;0;0;1;1;2;14;1;1;2;16;0;16;6;19;40;3;57;2;0;2;21;4;1;0;0;1;1;0;5;1;1;0;1;0;0;0;3;0;0;0;1;2;0;1;6;12;16;1;17;1;0;1;8;2;2;0;0;2;0;1;2;17;8;2;9;0;0;0;13;55;4;3;1;15;4;6;22;101;27;18;38;10;4;8;128;7;6;1;2;10;3;9;38;9;1;2;2;0;0;2;4;11;1;0;0;26;0;44;26;7;0;2;1;1;0;2;2;3;1;1;0;0;0;1;1;3;1;0;0;0;1;2;2;18;1;0;3;15;0;14;3;20;37;2;62;2;1;1;19;3;2;0;0;0;2;1;4;2;1;0;1;0;0;0;2;0;0;1;1;2;1;1;6;16;15;0;21;1;0;2;7;2;2;0;0;0;1;0;2;11;11;3;4;0;0;0;14;57;5;2;1;13;4;7;26;93;22;19;31;11;3;13;124;7;3;0;1;9;3;9;40;4;1;2;0;3;0;2;2;13;0;1;2;24;1;47;28;5;3;3;3;0;1;2;1;3;1;1;0;2;0;1;1;8;1;2;1;0;1;0;2;11;1;0;0;12;0;14;6;14;43;3;45;0;2;4;16;3;0;0;1;3;2;0;8;0;1;0;2;0;1;0;0;1;0;0;1;3;1;2;5;25;18;1;18;3;1;1;6;3;0;0;1;2;1;0;1;22;10;2;6;2;0;0;15;57;3;3;5;12;4;5;32"
30,"83;15;11;23;4;0;6;68;10;1;1;0;16;1;2;25;7;2;1;1;4;0;3;3;11;1;3;2;64;2;29;12;12;4;2;2;2;0;1;0;4;0;0;0;2;0;0;0;3;0;1;1;4;0;1;0;9;0;0;0;64;2;37;10;22;72;4;55;2;1;0;20;3;0;0;0;0;0;1;1;1;0;0;1;0;0;0;2;0;0;0;0;4;13;0;13;22;44;2;34;0;1;0;1;0;1;0;0;1;1;0;0;11;6;0;3;2;0;1;11;30;6;0;4;13;12;3;28;84;19;12;21;3;2;7;67;10;1;1;0;11;1;4;26;7;2;1;1;2;0;2;3;11;1;1;3;59;0;32;13;14;4;3;1;1;0;1;0;3;0;0;1;2;0;0;0;5;1;1;1;3;0;1;1;9;0;2;0;66;1;28;7;22;67;1;58;1;1;0;17;5;0;0;0;0;4;1;3;1;0;0;4;0;0;0;0;0;1;0;0;5;13;0;12;25;43;2;35;0;2;0;2;0;1;0;0;1;0;0;1;7;5;0;5;2;0;3;11;32;7;2;3;12;13;1;30;69;21;11;24;7;1;11;64;10;1;1;0;14;1;7;22;10;1;1;0;2;0;2;6;8;1;3;2;65;3;28;17;18;2;1;5;1;0;1;0;2;0;0;0;3;0;3;1;8;1;0;1;2;0;1;1;8;0;1;0;49;3;39;6;23;65;2;60;1;1;0;23;2;1;0;0;1;0;0;4;1;0;0;2;0;0;0;0;0;0;0;1;4;16;0;13;21;36;4;33;1;2;0;3;0;0;0;1;1;0;0;0;10;9;0;1;1;0;0;11;28;5;0;2;18;12;3;32"
31,"97;18;22;15;2;1;10;13;6;1;2;1;5;0;2;2;3;1;0;0;1;1;1;2;8;1;0;0;43;1;30;9;24;2;17;1;3;0;2;1;1;0;0;0;1;0;1;0;7;1;1;1;2;0;0;0;4;2;0;2;38;1;19;6;28;75;3;72;1;2;0;14;2;2;0;0;1;3;0;6;1;3;0;0;0;1;0;4;2;3;0;0;4;11;1;15;29;55;7;35;1;2;1;6;2;0;0;1;1;2;0;3;12;22;2;8;3;2;2;15;24;22;0;5;21;11;8;33;105;18;23;7;4;0;10;16;6;3;3;1;6;1;3;3;4;1;0;3;1;1;1;2;11;1;0;0;40;4;33;11;28;3;16;0;2;0;2;2;1;0;0;0;2;0;2;0;8;1;1;0;2;0;0;2;9;3;0;2;35;2;19;6;24;67;3;66;2;2;2;11;1;2;0;2;1;2;0;7;1;3;0;2;0;0;0;2;2;3;0;0;4;11;2;17;26;44;5;25;2;2;1;8;1;0;0;0;0;3;0;3;19;22;1;8;2;1;1;15;29;12;0;8;20;15;8;34;102;13;24;14;4;2;12;8;10;0;1;1;6;1;5;5;4;4;1;0;2;1;1;4;14;1;0;0;37;2;33;11;33;3;14;0;3;1;3;3;1;0;0;0;2;0;1;0;9;3;2;1;0;0;1;1;12;1;1;0;32;5;19;6;19;61;5;58;1;4;1;13;1;3;0;2;1;4;0;4;1;2;0;2;0;0;0;2;2;5;0;0;7;7;2;17;31;39;4;26;0;2;1;6;1;0;0;0;0;1;1;6;18;20;0;7;4;3;1;16;24;10;1;5;19;25;8;41"
32,"79;29;19;35;5;2;15;25;4;2;2;1;12;2;10;7;9;1;2;4;0;1;2;3;10;2;3;0;31;3;21;16;23;2;5;4;5;0;4;2;0;0;0;0;0;0;2;0;10;3;1;1;1;0;0;0;14;0;1;1;26;2;18;7;16;61;8;61;1;2;1;23;2;1;0;1;2;0;2;6;3;0;0;1;0;0;0;4;4;1;0;3;3;13;2;29;24;48;2;32;2;0;1;11;2;0;0;0;0;2;2;4;22;14;1;7;1;0;1;6;13;6;1;2;21;23;9;28;77;20;18;33;7;3;17;25;10;1;2;0;9;3;13;15;8;0;3;2;0;2;0;2;12;0;0;1;28;5;22;19;16;6;6;4;0;1;3;0;0;0;1;0;1;0;2;1;20;1;2;3;1;1;1;1;10;1;2;2;24;0;11;3;15;59;3;68;4;1;2;16;0;5;0;1;2;1;2;6;4;1;0;3;0;0;0;3;1;0;0;3;0;19;4;25;26;47;4;30;4;1;2;10;2;2;0;0;1;4;1;4;25;15;1;6;2;1;0;9;18;6;1;1;23;13;6;30;71;21;20;31;8;5;16;24;8;3;0;1;9;2;15;14;13;1;1;2;0;0;1;3;13;0;4;1;20;4;28;15;20;5;7;2;0;1;1;2;1;0;1;0;0;0;1;0;17;2;0;1;1;0;1;1;12;1;1;0;20;2;17;6;16;57;2;73;2;0;3;17;1;2;0;2;2;1;1;8;4;0;1;4;0;0;1;2;1;0;1;1;1;18;2;32;26;46;3;32;2;2;1;9;2;0;0;1;3;1;1;3;26;15;1;5;0;1;1;8;18;6;2;4;24;16;5;28"
33,"106;12;15;24;11;3;15;23;30;7;6;7;11;3;28;53;10;0;1;3;1;1;1;3;21;3;1;6;25;6;45;34;9;4;1;1;1;1;0;4;1;0;0;0;0;0;4;3;14;0;2;1;4;0;0;1;12;1;1;1;19;0;15;19;7;8;1;7;0;3;3;12;1;4;0;0;2;0;1;12;1;0;0;1;0;0;0;6;2;1;0;1;2;3;4;7;19;7;2;5;2;3;1;15;2;0;0;0;1;1;3;5;61;14;1;9;7;1;6;19;9;3;1;3;19;8;18;56;90;14;12;28;11;5;15;29;32;7;7;9;16;3;29;44;12;3;1;1;4;0;0;3;21;2;2;5;30;4;41;36;9;1;0;0;3;1;3;2;2;0;0;0;0;0;3;2;12;1;0;1;5;0;0;2;15;0;1;0;20;0;21;14;6;17;2;11;0;2;1;12;2;0;0;1;4;0;1;14;1;2;0;1;0;0;0;3;1;0;0;2;2;5;3;8;20;9;3;8;3;2;3;11;2;0;0;0;1;0;1;12;50;15;2;5;9;3;8;20;12;1;1;3;11;9;13;52;97;14;7;18;8;3;23;25;28;4;4;7;16;1;31;47;11;0;2;2;3;0;2;4;22;2;1;5;35;4;51;37;5;0;1;3;2;1;1;3;1;0;0;0;2;0;2;1;11;2;1;1;5;0;1;2;12;2;1;2;24;0;18;14;12;12;2;19;1;1;1;8;2;0;0;0;4;0;3;10;0;1;0;0;0;0;0;1;1;1;0;1;0;1;4;8;32;10;0;9;1;2;0;13;2;0;0;0;2;0;1;5;58;21;3;11;6;1;9;18;9;4;1;2;12;3;11;53"
34,"91;7;39;25;4;0;8;34;35;7;0;2;6;2;15;74;12;6;1;0;1;0;0;3;8;1;2;1;22;4;34;20;14;2;6;1;1;0;0;1;1;0;0;0;0;0;0;3;15;1;2;1;1;0;0;0;3;1;1;0;16;1;10;4;16;15;2;37;3;2;0;7;2;3;0;0;2;0;4;7;0;2;0;0;0;2;0;2;1;3;0;0;1;11;2;23;25;14;2;5;3;1;2;2;1;1;0;1;2;1;2;6;64;12;2;8;8;3;10;25;20;4;1;1;16;11;17;58;89;14;26;26;4;1;6;39;27;3;0;3;5;0;16;85;10;3;0;2;1;0;0;2;9;1;3;2;27;2;23;21;15;1;8;1;1;0;0;2;3;0;0;0;2;1;1;3;16;1;1;0;1;0;0;0;6;0;1;0;12;2;10;1;14;19;4;34;1;2;2;7;6;2;0;1;2;0;4;6;1;6;1;1;1;1;0;0;1;3;0;0;2;8;3;20;33;19;1;11;2;1;1;7;2;0;1;1;3;0;4;6;66;10;4;5;10;5;5;21;14;5;1;3;15;12;21;44;90;10;24;23;5;1;6;38;24;5;0;2;7;0;14;72;10;2;0;2;0;0;0;2;9;0;1;3;23;2;19;21;15;1;6;4;0;0;0;0;1;0;0;0;1;0;1;0;16;2;1;0;0;0;0;1;7;1;1;0;10;2;12;2;19;24;6;35;0;1;1;9;1;1;0;0;1;1;4;7;6;4;0;1;0;2;0;1;2;2;0;0;3;8;1;23;38;13;2;14;2;2;0;7;2;1;1;0;1;0;4;5;71;23;4;10;6;3;8;27;17;6;1;5;13;11;20;45"
35,"96;21;12;37;7;4;16;143;13;5;1;3;7;3;10;91;5;0;1;5;1;1;1;5;5;1;1;0;11;1;6;18;9;5;1;3;1;1;0;7;1;0;0;0;0;0;0;0;3;3;2;1;0;0;1;4;10;2;2;2;10;2;6;6;16;10;1;6;1;3;1;24;2;0;0;2;1;0;2;12;2;2;1;1;0;0;0;2;3;1;0;2;2;0;2;12;17;7;0;9;0;2;2;8;0;0;0;1;0;2;0;11;74;13;1;7;1;2;4;24;39;3;0;5;8;10;8;42;76;21;13;41;5;8;13;175;14;0;0;4;4;2;9;108;6;3;0;1;1;0;2;4;7;1;1;2;12;3;8;21;8;3;0;5;0;1;0;1;1;0;1;0;1;0;0;0;5;0;2;0;0;0;2;3;8;1;0;0;5;1;7;4;18;21;4;10;1;1;1;13;0;0;0;2;1;0;1;11;2;3;0;0;0;0;0;3;1;0;0;1;2;0;1;4;26;13;0;11;1;1;4;8;0;0;0;1;0;0;0;5;64;15;3;8;4;3;6;16;36;5;1;5;10;8;6;39;97;23;17;33;7;4;18;172;23;4;1;2;6;2;8;99;6;0;0;1;2;0;0;2;3;3;2;0;15;2;11;22;10;0;1;5;1;1;0;3;3;0;1;0;0;0;0;1;4;0;2;2;0;0;0;5;9;0;0;2;6;1;5;3;16;16;5;6;1;3;2;17;2;1;1;2;0;1;2;6;1;2;0;1;0;0;1;4;0;0;0;0;2;0;3;3;20;6;0;8;1;2;1;11;1;0;0;2;0;0;0;6;46;11;1;12;0;4;5;39;24;4;0;8;7;4;4;49"
36,"110;25;16;31;4;0;11;16;32;12;4;11;3;0;14;37;16;1;0;1;5;0;2;3;9;3;1;2;36;6;23;18;11;1;4;1;4;0;2;0;0;0;0;0;1;1;3;4;20;3;0;2;4;0;4;3;8;0;0;1;13;0;17;6;5;25;3;23;3;1;0;11;1;1;0;2;1;2;4;19;0;1;0;0;0;0;0;1;0;1;0;1;3;11;1;14;10;11;3;23;0;0;4;15;0;0;0;0;0;2;0;20;41;9;2;4;16;1;11;22;7;3;1;3;14;17;13;73;107;24;20;25;3;1;5;19;28;11;1;11;6;2;25;40;16;0;0;1;6;0;0;1;7;2;1;1;36;5;34;15;10;1;4;1;0;1;4;0;0;0;0;1;1;0;1;3;19;1;0;1;4;0;2;1;5;2;0;0;15;0;17;11;7;29;1;19;1;0;0;11;1;2;0;2;0;1;1;16;0;0;0;1;1;0;0;2;1;0;0;1;2;13;0;15;12;13;1;26;1;1;1;10;1;0;0;1;1;1;2;19;48;10;0;7;18;3;10;30;7;5;0;3;17;13;16;62;109;25;18;18;2;0;9;17;32;10;1;12;4;1;18;30;15;1;1;1;4;1;1;3;7;0;1;1;35;4;51;22;13;2;2;2;3;0;2;0;0;0;0;0;1;0;2;2;23;1;1;0;4;1;3;1;4;0;0;0;15;2;22;8;5;25;1;16;0;2;0;7;1;2;0;2;1;1;1;15;2;0;0;1;0;0;0;0;1;1;0;0;3;10;1;10;9;12;6;29;2;1;3;9;0;1;0;1;0;0;1;20;50;8;0;4;20;3;7;28;9;7;2;1;18;16;16;65"
37,"72;29;14;33;4;0;18;38;15;1;3;3;6;3;20;44;5;4;0;4;1;0;1;3;7;3;0;5;10;2;13;29;18;3;2;1;1;0;0;2;4;0;1;0;3;0;1;2;18;1;0;6;0;0;2;1;17;5;2;2;12;4;3;11;25;12;8;17;3;1;2;12;2;0;0;0;3;4;7;18;2;5;0;2;0;0;1;2;5;1;0;1;0;1;2;9;40;18;2;12;6;4;1;11;2;2;0;0;7;0;4;8;47;21;0;11;7;5;3;12;32;20;2;8;19;12;11;40;69;26;10;36;3;1;17;39;10;2;2;6;6;3;18;45;3;4;1;2;0;0;0;4;8;4;2;6;12;0;8;26;21;2;1;0;2;0;0;2;5;0;0;0;1;1;2;1;18;3;0;4;1;0;0;2;15;4;2;0;11;3;6;7;25;16;6;12;3;0;3;17;2;0;0;0;5;6;4;16;2;5;0;1;1;0;0;1;2;4;0;0;0;1;3;10;53;20;4;9;3;5;0;11;2;2;0;0;4;0;3;9;55;29;2;13;6;5;4;11;34;20;2;7;18;11;12;38;65;28;19;34;4;2;12;34;12;1;1;4;5;2;20;41;5;5;0;4;0;0;0;3;6;4;1;4;7;2;12;31;20;2;1;1;0;0;0;2;4;0;0;0;2;1;2;1;12;1;2;7;2;0;1;3;15;6;2;0;10;0;5;8;27;16;7;14;4;0;4;12;2;2;0;0;4;6;4;17;0;5;1;1;0;0;1;2;2;2;0;1;0;1;3;11;45;24;5;7;4;4;1;15;1;1;0;1;6;0;5;7;61;31;0;10;6;4;3;13;41;18;2;5;16;9;12;40"
38,"74;19;8;25;11;5;14;73;29;4;1;6;17;2;27;80;6;0;2;0;0;0;1;6;7;1;0;2;7;0;11;22;5;2;0;1;0;0;1;4;1;0;0;0;0;0;1;3;14;0;0;3;2;0;0;5;5;0;0;0;9;0;6;10;15;3;2;9;0;1;1;16;2;0;0;0;0;0;1;8;0;1;0;0;0;0;0;4;0;0;0;0;0;0;1;6;26;2;1;3;2;1;1;8;1;2;0;0;1;0;1;10;183;6;1;7;3;1;1;31;56;8;1;2;12;3;6;42;71;20;9;24;15;4;17;85;26;3;2;6;9;2;34;79;3;0;2;0;0;1;0;7;7;2;0;2;8;0;13;25;3;1;1;0;0;0;1;3;0;0;0;0;2;0;0;2;15;0;0;2;0;1;1;3;8;0;1;1;8;0;7;12;14;5;1;6;0;1;0;20;2;0;0;0;0;1;1;11;1;1;0;1;0;0;0;4;0;0;0;0;1;0;0;3;22;2;0;4;1;1;1;11;1;1;0;0;0;0;2;8;175;7;2;7;6;2;2;22;67;6;1;3;8;4;7;30;58;17;9;21;6;7;14;109;20;0;1;5;11;4;30;118;5;1;1;1;0;0;0;4;6;0;1;2;5;1;8;28;10;2;0;0;0;0;0;2;0;0;0;0;1;0;0;2;14;1;0;0;1;0;0;3;2;0;1;0;9;0;6;9;12;3;2;5;1;0;0;10;2;1;0;0;1;0;1;5;0;1;0;0;0;0;0;5;1;0;0;0;0;0;0;7;25;2;0;2;1;1;1;8;3;0;0;0;1;0;1;7;172;8;2;10;7;3;2;23;68;8;0;1;9;3;9;34"
39,"89;20;12;11;10;1;5;4;8;2;2;1;16;1;7;0;4;0;2;0;5;0;1;0;15;0;1;1;117;2;76;7;11;5;0;2;0;0;1;0;1;0;1;0;4;0;0;0;4;0;0;0;4;0;2;0;7;0;1;0;100;4;52;4;10;106;4;74;3;2;0;6;0;2;0;0;0;2;1;2;0;1;0;1;0;0;1;1;1;1;1;0;1;5;0;12;13;41;1;50;0;1;0;4;1;0;0;1;1;1;0;2;3;4;0;3;0;0;0;1;0;2;0;2;6;7;4;16;76;20;8;14;14;0;6;3;13;0;1;1;17;0;5;2;8;0;3;0;2;0;2;2;10;0;3;0;119;1;61;6;5;4;0;1;2;0;0;0;2;1;0;0;3;0;0;0;7;0;1;0;3;1;1;0;7;0;1;0;93;3;54;4;16;125;4;84;2;0;0;5;0;0;0;1;0;1;1;1;0;1;0;0;0;0;0;0;2;0;0;1;2;3;1;10;11;54;0;50;0;0;1;3;1;0;0;0;0;1;0;2;5;3;0;4;1;0;0;0;3;2;0;3;9;6;4;11;79;19;10;5;10;2;6;3;10;1;5;2;17;0;10;4;12;0;4;0;5;0;1;1;19;0;1;1;101;4;59;9;14;5;2;0;2;0;1;0;1;0;0;0;4;0;0;0;8;3;1;0;5;1;2;0;10;0;2;0;81;2;52;8;19;101;3;79;2;1;0;5;2;1;0;2;0;1;0;1;0;1;1;0;2;0;0;2;2;1;1;1;2;4;2;8;7;43;0;42;1;3;1;4;2;1;0;0;3;1;0;2;5;4;2;2;0;0;0;2;1;2;0;3;16;9;4;16"
40,"74;10;11;33;14;3;32;49;23;2;3;1;22;1;25;67;16;0;1;1;0;1;5;0;18;2;2;0;46;5;67;37;6;0;0;2;2;1;0;3;1;0;2;1;1;0;4;0;12;0;0;0;5;0;2;0;22;0;0;0;52;4;29;14;7;10;0;16;0;1;0;9;3;1;0;3;1;1;1;4;1;0;0;0;1;0;0;0;2;0;0;1;2;7;4;11;8;8;0;12;0;0;1;4;1;0;1;0;0;0;0;3;35;3;0;4;3;0;2;13;38;0;0;1;18;5;16;28;76;16;9;31;13;1;26;69;21;4;1;2;27;1;30;71;16;2;2;0;1;1;5;1;17;1;2;2;49;4;59;32;10;1;0;1;2;0;0;2;1;0;0;0;2;0;3;2;13;0;1;1;4;0;1;2;15;0;2;1;48;0;27;7;7;11;2;14;0;0;1;10;6;0;0;2;1;1;0;10;0;0;0;0;0;0;0;0;4;0;0;0;1;2;3;6;10;6;2;11;1;2;0;5;1;0;1;0;0;1;1;2;45;3;1;4;5;1;2;13;20;1;0;0;13;6;15;33;77;14;12;25;14;5;27;50;26;3;2;0;13;5;27;66;15;1;3;1;3;0;5;3;14;0;1;2;48;6;53;28;10;1;2;2;3;1;2;0;3;0;2;1;2;0;3;3;16;1;0;0;3;0;2;3;24;1;1;0;52;3;25;10;7;6;1;12;1;1;0;8;2;1;0;1;3;1;2;7;1;0;0;1;0;1;0;1;1;2;0;1;4;1;4;10;9;5;1;10;2;1;1;7;1;0;1;1;1;1;0;4;41;3;3;4;3;1;2;9;28;1;0;2;12;8;18;39"
41,"93;26;29;37;6;4;12;24;9;1;2;0;9;6;16;15;5;2;1;1;1;1;1;0;10;1;0;1;36;2;32;23;28;0;4;5;2;0;0;2;1;0;1;0;3;0;0;0;9;3;3;0;2;0;3;0;7;1;1;0;12;0;12;12;17;81;2;85;1;5;2;21;4;1;0;1;0;5;1;11;1;2;1;3;0;0;1;0;0;3;0;2;3;7;1;16;17;42;2;25;0;1;0;9;1;1;0;2;1;1;0;3;26;6;1;6;3;1;0;9;9;4;0;4;9;10;10;27;96;27;23;38;10;5;14;20;13;2;1;2;7;9;14;21;4;0;0;1;1;1;1;0;12;1;0;0;35;1;28;20;23;1;5;5;1;0;1;0;0;0;0;0;1;2;2;1;12;3;3;0;2;0;1;2;7;1;1;0;10;2;13;11;21;79;3;86;3;0;1;20;3;0;0;0;0;5;0;11;3;2;3;1;1;1;0;2;0;3;0;3;5;6;0;11;21;37;0;32;1;1;0;9;2;1;0;0;1;2;0;2;25;7;0;5;2;1;3;9;9;4;2;5;13;7;5;28;100;27;36;34;12;4;10;11;12;2;4;2;11;4;17;12;6;1;0;0;4;1;1;1;7;1;0;0;41;2;28;18;31;3;7;2;1;0;4;0;0;0;0;0;3;1;0;1;8;1;1;1;1;0;1;2;9;3;0;0;11;3;12;10;19;72;4;76;3;2;3;19;4;3;0;1;2;6;1;10;1;2;2;1;0;0;1;0;0;5;0;2;3;9;0;12;13;42;1;25;0;0;0;6;2;1;0;1;2;0;1;3;24;8;1;7;2;2;1;14;2;6;0;5;9;11;12;35"
42,"42;5;5;11;3;0;11;23;9;1;1;0;10;0;18;15;8;0;0;0;1;0;0;1;16;0;0;1;147;2;71;20;7;0;0;0;0;0;1;0;2;0;0;0;2;0;0;0;9;0;2;0;3;0;1;1;25;0;0;0;118;0;61;3;8;54;2;65;0;0;0;8;1;0;0;0;0;2;0;2;0;1;0;0;1;1;0;1;2;1;0;0;0;15;0;15;8;22;1;32;0;0;1;4;1;0;0;0;0;0;1;1;17;7;1;10;0;0;0;4;21;3;0;0;17;12;6;20;53;6;6;8;2;0;7;25;12;0;2;0;13;0;12;15;5;0;2;0;2;0;1;1;15;1;1;0;137;1;63;18;9;0;3;0;1;0;0;1;1;0;0;0;1;0;0;0;5;0;1;1;1;0;1;1;21;0;1;0;125;0;58;5;5;58;0;69;0;0;0;8;2;1;0;0;0;1;0;2;0;1;0;1;1;0;0;1;1;0;0;0;1;18;0;13;4;22;2;34;0;0;2;1;1;0;0;0;2;1;0;0;19;8;0;7;0;0;0;6;29;2;0;1;18;8;6;24;45;5;9;7;3;0;6;24;9;1;1;0;12;0;12;12;7;0;1;0;1;0;0;0;17;0;1;0;146;0;72;18;9;2;3;2;0;0;0;0;0;0;0;0;2;0;0;0;5;0;0;0;0;0;0;2;19;0;1;0;129;1;54;4;6;58;0;68;0;0;1;8;2;0;0;0;0;0;0;6;0;2;0;1;0;1;0;2;1;2;0;1;1;17;1;13;8;20;2;31;0;0;1;1;2;1;0;1;0;0;0;1;17;10;1;9;0;0;1;2;23;2;0;1;16;9;7;25"
43,"71;19;11;18;4;1;4;9;13;0;2;0;17;1;19;22;9;1;0;1;3;0;1;4;15;1;1;1;63;3;24;7;5;0;0;1;1;0;1;1;0;0;0;0;1;0;0;0;13;1;0;0;3;0;1;1;31;0;1;0;63;3;40;7;12;41;1;49;0;0;0;12;0;1;0;2;0;1;0;8;2;2;0;0;0;1;0;1;2;1;0;0;2;4;2;9;42;26;0;23;0;1;0;4;1;0;0;2;0;1;0;0;95;12;2;6;2;2;4;17;53;5;1;1;8;7;17;20;67;13;10;22;5;1;4;11;18;0;2;0;18;0;16;22;9;0;0;1;2;0;1;4;14;1;0;1;59;2;21;9;4;0;0;1;0;0;0;1;0;0;0;0;2;0;1;1;14;1;0;0;4;0;2;0;29;1;2;0;63;3;39;7;16;47;1;48;0;0;0;9;0;0;0;2;1;0;0;8;1;3;0;0;0;0;0;0;2;1;0;0;2;8;2;8;45;29;0;29;0;1;1;2;1;0;0;2;0;0;0;0;92;12;2;6;2;1;3;16;51;5;1;1;10;8;18;19;68;14;11;20;4;1;4;13;12;0;1;2;19;0;14;24;9;1;0;1;2;0;1;3;13;0;0;2;66;3;23;5;6;0;0;1;0;1;0;0;1;0;0;0;1;0;0;0;14;1;0;0;2;0;1;1;33;1;2;0;61;3;39;7;18;47;1;39;0;1;0;10;0;1;0;3;0;0;1;8;2;2;0;1;0;1;0;0;2;3;0;0;3;8;2;6;44;29;0;25;0;1;1;4;2;1;0;1;0;0;0;2;93;8;2;12;2;3;3;16;47;3;1;1;10;7;18;18"
44,"55;10;13;20;2;1;4;35;12;1;2;2;9;2;12;24;4;0;0;0;0;0;0;1;6;0;1;1;34;5;18;16;23;0;7;0;1;0;0;1;1;0;0;0;0;0;0;0;6;1;1;1;0;0;4;2;17;0;0;0;45;0;23;4;13;44;2;62;0;0;0;15;0;1;1;0;1;1;1;4;0;1;0;1;0;0;0;1;2;2;0;0;2;18;0;18;29;31;2;24;1;0;1;8;1;0;0;0;0;0;2;1;89;14;1;6;2;3;2;15;83;6;0;4;20;24;9;29;55;11;13;23;3;0;6;41;8;2;1;4;8;2;12;25;3;0;0;0;0;0;0;2;8;0;1;1;38;4;22;16;23;1;7;0;1;0;0;1;2;0;0;0;0;0;1;0;9;1;2;0;0;0;4;1;19;1;0;0;41;1;20;9;12;41;1;58;0;0;0;14;2;1;0;0;1;0;1;5;1;0;0;1;0;1;0;1;1;2;0;1;1;19;1;18;31;27;1;25;1;0;0;11;1;1;0;0;2;0;2;2;80;13;0;5;1;1;2;17;72;5;1;4;20;23;10;30;56;9;17;21;2;1;5;38;8;2;2;1;10;2;13;26;3;0;0;0;0;0;0;2;6;0;1;1;43;5;20;15;18;1;7;0;2;0;0;1;1;0;0;0;1;0;0;1;6;1;1;0;0;0;2;1;24;0;0;0;38;1;25;8;15;42;2;65;1;0;1;14;0;1;0;1;1;0;1;6;0;1;0;0;0;0;0;2;1;1;0;1;1;17;0;21;32;28;2;24;0;0;0;10;1;0;0;0;1;0;1;2;73;13;1;7;0;2;1;13;70;7;0;6;17;28;10;32"
45,"90;10;25;25;10;4;15;61;21;3;2;2;12;2;22;62;5;0;0;0;2;2;3;2;9;0;1;0;38;3;26;27;14;2;2;1;1;0;2;4;1;0;0;0;0;0;0;2;10;0;0;1;0;0;2;3;10;0;1;2;29;3;23;18;12;26;3;40;0;2;1;18;0;4;0;1;1;2;1;11;1;0;0;1;0;1;0;4;4;0;0;1;0;5;0;14;17;17;3;14;1;0;2;11;0;1;0;0;0;0;1;6;49;11;2;5;4;3;2;12;18;4;1;3;7;10;13;39;91;8;19;29;11;3;16;68;22;3;1;2;13;6;23;60;5;1;2;0;2;0;1;5;10;0;1;1;27;4;25;28;14;2;1;0;0;0;2;4;0;0;0;0;1;0;0;2;9;0;1;0;0;1;1;2;10;1;2;1;24;3;18;12;13;34;2;41;1;1;0;15;1;3;0;1;2;1;2;11;3;1;0;0;0;2;0;2;2;0;0;1;2;7;0;18;20;14;1;14;0;2;4;11;0;0;0;1;3;1;0;9;59;9;3;4;8;1;4;15;16;1;2;3;6;9;7;33;93;8;21;32;11;3;21;72;18;2;2;2;10;4;25;73;7;0;1;0;2;0;2;4;11;1;1;0;28;4;22;27;11;0;2;0;3;0;2;3;0;0;0;1;0;0;0;3;9;0;1;1;0;0;1;4;11;0;0;1;24;5;16;12;10;27;1;37;2;1;0;21;0;2;0;2;1;2;2;13;2;1;0;0;1;1;0;1;1;2;0;0;5;6;1;15;19;20;2;13;1;1;2;13;0;0;0;0;3;1;0;5;46;12;1;5;5;3;3;13;18;4;1;4;4;7;4;40"
46,"141;13;6;18;12;4;8;59;36;4;5;2;11;1;9;79;17;4;5;1;1;1;1;5;9;2;1;4;10;1;6;22;16;3;2;0;1;0;2;3;3;0;0;0;0;0;0;4;23;2;2;1;0;2;2;2;11;1;1;1;4;1;8;7;21;0;0;4;2;3;0;10;5;4;1;0;2;2;1;9;7;2;0;0;2;0;0;3;3;1;0;2;0;2;2;10;27;4;3;6;4;2;3;9;7;0;1;0;2;1;2;4;59;10;5;7;10;3;5;25;26;11;4;7;14;9;19;37;137;17;5;11;10;2;10;75;30;5;4;3;13;3;8;73;20;6;2;0;1;1;1;3;11;0;0;1;10;1;7;18;12;1;2;0;2;0;4;3;4;0;0;0;0;0;0;2;25;2;1;1;2;1;2;2;14;1;0;0;9;0;3;7;19;4;1;7;1;3;0;8;3;2;1;0;0;0;3;10;8;1;0;0;0;1;0;1;3;2;0;3;4;1;3;10;28;6;4;7;4;3;4;3;5;0;0;0;2;2;1;7;68;10;2;10;7;3;5;25;29;7;2;9;10;11;21;42;141;10;7;10;9;3;11;47;26;4;3;5;12;1;10;77;18;4;5;2;1;2;1;4;11;1;2;2;8;1;5;14;16;2;4;1;3;0;1;2;1;0;0;0;0;0;0;1;15;5;1;0;0;1;2;0;16;1;0;0;6;2;6;9;20;4;2;12;2;2;0;10;1;5;1;0;1;2;0;7;4;2;0;1;0;1;1;2;2;2;0;1;2;3;1;15;26;9;5;7;4;1;3;11;6;1;1;0;3;0;2;7;83;12;2;7;11;1;8;28;32;10;3;5;14;9;19;36"
47,"119;21;13;15;16;6;7;66;27;2;2;0;22;4;14;47;17;1;3;1;3;0;1;5;10;4;6;3;21;5;11;10;17;3;3;3;0;0;1;1;7;0;0;2;0;0;0;1;10;3;1;0;3;0;1;5;12;0;2;1;18;2;7;11;28;22;2;11;4;2;1;3;2;1;0;2;3;0;2;4;6;8;0;1;1;0;0;2;1;1;1;2;4;3;1;11;28;25;3;15;1;0;1;9;4;2;0;0;2;1;0;4;42;15;4;6;1;3;2;13;28;9;1;5;17;13;11;34;131;21;13;16;22;6;6;58;28;2;3;2;20;3;18;43;15;2;3;1;3;0;4;10;10;5;3;1;21;4;10;9;16;2;1;2;0;0;2;1;6;0;0;3;0;0;0;0;9;2;1;2;2;0;2;6;15;0;1;0;16;1;7;16;24;19;2;12;4;1;1;6;3;2;0;0;2;1;2;3;7;6;0;0;1;1;1;4;2;2;1;0;5;4;1;12;27;20;2;13;1;0;1;12;3;2;0;1;2;2;2;4;34;15;3;9;1;4;1;9;29;8;2;5;19;17;6;35;126;18;15;22;13;5;8;57;26;1;2;1;19;4;13;46;16;0;1;0;3;0;2;3;14;3;3;2;24;3;11;16;17;1;1;2;1;0;1;2;4;0;0;1;0;0;0;2;12;5;0;0;3;0;0;5;10;0;2;1;19;1;9;12;21;22;3;10;2;1;3;9;4;0;0;1;3;2;2;4;5;6;1;3;0;0;0;3;5;2;0;2;3;1;2;8;25;17;3;8;2;2;1;6;3;2;0;0;4;2;0;3;46;14;5;6;0;5;1;21;37;7;0;3;18;17;8;42"
48,"112;25;14;38;8;4;10;55;15;3;1;2;5;4;10;25;8;2;0;0;1;1;3;2;6;1;1;0;17;6;4;17;18;4;1;5;1;1;3;2;1;1;0;0;0;0;0;2;7;4;1;0;3;1;0;5;9;1;2;2;39;5;4;11;25;30;6;56;1;1;3;21;6;2;0;0;1;0;0;9;0;2;0;0;0;0;0;5;1;4;0;3;3;2;1;12;18;30;4;22;1;3;1;10;2;3;2;0;2;1;0;5;37;9;1;12;0;3;3;15;27;8;2;9;10;15;7;35;109;24;20;25;11;3;11;51;18;5;1;2;7;4;14;26;8;3;0;1;4;1;3;1;5;3;0;2;21;6;8;18;13;6;3;4;1;1;3;2;1;0;0;1;1;0;0;2;9;1;2;1;1;0;2;4;9;1;1;1;41;2;8;8;20;28;4;65;4;1;1;20;2;0;1;1;1;2;1;7;3;3;0;1;0;0;0;3;2;1;0;4;1;7;0;17;16;23;2;22;1;2;1;7;3;1;1;1;1;0;1;5;34;10;3;11;2;1;5;10;28;8;1;8;12;17;4;39;107;26;19;26;9;3;8;53;17;4;2;3;5;3;10;22;13;2;0;1;2;1;2;4;7;2;1;0;15;7;10;19;11;5;2;2;2;1;2;1;1;0;0;0;2;0;0;4;13;2;1;0;2;1;0;5;8;0;1;2;39;2;7;10;24;29;4;60;4;0;3;22;3;1;0;1;1;3;0;11;0;3;0;2;0;0;0;1;2;0;0;5;2;8;0;13;22;24;4;23;2;2;2;5;5;1;1;0;1;0;0;5;34;12;1;11;0;2;6;15;28;8;1;6;9;17;7;39"
49,"178;17;5;24;14;1;22;124;69;3;4;2;8;6;6;34;5;0;0;2;0;0;2;16;5;0;1;0;3;1;4;10;7;1;0;3;0;1;0;3;1;0;0;1;0;0;0;2;4;0;0;1;0;0;0;16;6;0;1;2;2;0;0;15;12;6;2;11;0;1;0;13;6;0;0;0;0;2;2;4;0;1;0;1;0;0;0;3;1;1;0;0;0;0;0;3;14;1;1;1;1;0;0;6;7;0;0;0;1;1;2;0;17;9;1;19;1;1;3;72;35;15;2;8;11;2;6;86;174;16;8;18;19;1;18;106;65;1;3;2;12;5;6;26;10;0;0;1;1;0;2;16;7;0;1;0;2;0;3;10;12;0;0;4;0;0;0;1;1;0;0;2;1;0;1;0;7;1;0;2;1;0;0;16;7;0;1;0;2;2;1;14;16;7;2;8;0;1;1;10;10;1;1;1;0;1;0;3;1;3;0;1;0;0;0;1;1;1;0;0;1;1;1;3;14;2;0;4;0;0;1;3;6;0;0;0;1;1;1;2;20;9;1;15;3;0;2;81;45;12;2;11;8;4;11;80;186;12;4;13;11;1;15;86;66;1;2;0;9;5;10;16;7;0;0;0;3;0;0;12;13;1;0;1;3;0;1;10;13;0;0;1;0;0;1;4;2;0;0;1;0;0;0;1;5;1;0;2;0;0;1;14;12;1;0;0;2;1;5;14;18;6;1;7;0;0;1;10;11;1;0;1;1;0;0;2;0;4;0;0;0;0;0;3;2;0;0;0;1;0;2;3;20;4;4;1;0;0;0;3;6;0;0;0;3;0;2;1;26;10;1;25;4;2;1;78;45;15;5;13;11;8;10;83"
50,"94;24;14;34;14;2;17;53;23;2;1;6;10;5;16;55;9;2;1;5;2;1;3;3;15;5;0;3;7;1;14;24;10;0;1;2;2;0;2;2;2;0;0;0;2;0;5;2;21;4;1;2;0;1;1;2;8;0;2;5;8;1;7;6;12;21;3;17;1;1;1;18;2;1;0;1;1;2;8;16;1;3;0;0;1;0;0;2;4;4;0;3;2;1;3;11;40;18;2;8;3;3;3;9;3;1;0;0;3;2;3;11;31;18;2;12;4;2;0;17;30;7;0;6;18;6;13;45;87;20;16;23;10;4;11;43;23;5;2;5;15;3;12;45;13;1;2;3;1;2;3;1;14;5;1;3;6;0;11;34;12;1;0;2;2;0;4;5;2;0;0;0;3;0;1;5;17;3;0;2;0;0;1;2;13;1;1;2;3;1;9;4;19;17;3;20;3;1;2;15;3;3;0;2;3;3;3;16;1;4;0;0;0;0;0;4;2;1;0;3;1;1;3;7;45;18;1;13;2;3;5;10;5;0;0;0;4;1;2;11;39;30;2;10;4;4;1;13;35;12;1;4;18;8;20;43;92;19;17;26;8;4;16;51;23;5;1;5;11;6;11;51;14;3;1;3;1;1;1;2;10;1;0;2;8;1;12;27;7;2;0;3;0;0;3;2;2;0;0;0;3;0;3;2;14;4;1;3;3;0;1;2;8;1;3;2;6;2;9;7;21;14;0;20;1;1;3;15;3;2;0;1;3;2;6;21;0;3;0;3;0;1;1;2;6;3;0;2;2;1;3;11;40;21;3;7;4;3;5;6;4;0;1;0;3;2;3;6;41;29;3;12;3;3;1;14;32;9;0;5;15;8;15;49"
51,"123;3;4;5;8;2;4;139;68;0;0;3;2;0;4;47;1;2;1;0;0;1;0;7;2;1;1;2;2;0;5;24;4;1;0;0;0;0;0;12;0;0;0;0;0;0;0;0;6;1;2;0;0;0;1;5;2;0;0;1;2;1;3;16;5;6;0;6;0;0;0;19;2;1;0;0;0;1;0;5;2;0;0;0;0;0;2;4;0;0;0;1;1;2;0;6;6;1;1;3;1;0;0;18;3;0;0;0;0;0;1;5;111;12;2;19;6;5;7;17;114;8;3;3;25;9;10;53;125;6;5;7;9;0;6;138;64;0;0;3;0;0;5;49;1;0;0;0;1;0;0;10;3;1;1;2;4;0;4;27;4;1;0;0;0;0;1;8;0;0;0;0;0;0;0;1;4;0;2;0;0;0;0;7;2;0;0;0;1;1;4;14;3;6;1;5;0;1;0;24;1;0;0;1;0;0;1;7;1;0;0;0;0;0;2;4;0;1;0;1;0;0;0;8;6;1;0;2;1;0;0;16;4;0;0;0;0;0;0;7;113;17;4;21;5;4;5;19;112;5;1;2;26;9;13;43;118;4;6;5;8;1;7;138;66;0;0;1;2;1;3;48;4;0;0;0;2;0;1;9;2;0;0;2;4;2;4;25;5;1;0;0;1;0;2;9;0;0;1;1;0;0;0;0;7;0;1;0;0;0;1;4;2;1;0;0;2;0;2;18;3;5;1;6;0;0;0;23;4;0;0;0;0;0;1;3;0;2;1;0;0;0;0;4;0;1;0;1;1;1;0;9;8;1;0;6;0;0;0;12;3;0;0;0;0;0;0;5;112;19;2;17;6;1;7;19;112;3;3;7;28;6;12;48"
52,"150;37;27;17;21;7;18;39;29;7;5;4;18;3;13;46;16;3;1;4;3;2;3;5;6;3;1;2;11;0;3;20;20;4;2;3;3;4;1;2;2;1;1;0;1;0;3;5;13;2;0;1;2;0;0;5;9;3;1;2;2;3;4;12;28;4;2;4;4;1;5;12;6;4;4;0;2;0;0;10;4;1;1;1;0;2;1;3;2;0;1;1;2;1;2;11;15;1;1;3;1;2;5;8;3;1;0;0;2;1;1;15;38;9;1;5;7;4;11;19;31;6;2;6;15;6;11;40;159;33;18;19;20;6;17;41;29;7;6;2;18;1;12;47;21;2;1;4;1;2;2;7;8;1;1;3;10;1;4;18;16;4;2;4;3;3;1;2;3;2;1;0;2;0;2;5;13;2;0;2;3;1;0;4;6;3;1;2;2;3;4;10;29;4;3;5;4;1;6;10;3;4;3;0;3;0;1;11;2;1;1;1;0;2;2;2;2;1;1;1;2;1;2;9;18;4;2;1;1;1;5;8;2;0;0;0;1;1;1;15;44;7;2;6;9;3;9;20;31;5;1;7;12;7;11;46;168;35;21;18;16;9;19;35;24;3;3;4;21;5;14;35;15;3;2;1;0;0;3;5;11;4;3;2;15;3;3;28;16;4;1;2;3;2;1;3;4;2;0;1;1;0;2;7;17;1;1;1;2;0;1;2;7;1;2;4;11;2;5;9;28;8;1;7;4;0;5;12;4;1;2;1;1;1;0;10;4;2;0;4;1;0;1;4;3;1;2;0;2;1;4;11;17;1;1;1;1;1;7;7;5;2;0;1;2;1;2;12;29;8;4;6;7;3;8;15;21;7;6;5;14;5;14;43"
53,"124;22;10;17;10;5;15;91;25;4;1;3;8;7;17;71;13;2;0;2;0;0;0;6;11;1;2;0;2;0;4;7;7;2;2;4;1;1;0;4;1;0;0;0;1;0;1;4;14;2;1;2;2;0;0;0;13;1;0;0;0;3;1;10;16;4;1;7;2;1;2;12;5;0;0;0;1;0;0;6;5;0;1;0;0;1;1;3;2;2;1;0;0;1;4;7;27;6;0;1;1;0;1;8;3;2;0;0;1;0;0;4;135;13;3;8;8;2;4;23;58;9;1;3;13;6;6;36;122;18;10;21;12;7;18;87;29;3;2;5;6;7;18;71;14;4;1;2;0;0;0;7;7;2;2;0;1;0;2;14;10;2;2;1;0;0;0;1;2;0;0;0;1;0;1;3;14;1;1;1;3;0;0;0;11;2;0;0;0;1;1;14;18;3;2;6;2;2;1;15;8;0;0;0;0;1;1;8;6;1;0;0;0;1;1;2;1;3;1;0;1;1;1;9;33;7;0;4;1;1;3;6;3;2;0;0;1;0;0;5;115;13;3;7;4;2;4;28;52;5;2;3;9;8;10;34;128;22;17;20;15;5;13;86;27;7;1;5;12;5;13;58;13;0;1;5;2;0;1;6;9;3;2;0;4;0;4;12;9;4;2;1;1;0;1;4;1;0;0;0;1;0;2;3;15;1;1;0;1;0;1;5;12;2;0;0;1;2;3;11;19;5;1;5;1;1;2;14;9;0;0;0;2;1;3;11;7;0;0;0;0;1;0;5;1;1;1;0;0;1;0;7;27;4;0;4;2;0;1;9;4;3;0;0;1;1;0;5;104;12;1;6;10;1;6;17;51;6;5;4;10;3;6;43"
54,"131;15;10;14;13;9;15;47;24;3;1;5;9;2;7;39;17;0;1;2;2;1;2;6;7;2;0;0;3;1;4;11;11;1;1;1;3;1;1;2;2;1;2;1;1;0;0;2;18;1;0;1;0;0;1;1;9;2;0;4;3;2;3;6;22;8;1;3;1;0;0;5;3;1;1;0;3;0;1;9;9;0;0;1;2;0;1;1;5;0;0;1;0;1;1;6;33;4;1;7;2;1;3;9;4;2;0;0;1;0;0;6;172;17;4;21;7;5;4;18;47;11;1;6;12;7;12;37;137;16;13;17;13;10;11;48;32;6;0;8;9;1;5;36;14;0;2;1;4;1;1;7;4;1;1;2;2;3;3;12;14;1;1;3;2;1;2;1;4;0;2;0;0;0;0;2;16;2;0;1;0;0;2;2;11;2;0;3;1;3;3;6;21;7;2;4;3;1;1;7;4;0;0;0;2;1;1;6;9;0;1;1;2;0;1;1;1;0;1;1;1;1;1;7;30;7;2;4;2;1;3;8;1;1;1;2;2;0;2;7;159;20;2;16;8;2;4;20;48;6;2;6;8;7;13;37;154;16;7;16;12;5;13;58;26;5;1;7;12;1;7;35;15;0;1;2;3;1;2;6;9;1;2;2;1;2;3;13;14;1;2;3;2;0;2;1;3;1;0;0;0;0;1;1;20;2;2;1;1;0;2;2;16;2;1;2;2;3;1;8;25;12;2;5;4;1;1;11;2;1;0;0;2;0;1;7;11;0;0;0;0;1;1;1;1;1;0;0;0;1;2;6;31;7;0;9;2;1;1;6;2;0;0;0;2;0;2;11;124;13;5;14;2;4;3;24;34;6;4;9;17;10;9;39"
55,"156;23;7;18;10;6;14;29;24;4;3;5;10;3;9;84;20;5;3;2;1;1;0;4;15;6;0;2;8;3;4;9;16;1;1;3;0;0;1;0;2;0;0;0;1;0;0;1;17;4;3;3;2;1;1;4;8;1;1;0;1;1;5;5;21;4;2;3;0;0;1;11;3;1;0;0;0;1;3;11;6;3;1;0;1;0;0;1;4;5;0;0;5;2;2;7;20;4;2;3;5;1;1;10;4;0;1;1;1;3;3;15;86;14;3;7;10;2;13;23;23;10;2;6;12;14;9;47;158;25;7;15;12;4;15;23;28;3;2;7;11;2;6;89;24;2;1;6;1;2;0;4;17;4;1;2;3;1;2;7;11;2;1;3;0;0;2;1;1;1;1;0;0;0;0;3;22;5;2;2;1;0;1;1;5;2;1;1;3;1;4;7;15;3;1;6;1;1;1;11;6;0;0;2;0;1;4;10;6;2;2;0;1;0;0;2;1;3;0;0;2;3;4;9;29;3;2;2;5;1;6;6;3;2;1;0;1;3;1;14;95;13;3;6;8;1;11;22;23;5;1;7;13;12;7;53;149;22;8;14;12;3;13;27;23;5;3;7;10;3;11;82;21;2;1;5;2;1;0;4;18;5;1;1;7;2;1;11;13;4;0;3;0;0;3;0;3;0;0;0;0;0;0;2;18;4;3;2;1;0;2;1;6;3;2;3;4;0;3;4;16;10;0;5;0;1;1;7;4;0;0;2;0;2;4;10;6;1;2;0;1;0;0;1;2;2;0;0;2;3;3;8;31;5;2;3;5;1;3;6;1;1;2;0;2;4;0;16;111;17;5;5;10;1;10;20;24;5;1;4;12;11;7;48"
56,"186;15;12;13;11;5;5;14;22;4;2;2;13;5;5;38;20;6;1;6;2;1;0;3;15;6;4;3;4;1;4;8;20;2;4;2;2;1;1;0;2;0;0;0;3;1;0;0;11;5;5;2;0;1;2;1;6;2;0;2;2;4;3;4;29;8;2;3;1;2;8;8;3;1;1;0;0;4;3;8;3;2;3;0;1;0;0;4;7;2;1;5;3;3;5;12;25;5;1;4;3;3;3;6;3;3;0;2;4;3;1;8;99;21;5;8;8;3;5;24;18;7;3;5;10;12;7;59;181;16;13;9;6;6;6;10;21;1;4;1;8;5;3;35;20;3;2;3;5;0;2;3;13;6;4;2;5;2;8;7;27;2;4;2;4;1;2;2;0;1;1;0;1;0;0;1;14;6;4;1;1;1;2;2;10;2;0;2;5;1;1;5;35;6;2;3;1;1;3;8;4;2;1;0;1;3;2;9;10;4;1;0;1;1;1;3;4;2;0;4;1;2;5;8;28;4;2;4;6;2;3;4;3;2;2;3;7;0;0;13;108;13;3;7;11;4;10;18;21;10;3;7;14;11;9;49;174;19;8;14;11;2;12;18;20;7;0;2;5;5;7;32;20;4;2;1;2;1;0;3;12;5;2;7;8;3;4;9;19;6;3;1;4;1;2;3;1;0;0;0;0;0;0;0;16;4;1;0;2;0;1;0;7;2;2;0;7;2;3;7;23;7;1;5;3;2;2;9;3;0;1;0;3;3;3;8;4;2;1;2;1;0;1;3;6;2;2;3;5;0;6;5;24;6;1;2;2;3;1;7;4;2;1;2;1;2;0;12;130;15;5;10;11;2;12;14;20;5;0;6;20;12;10;53"
57,"169;28;26;27;18;4;21;24;16;1;5;5;16;6;12;17;20;5;1;3;3;2;3;6;13;3;1;3;7;7;8;20;22;1;2;2;3;3;1;0;3;0;0;1;2;1;2;2;13;5;2;2;3;1;1;5;6;4;2;0;3;6;8;21;27;4;6;5;1;4;4;10;6;2;0;1;7;5;3;7;6;2;3;1;0;0;1;3;4;3;2;1;6;5;7;12;17;9;2;6;0;2;4;7;3;3;2;2;3;1;6;11;22;7;2;5;6;2;4;20;9;5;2;10;10;9;12;46;177;30;33;22;16;7;13;15;24;5;3;3;18;4;12;12;27;8;2;0;6;2;4;5;15;4;2;3;10;2;12;18;17;2;2;1;5;1;3;3;4;0;0;0;2;1;5;2;16;3;2;2;1;0;2;2;11;3;0;3;9;2;10;22;11;10;3;10;2;0;7;12;6;3;0;2;6;1;2;10;4;3;0;2;1;0;0;4;3;2;1;0;5;4;6;8;14;8;5;3;4;1;3;7;5;1;0;3;5;2;1;12;19;9;3;7;4;2;5;16;7;7;1;8;9;12;11;52;170;18;24;20;16;5;19;15;15;3;10;2;14;7;4;21;25;7;5;2;3;1;1;8;12;3;4;3;9;6;8;14;20;5;5;3;2;0;1;7;3;1;2;0;4;2;1;2;17;2;3;2;3;1;0;3;8;6;1;2;9;4;12;15;20;8;4;7;2;2;1;18;10;3;0;1;5;5;5;6;1;4;1;2;0;0;0;4;4;3;0;2;4;6;4;12;10;7;4;6;2;2;6;6;5;3;2;2;4;2;3;7;29;12;1;7;9;3;6;16;6;5;2;9;10;9;16;49"
58,"178;26;25;11;21;5;15;7;31;3;3;6;16;5;13;9;27;6;6;6;2;2;4;1;9;3;5;3;11;7;9;14;27;3;2;3;2;2;1;4;5;0;2;2;3;2;3;3;8;3;1;3;5;0;2;5;8;6;1;4;4;3;7;15;35;7;5;9;6;4;4;3;4;4;0;1;3;1;2;6;6;3;2;2;0;2;4;7;3;2;1;1;0;2;8;13;21;5;2;3;5;6;1;4;1;0;1;1;4;6;3;8;13;10;3;6;5;2;5;11;15;11;3;9;12;10;14;46;191;25;30;14;26;4;15;5;21;3;6;6;12;4;13;13;20;7;5;4;1;3;3;3;17;4;3;3;9;10;12;13;18;6;1;4;2;0;4;2;8;0;2;2;5;2;0;5;12;3;2;2;4;1;4;4;6;5;1;4;4;6;3;12;27;6;4;10;5;3;3;3;6;3;1;1;4;2;1;5;5;0;1;4;1;0;4;5;3;1;1;3;0;0;8;19;15;6;2;3;7;3;1;6;0;1;0;0;5;5;4;8;15;8;4;7;4;5;5;16;16;9;2;6;11;10;13;49;183;30;24;19;22;5;12;6;21;0;4;4;15;6;13;10;17;7;2;4;4;3;4;0;12;4;3;3;14;4;11;14;20;2;6;3;5;0;5;4;4;1;1;1;6;1;0;2;13;6;1;2;3;0;1;7;10;4;1;6;7;3;7;16;24;9;5;8;6;4;6;10;3;2;0;1;7;0;1;9;6;1;0;3;0;2;3;10;4;2;1;3;2;1;7;9;19;6;4;3;2;5;1;4;2;0;1;0;4;2;1;11;20;9;2;5;3;2;3;7;22;11;2;6;15;11;12;52"
59,"196;34;20;20;21;5;19;16;25;5;2;4;11;3;8;18;18;3;2;7;6;1;0;7;7;7;1;4;12;4;6;14;20;4;1;4;2;3;4;2;3;1;1;0;3;0;1;2;10;5;4;1;4;1;6;5;8;4;2;5;2;3;2;9;22;8;2;8;8;2;4;14;6;3;1;2;7;1;5;7;7;5;0;3;3;0;1;3;0;2;2;2;3;0;2;9;19;12;2;5;4;3;2;7;2;0;1;0;1;0;1;13;17;12;3;7;8;3;6;18;14;5;2;8;8;10;11;50;184;29;21;28;22;5;19;15;26;5;3;7;14;4;7;20;21;4;2;7;5;1;0;6;10;4;3;3;7;3;4;13;21;4;2;3;3;3;5;3;2;1;2;0;3;0;1;2;13;6;2;2;3;2;5;6;10;2;2;6;2;1;4;8;26;7;2;6;6;2;5;14;5;2;1;1;4;0;5;7;1;3;1;1;4;0;0;6;1;2;1;3;3;1;2;9;19;8;2;6;3;3;4;5;4;1;1;1;1;0;1;11;20;10;3;9;9;5;5;17;11;11;0;9;7;10;16;50;186;16;16;35;21;5;19;19;30;5;2;6;12;4;4;22;16;3;3;6;3;1;0;7;7;4;3;5;8;3;5;14;18;6;2;2;4;1;4;3;1;0;1;0;1;0;0;1;16;5;1;2;6;2;6;2;10;3;1;6;5;2;2;12;21;12;2;4;5;1;3;24;6;2;1;3;6;1;2;6;4;5;0;2;4;2;0;1;1;2;0;4;2;0;3;9;23;12;3;9;3;3;2;12;3;1;0;1;1;1;2;4;20;15;4;2;9;3;4;18;8;8;3;6;10;11;13;57"
60,"137;38;12;26;13;4;5;20;17;4;3;2;10;4;11;22;12;4;2;2;2;0;1;3;16;1;2;1;19;1;7;11;22;3;1;4;2;0;1;2;2;2;0;1;4;0;1;0;13;7;1;2;1;0;1;2;13;3;2;0;24;3;5;4;32;20;3;33;3;2;6;16;4;2;2;0;4;2;1;8;3;2;0;5;1;0;1;4;2;2;1;5;0;4;2;14;29;15;2;8;5;3;0;12;3;0;1;0;3;1;2;7;25;13;2;17;4;6;2;19;20;10;3;8;11;17;11;43;140;40;15;29;14;2;8;22;16;1;3;1;13;5;12;25;13;4;0;0;3;0;2;3;11;0;1;2;16;1;6;13;20;3;2;3;3;0;0;3;3;1;0;1;1;0;0;3;10;6;2;2;0;0;0;2;15;4;2;0;22;4;6;8;33;18;3;21;2;0;6;18;2;3;0;0;5;2;1;10;6;2;1;4;0;1;0;9;2;5;1;5;1;3;2;12;28;11;0;9;5;4;1;12;2;0;1;0;3;1;1;6;32;10;3;15;4;6;2;20;25;11;3;7;10;15;6;46;134;32;14;26;15;4;6;18;14;4;3;6;9;2;11;23;13;4;3;2;1;0;1;1;13;3;2;1;18;1;6;11;24;11;0;3;2;0;2;2;2;2;0;1;3;0;2;1;16;2;2;1;0;0;1;1;15;5;1;0;22;5;5;6;35;14;5;26;4;2;4;18;6;1;2;0;5;2;0;5;4;2;0;8;0;0;1;3;4;1;0;4;4;4;1;18;26;15;2;7;3;2;1;11;0;0;2;0;5;2;3;9;30;11;2;15;4;5;2;20;23;12;2;8;8;17;9;47"
61,"174;31;11;36;12;11;14;89;24;2;2;6;6;4;7;27;9;1;0;2;2;2;1;13;11;1;0;4;7;1;1;5;15;3;0;4;2;0;2;6;3;0;0;1;0;1;0;1;12;4;0;7;0;0;0;6;6;1;0;4;3;1;5;7;28;5;4;4;2;2;4;19;2;2;1;4;3;0;4;10;3;1;1;3;0;0;2;6;2;2;0;1;3;0;2;7;22;5;1;7;3;4;4;14;6;1;1;0;0;1;1;6;25;4;1;4;8;1;3;28;30;16;3;12;12;4;6;54;167;29;10;43;14;10;13;93;15;6;3;7;8;1;6;25;10;0;3;2;2;2;1;12;12;3;0;2;4;0;2;5;13;4;0;3;2;2;3;7;3;0;0;1;0;1;1;4;7;2;1;5;0;0;0;3;6;1;0;4;6;0;4;9;28;7;3;6;3;3;7;23;3;5;1;3;1;0;5;7;4;2;2;3;0;0;2;8;3;2;0;0;2;1;2;6;24;5;1;6;5;2;5;11;5;1;0;1;1;1;1;8;36;6;0;5;4;1;1;20;34;14;2;14;11;7;7;41;166;30;11;25;17;7;13;98;22;2;2;5;6;3;5;22;11;1;0;2;1;1;1;10;10;1;0;3;5;2;3;6;12;2;0;4;0;0;1;7;4;0;0;1;1;1;0;1;16;1;1;5;0;0;2;5;6;2;0;3;6;0;4;7;30;6;2;6;2;0;4;22;3;2;1;4;1;0;3;11;4;1;1;3;0;0;2;6;5;2;0;1;3;1;2;4;29;4;1;5;3;2;4;7;6;1;1;2;1;2;1;6;40;7;0;4;5;2;3;33;37;13;2;17;7;8;9;47"
62,"175;19;16;26;16;3;13;20;18;6;0;5;9;2;6;21;13;3;3;6;1;1;1;1;11;1;3;3;10;5;5;17;22;2;2;1;0;3;2;7;5;1;0;1;1;1;2;0;15;9;2;4;3;2;1;4;6;6;3;2;9;6;3;10;35;14;3;15;2;3;7;8;5;2;0;7;3;0;2;4;7;3;1;4;3;1;3;5;3;0;0;2;4;1;6;10;30;8;5;4;4;3;1;11;5;0;0;1;4;2;1;6;23;17;5;10;4;2;1;16;19;14;2;10;12;11;9;47;176;23;21;24;19;2;10;28;26;2;2;6;15;4;7;15;18;5;2;6;2;2;2;6;9;7;2;4;8;3;7;10;27;4;2;3;0;0;1;1;3;0;0;0;1;0;3;1;16;6;2;2;5;3;1;2;8;5;1;0;6;3;4;16;36;11;4;8;2;2;5;8;1;2;1;4;4;0;1;3;6;4;1;2;2;2;1;2;5;0;0;2;5;4;3;11;28;6;7;3;2;2;2;12;4;1;0;0;5;1;0;8;20;13;5;9;5;5;6;20;15;7;4;10;14;11;11;47;166;29;14;20;11;4;15;31;30;5;1;7;11;1;7;17;17;1;1;6;2;1;2;5;13;2;0;1;5;2;4;11;21;2;3;1;1;1;2;3;5;0;0;0;0;0;0;2;16;3;4;2;3;1;3;5;8;7;1;1;7;5;2;9;33;6;5;8;4;2;4;9;4;1;0;4;3;1;2;3;13;4;2;3;2;0;1;7;3;3;1;2;2;5;1;16;33;5;3;7;3;0;4;7;4;0;1;2;0;1;1;5;25;18;6;10;7;5;6;20;27;12;2;9;18;8;12;49"
63,"139;25;14;17;16;10;7;86;28;0;4;1;7;4;13;19;22;2;2;2;0;1;3;9;10;3;1;1;13;3;5;9;14;5;0;1;2;0;0;1;5;0;0;0;0;0;2;0;15;2;3;3;0;1;0;8;13;0;1;3;7;0;1;4;21;5;1;5;2;1;3;7;3;4;0;0;3;2;3;12;6;2;0;0;0;0;1;1;8;1;1;2;5;2;2;4;21;5;1;1;3;2;1;5;6;0;2;0;5;0;0;7;38;9;5;10;1;3;2;30;64;16;4;11;22;7;8;61;146;21;14;12;16;3;7;82;28;3;5;3;15;2;9;18;20;3;2;2;1;0;0;6;16;3;2;3;6;4;6;8;18;2;2;1;2;0;2;1;8;0;0;0;1;1;0;0;17;2;1;3;1;0;2;9;11;1;2;0;4;3;1;5;27;6;1;7;4;0;2;7;7;0;0;1;3;2;0;5;6;2;0;0;0;0;0;3;5;1;1;0;5;3;3;9;16;4;3;1;5;0;1;5;6;0;0;0;4;1;3;5;36;9;4;8;3;5;3;31;64;13;4;14;18;12;9;61;141;19;16;17;14;2;16;97;33;1;3;3;6;3;6;24;12;2;1;1;3;0;0;7;12;3;3;3;7;2;4;6;20;3;1;2;2;0;1;0;5;0;0;0;1;0;1;2;18;0;1;2;0;0;2;7;19;1;1;1;9;2;1;3;24;8;2;3;3;1;1;8;3;3;0;1;5;1;1;10;6;4;0;1;0;0;0;2;7;1;1;3;5;4;4;5;11;3;2;3;7;0;1;4;8;0;0;0;4;1;1;4;35;8;6;6;2;3;4;24;60;13;2;14;19;15;7;68"
64,"161;27;9;32;14;5;16;70;25;4;1;4;14;3;9;32;17;1;1;3;2;2;1;16;9;2;2;2;2;2;0;6;17;3;1;4;1;0;0;5;2;0;1;0;0;0;0;5;14;1;2;1;1;1;0;11;6;2;0;0;3;1;4;9;27;6;2;5;6;1;1;9;5;1;1;1;2;1;1;9;4;0;0;1;1;2;0;1;4;2;1;1;3;0;0;12;14;6;1;5;1;1;2;8;8;1;0;0;1;1;0;6;43;12;3;8;1;5;3;25;64;8;2;13;12;3;9;59;159;22;10;29;10;5;16;71;26;4;3;3;15;3;8;30;11;1;1;2;2;2;2;17;10;1;0;2;2;3;0;9;18;1;1;3;1;1;1;4;3;1;1;1;0;1;0;6;13;2;3;2;2;1;1;11;11;1;2;0;4;2;2;7;22;8;2;5;6;1;2;12;7;1;0;1;2;2;1;8;4;1;0;1;1;3;0;1;7;1;0;0;1;0;0;15;11;6;2;7;1;1;1;7;9;1;0;0;2;0;0;5;40;15;1;8;2;3;3;28;54;12;2;11;12;7;7;65;156;21;13;34;16;4;15;60;26;5;1;2;15;4;9;29;14;2;4;3;2;0;2;13;8;2;1;3;3;2;2;13;16;3;1;6;0;0;0;3;1;1;0;0;1;1;0;5;13;3;1;1;2;0;1;12;7;2;0;0;6;1;4;11;20;5;4;2;4;3;2;12;10;0;0;1;4;3;1;9;4;1;0;0;1;3;0;3;3;1;2;2;4;0;0;8;15;9;1;2;2;1;2;7;9;1;1;0;2;1;0;7;40;8;1;12;3;6;4;28;52;13;2;15;12;4;11;55"
65,"105;24;16;17;20;7;20;104;15;4;1;4;11;5;20;131;10;1;1;5;3;0;1;5;6;2;0;3;4;2;5;25;14;2;1;1;0;0;2;4;0;0;0;0;1;3;0;3;8;1;1;0;1;1;0;0;4;2;1;0;0;0;2;8;14;1;1;1;1;1;1;12;1;1;0;2;1;2;3;12;5;0;0;2;0;0;1;2;2;2;0;3;1;0;1;5;21;2;1;2;1;0;1;6;2;1;0;1;1;0;0;13;116;13;2;8;4;4;7;17;33;5;1;2;4;4;8;29;103;26;14;19;14;6;29;73;15;3;0;7;6;7;24;128;11;1;1;2;1;2;3;4;8;2;0;1;5;1;1;24;9;1;1;0;1;2;3;3;1;0;0;1;0;1;1;1;10;4;0;0;0;1;2;1;5;1;1;1;1;1;2;7;16;7;1;5;1;0;2;15;2;1;0;0;0;1;1;16;6;0;1;0;2;0;1;2;2;0;1;1;2;0;0;3;20;3;1;4;2;0;1;9;3;1;0;0;0;1;0;8;129;10;1;9;5;4;7;7;44;7;0;6;7;2;6;35;117;17;14;24;18;6;22;63;22;4;2;3;9;5;15;87;11;2;3;2;1;0;2;5;8;4;1;1;2;0;3;17;10;2;0;3;2;0;2;1;2;0;0;1;1;0;0;4;10;3;1;2;1;1;2;3;7;3;0;3;0;0;1;7;18;7;0;4;3;2;4;13;8;3;0;1;2;0;2;16;2;2;1;0;0;2;0;3;2;0;0;2;3;1;1;6;22;3;3;2;0;1;2;14;4;0;0;0;0;1;0;9;123;15;3;8;5;5;7;15;32;7;3;2;12;4;4;48"
66,"160;21;17;23;13;6;14;11;24;7;2;3;10;3;10;18;17;4;3;2;4;2;1;3;9;1;2;3;10;1;6;7;19;2;1;2;1;0;0;0;1;2;0;0;2;2;2;0;15;4;1;2;4;2;0;1;4;3;2;1;7;2;6;9;27;16;6;5;5;4;4;8;9;4;0;1;3;3;3;4;5;4;2;3;3;2;4;4;5;3;0;0;1;2;0;16;38;10;2;10;6;5;3;11;3;2;0;0;4;0;2;7;77;18;6;9;6;3;6;13;19;10;0;8;11;15;12;38;156;27;16;24;16;5;19;15;22;7;2;4;14;2;16;18;17;2;2;1;5;4;1;3;11;3;2;2;10;1;3;11;18;3;2;0;1;2;0;2;2;1;0;0;4;1;1;1;18;2;4;1;2;2;1;2;3;3;1;1;4;4;4;9;28;8;4;5;6;1;6;9;7;2;0;2;2;3;2;4;4;4;2;2;0;0;2;6;4;4;0;2;2;1;4;14;34;10;0;4;5;1;2;12;3;3;0;0;6;3;2;6;75;20;4;8;7;7;5;9;18;12;3;4;14;10;10;47;148;21;19;19;8;7;15;20;25;5;1;5;10;2;11;12;13;3;2;3;7;1;3;1;11;1;4;2;10;2;7;15;16;4;1;4;3;0;1;1;2;2;0;0;3;2;1;0;15;4;6;1;2;1;1;1;4;0;1;0;3;6;6;8;37;9;3;9;3;2;8;10;9;1;0;3;1;3;2;6;6;6;2;1;2;0;1;4;2;3;1;1;3;1;2;12;46;12;5;4;7;4;2;10;3;4;0;3;2;2;4;4;79;17;0;9;3;0;5;14;18;13;0;7;16;12;12;42"
67,"179;23;28;25;23;8;13;28;17;4;2;3;13;5;8;14;23;4;7;4;3;2;2;2;13;4;2;7;10;2;8;9;23;1;2;4;0;0;2;4;9;1;0;0;2;1;2;1;14;6;1;3;0;3;2;8;10;4;1;1;5;4;8;7;19;10;5;8;2;1;9;6;4;4;2;1;3;4;2;8;4;4;0;3;0;1;1;3;3;3;2;2;10;2;6;16;21;6;5;5;9;6;3;4;3;1;0;1;1;2;3;5;20;11;3;8;3;3;0;12;7;4;3;6;11;17;6;63;184;20;28;24;27;12;14;23;20;3;3;4;12;6;10;16;15;4;6;4;0;3;2;3;13;5;4;6;7;3;7;7;17;3;5;4;0;0;3;3;4;0;0;0;1;1;1;3;15;5;1;4;0;3;3;10;14;4;2;2;7;3;6;15;21;12;5;6;3;2;7;7;3;2;3;1;3;3;2;8;4;5;0;3;0;0;1;5;2;4;2;2;10;2;4;15;21;6;2;6;7;3;1;9;4;1;0;2;1;2;3;5;19;9;4;8;5;3;1;6;7;4;2;7;12;15;9;59;166;29;30;25;18;9;14;24;15;6;2;5;15;2;9;13;18;4;2;2;2;1;2;3;11;3;0;5;10;3;12;11;25;0;2;5;2;0;1;3;5;0;1;0;3;0;1;3;22;4;0;1;2;3;1;6;12;4;0;2;8;2;9;13;29;7;4;10;1;2;10;9;4;3;2;0;3;3;3;10;6;4;0;3;0;0;1;3;3;3;2;3;7;3;4;19;22;2;3;10;7;4;2;7;0;1;0;1;0;2;3;4;19;9;4;9;4;4;3;12;7;3;3;6;20;18;5;58"
68,"165;23;18;13;19;4;15;20;28;6;5;5;11;5;3;15;21;5;2;4;2;1;2;5;11;3;1;6;7;3;11;7;25;3;0;1;4;0;4;2;2;0;1;0;3;0;3;2;25;8;2;4;1;1;2;2;11;1;3;1;3;5;5;13;30;9;1;4;3;1;5;8;4;1;0;0;0;1;3;7;8;1;0;3;3;0;0;3;3;0;0;0;4;2;5;11;32;11;4;2;4;3;2;12;4;0;0;0;2;1;4;9;29;15;4;8;9;1;4;19;31;8;2;4;15;18;14;50;170;21;14;20;17;4;17;18;30;4;4;5;11;3;8;14;25;2;0;4;1;1;1;4;13;2;1;4;5;8;7;11;35;4;1;3;1;0;2;2;6;0;0;0;0;0;2;1;24;10;2;1;0;1;2;3;8;0;2;3;7;1;8;15;28;9;1;4;5;1;3;7;1;4;1;0;1;3;3;8;6;3;0;2;3;2;0;2;4;3;0;0;3;0;4;15;36;9;6;3;5;2;2;8;1;1;0;1;3;3;5;12;22;14;2;12;9;1;4;17;21;15;3;2;14;18;9;45;177;19;21;20;13;4;14;18;27;5;1;5;11;5;7;13;20;3;0;9;0;2;1;4;15;3;2;2;7;3;8;16;27;5;3;2;3;0;3;2;5;0;0;0;2;1;2;1;13;6;3;1;1;1;1;2;12;3;4;3;10;2;5;8;25;11;4;7;2;3;2;13;5;3;1;0;2;0;2;9;5;0;1;3;2;2;0;1;0;3;1;1;5;2;2;9;31;9;4;6;5;3;4;11;4;0;0;0;2;2;3;7;32;18;2;4;7;2;4;18;27;8;2;3;13;15;6;60"
69,"144;22;29;15;21;4;14;15;17;1;5;4;18;5;47;56;10;6;4;2;2;1;9;6;18;4;4;2;15;5;18;33;25;5;2;3;4;1;2;3;1;1;0;1;3;0;0;6;11;3;0;1;2;1;2;4;6;5;1;1;11;2;8;11;32;13;2;7;5;4;5;7;5;2;1;0;3;2;3;2;2;3;2;1;1;0;0;3;1;2;0;2;3;2;3;19;12;7;1;1;2;2;1;11;1;0;0;2;4;2;0;6;14;9;2;4;3;3;5;14;16;6;0;3;13;7;10;44;137;23;29;15;20;4;20;20;17;2;6;3;19;7;47;57;11;5;3;5;2;0;5;3;18;5;3;4;19;2;11;29;18;2;1;5;2;1;0;5;1;2;0;0;4;0;1;3;16;2;3;1;0;1;2;6;8;4;2;0;10;3;4;12;28;13;3;9;6;1;3;13;3;0;0;0;4;1;5;6;3;5;2;1;0;0;0;2;2;1;0;2;2;5;5;19;15;6;1;2;4;3;0;10;3;0;0;1;5;1;2;5;14;10;2;5;1;2;2;12;6;10;1;6;16;12;7;46;145;21;27;20;22;1;16;17;18;4;2;2;18;5;48;56;13;4;6;2;4;3;3;7;18;4;3;0;15;2;22;30;24;2;4;2;2;2;2;4;4;0;0;0;3;1;3;5;14;4;3;1;0;1;6;3;7;4;2;0;11;3;4;16;23;11;2;3;3;5;3;13;3;1;2;2;4;2;6;5;3;5;2;1;0;1;0;2;1;2;0;2;0;2;5;16;11;8;1;1;4;4;0;8;2;0;0;0;2;2;0;6;12;6;1;3;0;1;5;12;9;13;3;10;16;6;7;46"
70,"167;23;11;25;13;7;13;30;20;7;1;3;17;2;9;11;15;8;1;10;2;0;0;6;17;6;2;5;5;0;5;20;29;4;3;4;3;0;4;1;3;0;0;0;1;1;0;4;15;8;2;2;3;1;0;6;8;3;1;1;7;4;7;10;23;10;3;12;5;2;4;9;7;0;0;0;5;2;5;8;7;0;1;1;1;0;1;5;7;1;0;2;4;3;5;17;33;10;2;3;6;1;3;9;1;2;1;1;3;2;5;4;21;15;3;8;6;4;5;13;17;10;1;4;13;15;12;45;173;29;13;29;13;4;15;28;22;0;1;3;16;1;8;9;19;6;3;6;4;1;1;4;14;6;2;5;6;1;9;13;31;7;2;2;2;1;3;3;5;3;0;0;2;1;1;0;15;4;3;4;2;1;1;0;12;4;0;1;8;4;7;12;24;9;2;13;3;1;4;9;7;3;1;0;4;2;4;7;5;2;1;2;1;0;2;3;7;3;0;2;4;1;4;17;23;6;2;2;7;1;5;10;4;2;1;0;5;1;2;8;22;13;3;14;8;2;4;11;11;10;3;2;16;17;18;39;175;27;11;25;13;5;12;31;20;3;2;1;18;3;6;19;12;4;3;9;3;0;4;5;13;5;4;5;9;1;10;11;26;6;2;3;1;0;5;5;1;0;0;0;3;0;1;0;15;3;2;3;0;1;2;1;13;4;0;1;7;4;7;16;28;9;2;17;2;3;3;8;8;2;1;1;3;2;3;9;6;3;0;2;1;1;1;3;8;1;0;2;3;3;3;12;25;7;2;2;2;2;3;9;1;4;1;1;4;2;3;5;27;17;3;6;7;3;2;10;12;8;2;7;15;16;18;47"
71,"148;23;17;36;17;5;16;22;23;1;1;2;14;5;13;21;21;4;1;5;2;0;1;1;16;5;4;2;5;2;10;14;27;2;2;3;0;0;1;0;3;0;0;0;2;0;3;0;16;3;1;3;0;1;1;3;11;3;0;2;10;1;7;6;40;17;1;15;3;4;3;10;6;2;0;2;2;2;3;7;4;4;0;1;1;0;0;6;8;2;2;0;6;4;3;11;31;15;1;3;4;5;1;13;3;0;0;0;2;3;2;3;30;12;2;8;8;4;5;8;16;11;3;9;19;6;9;51;146;23;23;32;19;3;16;26;21;3;1;1;11;5;9;17;21;5;0;5;2;0;1;2;17;4;2;4;10;3;8;11;23;2;3;4;0;0;2;1;2;0;0;0;1;0;3;0;18;4;1;2;1;1;0;1;15;2;1;1;7;2;4;11;34;14;2;9;3;4;1;15;6;3;1;2;5;3;1;11;8;6;0;0;1;1;0;4;4;3;0;2;3;3;1;17;37;8;1;3;3;4;2;15;4;2;0;0;1;4;3;4;23;11;1;11;6;2;5;12;17;14;5;7;21;10;11;47;151;20;16;31;19;6;15;27;20;1;2;2;12;5;11;26;18;3;0;4;1;0;1;1;10;7;3;3;14;2;12;17;25;5;2;1;2;0;0;1;3;0;0;0;2;0;3;0;13;3;0;4;0;1;1;3;9;2;2;3;6;1;7;9;33;16;2;16;4;2;1;12;6;1;0;0;4;3;0;5;5;1;1;1;1;0;2;6;9;2;0;0;4;7;5;13;38;12;2;10;3;4;2;7;3;1;0;1;1;3;2;4;29;14;4;6;6;3;5;9;19;10;3;6;18;11;11;47"
72,"129;33;17;24;13;1;23;13;14;3;4;0;25;0;12;14;23;3;1;1;5;2;2;2;12;4;3;6;14;5;11;20;29;3;1;3;1;0;1;2;4;0;0;0;2;1;4;3;16;5;0;2;1;0;2;5;19;5;2;0;11;2;9;5;28;27;1;11;3;1;7;9;4;0;0;1;2;1;4;13;3;1;2;3;2;1;1;1;4;1;3;2;1;3;3;15;26;12;3;11;5;5;5;9;3;2;1;2;1;0;2;5;18;11;2;8;5;3;6;12;18;12;2;6;23;8;5;58;136;29;19;24;8;3;22;26;17;5;3;0;21;4;11;10;24;6;2;1;4;1;2;2;14;6;1;8;16;5;10;17;26;2;3;2;0;0;1;2;3;0;1;0;2;2;3;1;15;6;0;4;1;0;2;1;19;6;1;3;12;3;8;9;30;18;2;12;3;3;6;7;2;1;0;1;1;4;4;14;2;2;2;3;1;0;0;1;4;2;4;2;2;1;3;17;21;9;4;11;5;1;7;13;5;1;0;1;3;1;2;9;12;11;0;7;6;2;6;10;15;8;3;4;23;12;9;54;117;36;22;24;9;3;20;18;16;5;3;1;21;2;9;14;25;4;1;0;4;1;2;2;15;4;1;5;13;8;11;16;34;4;1;4;0;0;1;3;3;0;1;0;2;1;3;2;18;3;0;3;1;0;3;1;15;5;2;3;14;3;7;7;34;22;3;14;3;5;7;12;4;0;0;2;2;0;3;19;2;1;0;4;2;0;0;1;5;1;3;2;2;1;5;10;29;15;3;11;3;3;6;6;4;2;1;2;2;1;2;8;13;12;1;6;5;2;2;11;14;11;2;5;22;6;11;58"
73,"134;30;23;27;20;3;15;17;19;5;0;1;9;2;11;11;11;4;1;5;0;0;3;0;14;3;1;3;9;8;10;25;15;6;5;5;2;0;2;5;2;1;0;1;6;1;1;1;20;7;2;6;1;1;0;5;16;7;2;3;11;6;10;4;37;18;5;6;4;8;4;16;2;4;1;2;3;0;2;13;4;3;1;7;1;0;1;6;5;5;0;2;3;4;5;8;24;13;3;8;3;0;3;5;6;1;2;1;5;1;1;4;13;12;3;14;3;3;0;9;19;10;1;5;24;14;6;50;146;25;21;28;10;4;15;15;17;3;0;0;12;3;10;12;12;3;1;7;0;0;3;0;14;4;2;0;13;7;7;21;14;6;5;4;2;0;3;3;5;2;0;1;3;1;0;1;19;4;2;6;1;1;1;6;17;8;2;4;14;6;9;4;35;18;5;11;4;5;7;15;3;4;1;2;3;2;1;11;3;6;0;6;1;1;1;4;4;4;0;2;4;3;5;9;28;14;4;9;5;0;1;6;3;1;2;0;5;0;2;9;16;12;4;9;3;3;1;10;17;9;2;9;26;13;7;45;132;29;25;28;18;3;14;20;18;5;0;3;12;5;11;14;14;4;1;5;0;1;4;1;13;5;3;2;16;8;10;21;18;5;1;2;2;1;4;3;1;1;0;1;4;1;1;2;19;4;3;9;0;0;0;4;14;7;1;4;15;7;8;8;33;10;8;12;4;2;3;17;4;2;1;1;5;2;2;9;1;1;0;6;0;1;1;3;6;2;1;1;2;2;2;11;26;12;2;7;1;0;4;6;7;2;0;0;1;0;3;8;17;10;4;15;3;2;1;15;18;12;0;2;17;20;8;51"
74,"144;23;16;24;12;5;16;13;17;5;2;2;10;3;9;11;15;1;2;5;3;0;2;3;16;1;1;4;5;2;8;6;21;2;2;1;0;0;2;0;3;1;0;1;3;0;1;0;21;4;0;2;2;0;2;3;18;7;3;7;36;14;7;19;39;13;3;39;5;3;4;20;3;1;1;1;4;1;2;1;4;3;0;12;0;0;1;5;0;1;0;4;3;6;1;11;24;9;4;11;4;0;3;14;4;1;2;1;6;5;2;7;15;7;2;7;3;2;5;12;15;5;1;11;22;9;9;43;134;20;20;28;17;7;13;12;19;3;4;2;8;3;12;9;18;2;1;3;2;0;2;5;15;3;0;1;10;2;8;7;19;4;3;2;1;0;2;1;6;0;0;0;3;0;1;1;20;3;0;2;1;1;3;2;21;5;0;6;33;13;7;16;38;19;4;39;6;4;5;15;2;3;0;2;0;1;2;2;7;2;1;16;0;0;1;1;0;0;0;6;2;2;2;10;21;11;3;12;7;1;3;11;5;1;1;1;5;3;1;6;19;5;2;9;4;2;2;12;14;6;2;11;27;4;12;43;135;20;17;28;15;5;12;14;16;4;4;3;10;0;11;9;19;3;0;5;3;0;2;4;16;4;1;1;9;4;11;3;23;2;3;1;0;0;3;0;5;0;0;0;1;0;1;2;24;5;0;1;4;0;2;1;21;8;1;7;39;11;7;14;34;12;1;42;8;2;4;20;3;1;0;2;0;0;1;2;5;2;1;16;0;1;2;2;2;0;0;7;4;3;4;6;21;9;2;12;4;2;4;11;5;1;1;1;4;4;2;4;17;4;4;10;4;2;1;9;18;6;2;9;26;11;14;39"
75,"132;24;15;23;10;4;15;49;25;1;4;5;15;3;18;25;7;2;2;1;4;0;5;14;16;1;0;3;11;0;8;9;11;3;2;1;0;0;1;1;4;0;0;0;3;1;1;3;15;0;2;3;5;1;2;8;23;7;1;4;10;0;8;13;21;7;1;7;1;2;1;11;6;2;0;1;4;2;5;8;4;2;0;1;1;0;0;5;2;1;0;1;1;1;0;7;25;7;3;4;1;1;3;9;2;0;3;1;1;0;3;5;37;11;1;11;5;1;6;19;54;16;2;10;29;7;11;47;134;27;18;26;10;5;12;60;20;1;4;3;14;4;11;29;12;3;0;5;2;0;3;14;15;1;1;2;12;0;8;4;9;2;0;2;1;1;2;0;5;0;0;1;2;0;1;3;15;0;1;2;5;1;1;8;21;7;0;6;13;1;7;15;23;7;1;7;2;2;3;9;4;2;2;2;1;1;1;7;5;1;1;0;1;0;0;5;6;1;0;1;5;2;2;2;25;4;4;7;2;1;1;7;2;2;2;0;3;1;2;6;43;9;3;7;2;1;6;19;48;15;2;10;24;7;7;54;127;28;17;23;5;6;17;54;14;2;3;5;17;4;18;25;14;2;0;3;1;0;2;14;16;1;0;3;8;1;6;11;10;0;2;2;1;0;1;0;4;1;0;0;0;1;0;2;16;2;1;2;4;0;1;8;24;5;1;8;9;1;6;18;25;11;2;5;2;1;3;9;4;3;1;2;0;1;3;8;4;3;1;1;2;0;0;4;3;1;1;1;4;1;0;2;27;5;4;6;1;0;3;5;4;1;1;0;4;0;3;8;41;7;1;10;8;1;7;15;56;15;1;16;27;2;10;50"
76,"152;21;24;25;17;9;12;64;24;3;2;6;8;2;5;27;7;4;1;0;0;0;1;10;10;2;2;1;6;0;2;12;17;5;1;3;0;3;0;3;4;0;0;0;2;1;0;1;17;3;0;7;3;0;2;6;17;3;2;1;7;1;0;8;30;8;4;7;2;0;2;21;5;0;0;2;3;0;2;12;6;2;0;2;0;0;0;6;7;3;1;3;4;2;1;7;28;7;2;3;1;3;2;17;0;2;0;2;3;0;1;4;38;16;7;14;2;4;1;18;28;18;1;3;21;11;7;42;134;21;24;36;21;8;11;55;16;7;1;4;13;2;7;23;12;4;1;1;0;0;1;9;10;1;2;0;6;2;2;11;25;4;2;2;2;2;1;5;3;0;0;0;0;1;0;0;19;3;1;5;2;1;0;6;16;2;1;1;6;1;2;5;35;9;3;9;0;0;2;16;6;4;0;2;3;0;2;10;9;1;1;4;0;0;0;5;5;0;1;1;4;1;2;9;28;8;4;1;1;1;0;13;0;1;0;4;3;0;2;3;48;13;6;15;6;4;1;17;31;17;3;8;19;10;7;43;142;29;20;36;20;8;14;77;28;4;3;3;7;2;10;23;5;1;1;2;3;1;0;8;8;2;3;0;4;1;5;6;13;4;2;1;1;4;2;1;1;0;0;0;2;1;0;1;20;4;2;6;1;1;1;5;16;1;1;1;5;1;2;6;32;5;2;6;3;1;3;14;7;2;1;0;5;0;2;8;8;1;1;2;0;0;0;3;5;2;1;2;4;2;1;9;30;10;3;3;2;4;1;10;2;1;0;1;2;0;5;5;44;17;3;13;2;4;1;15;32;13;1;10;13;9;13;41"
77,"136;15;16;28;17;7;13;115;30;4;1;4;9;4;5;16;10;3;1;2;2;0;1;7;12;0;0;3;4;0;2;8;15;3;3;0;1;2;1;1;2;0;0;0;0;1;0;6;12;7;3;5;3;1;1;8;17;0;0;0;3;0;4;8;21;4;4;4;3;1;2;10;8;3;0;1;2;1;3;7;6;0;0;1;1;0;3;2;4;2;0;3;1;1;1;5;13;6;1;3;1;3;1;4;9;0;0;2;1;1;1;5;38;8;3;6;7;0;3;17;76;13;3;14;16;13;19;51;139;24;14;27;22;5;14;105;22;3;2;5;13;6;6;15;8;3;1;2;3;0;1;10;7;1;2;3;5;1;2;11;11;2;3;0;4;1;2;1;1;0;0;0;0;1;2;4;10;7;2;3;2;1;2;6;21;0;1;1;5;0;2;14;18;10;4;7;4;0;2;7;8;2;0;1;4;1;2;6;8;0;0;2;0;0;1;3;6;1;0;1;1;1;3;7;16;4;1;5;0;2;3;4;6;1;0;1;0;2;0;6;40;7;1;8;4;1;2;19;83;14;3;12;13;10;14;41;137;25;14;27;24;4;15;96;26;2;1;2;9;6;6;13;12;3;2;4;2;0;1;6;10;1;1;1;6;0;4;7;13;2;4;2;1;0;2;1;3;0;1;0;0;0;1;5;11;6;0;2;2;0;1;8;21;0;0;1;3;0;1;14;24;9;4;5;2;0;2;7;5;4;1;0;3;0;1;7;5;2;0;1;0;0;2;2;5;1;0;1;2;2;4;5;15;4;1;5;3;2;3;4;5;2;0;0;1;1;1;5;43;7;4;10;4;2;2;21;85;12;4;13;14;11;9;53"
78,"166;29;24;16;18;2;15;25;18;2;0;6;15;5;11;18;15;7;2;3;1;0;1;7;15;3;1;3;8;3;7;14;30;2;5;0;7;1;2;2;3;0;0;1;1;1;3;2;17;2;2;4;1;0;1;4;10;5;2;2;6;1;6;12;23;7;6;8;3;2;4;7;4;4;0;3;3;1;5;5;6;1;0;0;3;2;1;5;2;2;0;3;2;6;5;13;24;10;2;7;6;0;6;8;2;2;3;0;3;0;1;7;36;6;4;6;10;3;3;13;23;11;0;6;13;13;15;50;154;25;18;22;18;2;19;25;14;10;2;5;18;5;10;15;15;7;2;4;0;0;2;3;16;5;0;0;12;7;8;14;36;5;6;1;5;1;0;3;1;2;0;0;1;0;3;3;17;5;0;1;2;1;3;3;8;3;1;5;7;1;6;9;23;12;5;6;3;0;2;7;5;4;1;1;2;1;1;7;8;2;1;2;2;2;0;6;1;1;0;1;4;4;4;14;21;8;0;7;10;4;4;9;4;1;1;1;4;3;3;5;38;8;6;5;7;1;3;16;15;13;1;6;15;12;14;51;162;25;24;15;20;2;17;24;15;4;3;6;14;3;13;9;19;3;1;2;0;1;2;2;11;3;3;5;7;5;4;20;23;2;1;2;7;2;3;2;4;0;1;0;2;1;3;5;12;5;2;3;2;1;3;1;12;3;1;1;11;6;3;11;24;9;3;7;5;4;5;7;5;2;0;2;2;2;5;7;7;3;1;3;2;0;0;4;4;3;0;3;4;1;7;16;21;12;3;11;5;0;4;17;1;1;0;2;5;0;2;6;35;13;4;4;6;2;3;13;18;11;2;4;23;14;15;41"
79,"135;18;14;23;11;3;10;23;18;6;4;4;7;5;18;59;13;4;0;1;1;0;0;3;8;4;1;2;3;3;7;21;17;2;2;2;1;1;1;3;3;1;0;1;2;1;1;2;15;5;1;0;0;1;0;1;11;1;1;4;7;1;4;5;20;8;5;4;2;0;4;7;7;1;1;2;3;1;4;7;8;2;2;2;0;0;1;1;4;2;1;1;2;4;0;15;26;6;1;3;1;6;6;18;1;1;0;0;1;2;0;6;108;15;1;4;7;5;4;16;63;7;1;9;10;8;10;31;118;21;10;16;12;3;11;27;19;7;4;4;9;1;16;57;13;2;2;2;0;0;2;2;11;3;3;4;4;1;11;18;13;4;0;2;5;1;1;2;3;0;1;0;2;0;2;1;17;5;0;1;0;1;1;1;14;3;0;3;9;1;3;3;18;6;2;5;5;1;2;3;5;1;2;1;1;1;2;13;6;4;2;2;0;0;1;3;3;2;1;1;2;1;1;11;32;10;1;5;4;2;3;13;1;0;0;0;1;1;0;6;134;13;1;4;7;4;4;15;69;10;0;6;12;9;8;29;126;19;11;20;11;1;14;34;22;3;2;7;10;1;17;52;15;1;2;1;0;0;1;2;13;4;1;4;5;2;6;22;15;2;0;2;1;0;2;2;4;0;1;0;0;0;1;1;23;2;1;1;2;1;0;2;10;1;0;3;10;3;2;4;20;7;2;4;4;0;2;4;4;2;1;1;0;1;3;9;5;3;3;1;0;0;0;2;1;3;1;0;3;2;1;15;25;7;2;5;4;2;5;14;3;0;0;0;1;1;0;7;122;14;1;5;9;2;6;12;67;8;2;7;14;10;10;30"
80,"151;36;28;29;14;6;17;17;22;4;3;3;9;8;7;23;21;5;3;3;2;0;4;5;12;1;2;4;5;4;7;17;13;8;0;3;1;2;4;2;6;0;1;0;3;1;3;2;15;3;0;1;2;2;2;4;6;5;0;2;5;2;6;6;24;9;7;9;8;0;4;12;5;1;3;1;1;2;4;6;7;0;0;3;0;0;0;3;5;1;1;3;4;6;3;7;31;13;6;2;6;5;1;5;2;1;0;1;6;2;4;8;24;14;6;14;3;5;5;15;15;8;3;9;12;11;7;59;165;27;26;25;14;4;16;17;19;10;2;4;8;1;8;21;14;6;3;7;5;0;3;6;12;3;4;5;7;2;4;17;16;4;0;1;2;0;3;2;4;0;0;1;2;0;0;0;13;5;2;3;2;1;3;8;4;6;0;1;5;2;9;6;28;13;7;14;8;1;7;10;3;2;1;0;4;3;5;6;4;4;1;0;1;1;0;4;4;1;0;4;2;3;4;9;22;16;6;5;9;4;1;6;3;1;0;1;6;1;2;7;31;9;2;12;4;3;4;14;16;12;2;10;16;11;9;55;154;29;29;26;18;6;14;20;26;4;1;5;11;2;12;20;21;5;1;3;2;1;5;3;11;1;5;3;5;4;3;21;15;5;5;1;1;1;1;4;3;0;1;0;1;1;0;0;14;6;1;2;0;3;0;4;4;2;0;2;4;4;8;9;27;12;9;5;5;1;4;11;3;1;1;2;1;2;5;6;2;0;1;4;0;0;1;4;3;2;1;3;4;5;3;11;21;10;3;4;8;3;6;18;5;1;0;0;5;2;2;6;30;18;3;8;4;6;6;20;14;9;2;6;15;15;8;54"
81,"99;31;13;16;5;2;8;41;13;2;3;2;9;1;24;108;13;5;0;1;1;0;2;1;7;1;0;4;6;2;12;17;12;4;0;0;1;1;0;4;3;0;0;0;0;0;3;1;18;2;0;4;1;0;1;0;8;2;1;0;0;1;2;2;25;11;3;7;1;2;2;18;3;1;0;1;5;2;2;7;1;0;0;0;1;0;0;5;3;0;0;0;1;0;2;7;32;22;2;6;2;0;2;12;2;1;1;0;1;2;2;4;98;13;2;5;4;2;4;14;80;12;3;5;15;4;11;31;103;26;14;17;4;2;13;36;10;2;3;2;12;1;19;116;13;4;0;4;0;0;1;1;7;1;1;1;5;2;14;15;15;2;0;0;1;0;0;2;3;0;0;0;0;0;3;3;17;4;0;3;1;1;1;0;7;3;1;1;3;1;4;1;29;13;1;8;3;0;2;12;5;0;0;1;1;1;2;8;1;0;0;0;1;0;0;4;4;0;0;0;1;0;1;9;26;20;4;6;4;0;3;10;3;3;0;0;2;2;1;5;93;21;2;4;4;2;2;17;84;10;6;6;11;5;10;25;99;25;15;19;5;2;8;38;10;2;3;4;11;2;20;109;12;1;1;4;0;0;1;4;9;3;1;2;8;2;16;14;12;2;0;0;0;1;0;4;0;0;0;0;0;0;3;0;18;4;1;2;1;1;2;1;5;2;0;0;2;1;3;1;24;14;2;7;2;1;5;14;5;1;0;0;1;2;2;12;3;0;0;0;0;0;0;2;5;0;0;0;1;1;2;8;28;20;3;5;4;0;2;11;4;1;0;0;3;1;1;6;95;18;4;5;6;3;2;12;79;12;5;7;13;7;8;29"
82,"148;29;22;24;18;5;9;15;20;5;10;6;11;1;18;19;15;5;2;1;3;0;3;4;13;2;3;5;17;3;13;12;19;7;4;2;2;3;3;4;5;0;0;0;1;0;2;0;17;2;2;1;4;3;1;3;10;2;2;5;4;5;1;12;16;13;1;7;3;6;6;15;3;1;1;1;7;2;5;14;5;2;1;1;0;1;0;3;5;5;2;0;3;0;7;15;18;15;4;3;9;6;2;10;2;0;1;0;3;4;4;7;23;12;6;7;3;5;5;13;15;7;1;3;22;13;8;55;138;30;21;24;15;1;11;14;16;5;5;8;16;3;19;16;20;4;2;2;1;2;3;2;16;2;4;3;16;3;12;17;21;5;4;1;6;0;1;7;3;1;0;1;1;2;2;0;22;1;4;3;4;3;2;4;11;4;1;5;2;3;6;6;28;11;3;6;3;6;5;15;4;3;3;0;5;1;5;6;5;3;1;1;0;1;1;1;5;1;1;2;4;1;4;11;23;17;1;2;5;6;5;11;5;0;0;0;3;6;1;11;30;13;3;3;5;5;4;10;11;8;1;9;20;10;15;48;139;30;18;28;15;3;15;14;14;5;6;7;15;4;18;12;16;3;0;2;3;1;3;4;13;5;5;2;19;1;12;12;20;4;2;7;5;0;2;4;5;0;1;0;1;0;1;2;19;1;4;2;4;3;1;2;11;3;4;6;5;6;4;15;19;17;2;10;4;4;2;14;2;2;2;0;7;4;7;9;5;3;0;0;0;2;0;3;4;3;1;1;2;2;8;16;31;13;4;7;5;6;3;10;2;0;0;1;5;4;3;7;17;12;2;5;4;6;2;11;15;8;1;5;25;10;14;43"
83,"94;19;15;22;8;3;9;20;21;3;8;2;4;2;14;24;15;3;1;2;3;1;3;0;15;0;1;2;8;1;17;15;26;6;0;0;0;3;0;1;0;2;0;0;1;0;0;1;18;1;3;4;2;0;0;1;11;0;2;2;10;2;7;11;21;15;4;11;1;3;2;12;5;1;1;0;1;1;3;10;3;2;0;4;0;0;1;0;6;0;0;1;2;1;5;11;33;38;2;14;2;7;3;6;2;1;0;0;1;1;1;4;89;30;2;10;2;4;2;3;62;11;0;4;29;15;15;35;92;20;10;18;10;1;11;18;21;4;7;5;7;0;15;19;17;2;2;4;2;0;1;0;15;1;1;3;10;2;14;15;24;7;0;2;2;1;1;1;1;0;0;0;1;1;0;1;17;1;4;4;2;0;0;0;14;0;2;0;7;2;7;12;26;15;5;13;2;3;3;9;5;0;1;0;0;2;3;9;6;2;0;3;0;0;2;1;5;1;0;1;3;1;5;12;37;45;3;13;2;8;4;4;1;1;1;0;0;2;1;3;83;28;0;9;2;1;5;3;61;10;0;5;31;18;9;35;93;26;16;23;7;3;9;13;20;3;6;4;4;1;11;18;17;3;2;2;2;0;3;0;11;4;0;2;9;0;16;19;19;6;0;2;2;0;0;1;1;1;0;0;2;0;0;3;17;2;2;3;0;0;0;0;18;0;1;4;9;1;13;8;24;12;5;10;2;3;2;15;4;1;2;2;2;1;4;9;4;2;0;3;0;0;0;2;7;0;1;0;2;0;3;8;42;40;4;12;4;4;2;9;2;1;1;0;1;3;0;5;72;29;3;12;2;3;3;5;64;13;1;2;36;12;10;35"
84,"134;20;20;32;12;6;15;25;26;6;0;3;14;5;23;23;17;2;4;2;5;4;3;0;12;5;2;1;13;4;13;24;19;2;2;3;2;2;1;6;3;0;0;0;1;1;0;4;19;3;0;3;1;1;2;1;13;6;3;1;9;6;8;10;19;10;3;12;3;0;4;11;4;1;1;1;3;4;3;13;1;2;2;1;0;1;4;4;5;1;0;1;3;3;4;17;22;8;2;2;7;6;1;7;5;0;0;0;7;3;1;8;35;13;2;6;3;3;2;10;22;8;3;3;27;13;14;33;126;16;19;29;12;4;16;26;25;4;2;5;12;6;23;18;7;5;3;1;3;3;4;1;13;2;2;0;10;7;13;26;25;4;1;3;0;0;1;4;1;0;0;0;4;0;3;3;15;3;0;3;1;1;1;3;18;7;2;1;10;5;8;11;26;13;3;14;4;1;3;10;3;1;0;0;5;4;3;15;3;3;1;5;2;0;1;3;6;2;0;3;0;1;6;15;27;8;4;3;5;6;0;9;2;0;0;0;4;0;2;6;39;13;1;7;2;2;3;12;22;9;2;3;34;16;10;36;127;18;22;32;14;4;20;31;22;3;2;1;12;7;17;26;13;3;2;3;1;5;3;1;16;2;1;3;15;5;14;22;18;4;2;1;1;2;2;3;3;0;1;0;2;0;1;2;23;3;0;1;2;1;2;3;15;5;2;3;9;2;8;10;22;9;2;13;2;1;4;9;3;2;1;1;2;4;3;16;1;1;2;3;1;1;0;3;5;1;0;1;2;2;9;15;23;7;3;2;6;3;0;12;2;0;0;0;5;2;4;3;40;14;3;8;5;3;2;8;20;8;3;4;28;13;15;39"
85,"61;14;11;16;10;1;11;47;8;0;1;2;9;2;19;41;11;0;1;0;4;0;3;0;17;1;2;0;25;2;57;18;17;0;2;1;1;0;1;1;1;0;0;0;1;0;1;0;13;2;0;0;1;0;0;3;34;2;1;0;36;0;24;5;16;12;0;8;3;2;0;1;5;0;0;1;1;1;0;10;3;2;1;0;0;0;0;0;1;2;0;1;1;3;2;2;32;13;0;7;2;1;4;4;2;2;0;1;0;0;1;2;123;21;2;5;3;1;3;8;88;4;0;2;25;9;6;34;68;14;13;14;9;3;9;50;5;1;0;1;14;2;17;36;6;1;2;2;3;1;2;0;19;2;2;0;29;2;51;22;16;3;2;1;0;0;1;1;1;0;0;0;1;0;0;0;17;1;0;1;2;0;0;2;29;3;0;0;37;1;23;4;17;8;0;9;3;2;1;5;1;1;0;1;1;0;1;7;3;1;0;0;0;0;0;1;1;2;0;0;4;0;3;4;33;17;1;4;3;0;2;3;3;2;0;1;0;0;2;1;113;23;3;7;5;1;3;6;84;8;1;2;24;10;11;29;62;12;15;15;12;1;6;52;11;0;0;0;13;3;15;34;11;1;2;0;3;0;3;1;17;1;1;3;22;1;50;28;14;1;2;3;1;0;1;0;2;1;0;0;1;0;0;0;15;1;0;1;1;1;0;3;25;1;1;0;36;1;20;8;17;13;0;12;1;1;1;9;3;2;0;0;0;1;1;8;4;1;0;0;0;0;1;0;1;1;0;1;4;2;2;5;27;13;1;6;1;0;4;5;2;0;0;0;0;1;3;1;117;26;1;5;3;1;2;6;94;5;2;2;25;8;8;29"
86,"80;25;15;31;8;1;8;18;7;0;0;4;7;1;7;8;6;5;0;3;2;1;3;2;10;2;0;2;15;4;5;14;24;4;4;0;4;0;1;1;3;0;0;0;3;0;3;1;11;1;1;1;2;2;0;0;17;3;0;4;20;6;7;12;33;21;10;92;1;2;3;14;2;2;0;2;2;0;3;9;4;3;0;5;0;0;0;3;2;3;0;3;4;0;3;6;29;25;5;17;2;0;3;4;4;3;0;0;1;4;1;3;62;20;3;9;5;1;2;10;46;14;1;7;23;15;6;38;82;25;11;34;10;0;11;18;6;0;0;3;9;0;3;12;7;4;1;4;3;1;2;0;8;3;1;2;13;3;5;15;20;3;3;1;1;0;1;2;3;0;0;0;3;1;0;0;10;0;1;2;3;1;0;1;17;5;1;2;24;5;9;10;35;23;7;87;1;2;6;18;2;2;0;2;1;1;2;7;4;3;0;5;0;0;0;3;3;3;0;1;2;0;2;4;33;25;4;19;4;0;5;4;2;2;0;1;1;3;2;6;66;19;2;11;5;2;2;11;48;13;1;6;19;13;7;37;80;24;12;31;7;1;5;15;3;2;0;1;10;0;6;9;5;2;3;7;2;0;5;1;12;2;0;3;11;2;7;17;20;3;3;2;1;0;0;1;3;0;0;0;4;0;0;2;13;2;1;1;4;2;0;1;21;5;0;3;15;4;7;11;32;20;10;91;2;2;7;14;2;1;0;2;0;1;4;7;2;2;0;5;0;1;2;3;4;3;0;2;3;1;1;10;36;27;4;14;4;3;3;9;5;3;0;0;2;3;1;3;62;19;1;12;4;1;3;11;46;12;1;7;25;16;8;31"
87,"114;22;21;41;13;1;11;34;19;3;2;2;13;2;7;22;14;2;3;6;2;0;1;6;12;3;3;1;6;6;7;9;16;2;0;0;4;0;1;5;6;0;0;0;0;1;1;3;8;8;1;1;2;2;2;3;15;1;1;2;26;14;5;18;40;16;4;36;5;4;3;11;4;4;0;1;1;1;2;11;7;3;1;10;1;0;0;2;6;0;0;6;1;2;2;10;23;12;6;11;3;2;4;9;4;0;0;2;2;0;2;4;21;12;3;4;1;4;3;9;25;11;0;7;14;12;14;50;114;23;22;38;13;2;14;26;20;2;2;2;12;1;9;16;15;2;0;6;1;2;2;5;10;2;2;4;9;4;5;12;14;2;3;2;5;0;1;4;4;0;0;0;1;1;2;4;6;10;1;0;1;2;2;3;11;2;1;3;31;13;5;15;36;14;4;34;6;3;3;18;2;3;0;1;1;1;1;15;5;2;1;7;1;0;1;1;7;0;0;3;1;4;2;13;28;13;5;11;3;2;2;9;6;1;0;1;2;0;2;4;17;15;2;5;6;2;2;10;33;12;1;7;14;12;8;53;120;20;21;40;10;1;14;36;19;4;2;1;13;2;8;18;16;8;1;5;1;1;2;6;10;2;2;1;4;3;7;10;15;2;0;2;4;1;1;2;6;0;0;0;0;1;1;3;8;8;1;1;1;2;2;3;13;1;2;2;31;10;5;22;33;15;2;28;7;5;2;15;5;1;0;1;2;2;1;11;5;2;1;8;2;0;0;2;6;1;0;5;1;3;3;9;24;14;5;17;3;3;4;8;6;1;0;0;2;2;1;5;21;11;3;2;6;3;3;9;28;10;0;12;20;9;11;45"
88,"99;8;12;26;13;3;14;54;18;3;2;3;11;5;15;61;4;1;3;1;2;0;3;4;9;1;0;2;16;8;10;15;12;1;0;2;4;0;0;2;3;0;0;0;2;0;0;3;8;4;5;1;1;0;1;4;15;6;2;3;15;4;6;14;20;21;1;17;2;0;4;22;1;1;1;1;1;1;2;3;4;2;1;7;1;0;0;1;3;1;1;1;1;4;4;6;25;9;1;10;2;3;0;13;0;0;0;1;2;1;2;8;124;16;1;1;2;0;2;7;32;14;2;9;23;8;6;21;91;12;8;21;17;4;15;56;24;2;2;3;10;3;13;63;4;0;4;2;3;0;4;4;11;1;0;0;16;4;5;16;13;3;1;2;2;1;1;2;1;0;0;0;2;0;0;5;13;4;1;2;1;0;0;2;14;3;0;2;15;5;6;18;22;9;2;21;2;0;5;22;1;2;0;0;1;0;3;3;5;3;2;7;0;0;2;0;2;2;0;0;1;3;3;3;31;8;1;7;2;2;0;9;0;1;0;0;3;1;2;7;124;18;3;7;1;1;1;7;38;10;4;9;28;9;4;23;88;16;16;24;15;0;13;53;18;4;2;1;17;5;12;69;4;2;1;3;2;0;3;4;12;2;0;1;11;4;11;14;9;3;1;2;1;2;1;2;1;0;0;1;1;0;1;2;9;4;3;1;1;0;2;3;17;6;0;2;16;1;6;16;24;10;3;18;2;0;4;22;2;1;1;1;1;2;4;5;9;0;2;6;0;0;0;1;4;1;0;0;0;0;4;8;24;7;1;4;4;1;0;11;1;0;0;1;5;0;2;5;121;18;5;6;2;3;2;8;36;6;3;6;26;11;6;23"
89,"148;19;15;19;16;5;21;20;14;3;3;5;10;4;7;8;13;9;2;7;3;0;1;4;6;1;1;6;9;5;6;15;14;3;1;5;1;0;1;3;4;1;0;0;1;0;0;2;18;8;2;2;2;0;3;1;18;4;2;3;12;3;2;12;44;17;8;13;1;2;5;11;3;1;0;0;3;3;1;6;5;2;1;4;2;1;0;4;6;1;0;3;1;2;2;14;30;6;2;12;6;1;1;6;4;1;2;0;4;2;2;9;40;23;5;12;5;2;2;8;31;13;4;12;18;14;11;37;140;20;16;22;11;7;14;21;16;2;1;4;7;4;7;11;11;11;2;5;3;0;2;4;10;2;0;5;8;3;4;11;16;4;1;4;1;0;0;3;4;3;0;0;1;1;0;1;20;4;0;5;4;0;2;1;24;4;2;3;13;4;4;13;52;17;8;14;3;2;5;11;3;1;0;1;2;3;2;10;8;1;1;2;2;2;0;5;4;3;1;2;2;0;1;11;32;13;2;12;5;2;3;6;5;1;0;1;3;1;2;5;41;24;2;10;6;2;1;8;34;9;4;11;14;10;15;35;137;21;18;23;13;4;15;19;15;6;0;4;9;3;5;10;18;9;3;6;1;0;4;4;14;2;1;6;10;5;4;13;14;4;1;6;3;0;0;2;5;0;0;0;2;2;1;1;16;5;2;3;2;1;3;1;22;4;1;2;14;2;6;11;51;12;4;20;1;3;8;8;1;1;0;1;3;4;4;11;4;3;1;3;2;1;0;4;3;2;0;2;6;1;3;10;37;10;6;14;3;4;2;5;4;2;0;1;1;2;2;6;29;22;5;8;4;5;3;10;23;9;3;13;17;9;14;36"
90,"149;21;19;29;25;7;6;24;19;5;4;4;15;1;9;17;23;4;3;9;4;3;1;6;14;6;4;2;9;1;4;13;18;3;1;2;3;0;1;2;4;1;1;0;4;3;1;2;10;8;2;2;3;1;1;2;21;5;4;1;13;1;7;19;26;6;7;9;5;0;7;13;6;0;0;3;7;4;4;9;2;2;2;5;1;2;0;2;5;2;1;3;5;2;6;8;20;5;2;1;7;3;4;5;7;0;1;0;4;3;0;6;26;9;5;2;5;2;4;11;25;11;2;10;19;9;15;41;136;19;16;24;25;5;9;31;23;1;5;3;19;1;10;11;22;5;2;9;3;1;0;7;12;6;3;2;5;2;6;14;23;2;0;2;1;1;1;2;4;0;0;0;4;2;2;4;15;5;2;2;3;2;0;2;22;5;3;0;15;3;7;20;31;10;5;9;3;1;9;13;6;1;0;1;6;2;3;12;4;3;2;5;3;1;0;3;9;1;0;2;5;2;3;6;24;5;6;3;6;1;4;5;3;1;1;0;3;3;0;4;28;9;2;5;7;1;4;11;29;14;2;8;18;8;9;48;137;21;18;33;20;5;14;21;22;4;4;4;18;4;6;25;19;1;2;9;6;3;1;9;14;4;1;2;6;2;8;14;17;3;2;2;3;0;2;3;3;0;0;0;4;2;0;3;16;7;2;1;4;1;1;2;16;5;4;0;13;1;6;17;24;6;5;5;3;2;5;19;5;1;2;2;8;2;4;8;4;3;3;2;1;0;0;1;8;4;1;2;4;1;4;11;21;5;3;3;5;3;3;4;6;1;1;2;4;3;0;3;24;12;5;4;5;4;2;10;24;11;4;6;19;14;20;46"
